,REGIAO,ESPÉCIE,FASE,ADITIVO,AREA,ABA_ESP,ABB_ESP,ABC_ESP,ABD_ESP,ABE_ESP,ABF_ESP,ABG_ESP,ABH_ESP,ABI_ESP,ABL_ESP,ABM_ESP
1,ASSIS,PS321832847,>5d,B,14.08,93.4230769230769,23.96,31.73,21.7382,181.36,28.23,31.25,25.2,132.243946949301,21.79063214198733,12.75
3,MINAS GERAIS,PS321832847,5d,I,21.36,78.2606837606838,27.3397,27.55,22.1641901068376,632.2,31.284342,34.460182,24.0,164.811414188499,22.125388790567,12.696
6,ARACATUBA,SCS14,4d,D,117.35,72.8562885619364,27.0159,25.02,21.13811943417181,6423.21,30.05,32.71,22.6,161.586712307002,21.10329212918629,
7,PARANÁ,SCS14,2d,E,23.22,108.9090909090909,28.0689,26.51,27.5722249090909,1099.32,31.83,33.57,25.0,170.385211714,27.3489668806476,12.487801
9,ARACATUBA,SCS14,1,D,23.52,59.1970486111111,28.6306,25.16,19.84915236631944,555.71,32.04,33.17,22.0,175.171690064709,19.70122218794121,
10,ARACATUBA,SCS14,1,C,110.38,83.8893880870096,26.6895,25.06,22.5601916630413,7084.478,29.67,32.23999999999999,22.1,158.401286224177,22.5246988818072,
11,PARANÁ,SCS14,4d,B,16.0,69.64099999999999,24.1023,24.99,18.975886743,242.564,26.54,28.96,25.0,133.898892413608,19.02637405761276,12.700461
15,S. J. RIO PRETO,SCS14,>5d,I,48.09,81.4646716541978,26.4,25.61,22.0029127182045,2518.98,29.49,32.707201,25.161669,156.299259240214,22.0237006630655,12.61
19,S. J. RIO PRETO,SCS14,2d,C,257.08,117.221764321854,27.1,23.9,27.8884864126,25799.75,29.8,32.65,26.41,162.749311605027,27.8621085373859,12.58
35,PARANÁ,SCS14,5d,I,43.44,65.88813613231551,26.6891,26.92,19.91568220461196,1706.243,30.26,32.36,26.0,157.636683608582,19.84808943215825,12.564633
36,PARANÁ,SCS14,3d,C,20.54,58.3853629976581,26.3204,25.37,18.64256952271663,408.131,29.32,31.48,23.0,154.401982869429,18.60536766698474,12.591387
37,SÃO CARLOS,SCS14,4d,C,38.48,69.7456570996979,28.333,27.02,21.43159817409366,1541.105,32.34,34.18,23.25,172.953938357793,21.29439093325505,12.5
38,MATO G. DO SUL,SCS14,1/½,C,22.300616,110.6212863386034,27.18,25.77,26.9707112662,1027.86,30.49,32.73,,162.577075398303,26.8501048688855,12.47
39,PIRACICABA,SCS14,5d,I,119.07,68.142467544597,27.17428,27.585667,20.51921522412627,6023.174,31.088093,34.03643599999999,25.008289,163.025191578077,20.47892691658873,12.6698342
40,PIRACICABA,SCS14,5d,B,19.94,95.2947103274559,25.89,28.62,23.5696352644836,673.36,29.8,33.27,25.0,151.284019410399,23.601622050033,12.77
41,PIRACICABA,SCS14,4d,A,40.66,61.7114445219819,27.97,25.15,19.9389176901605,1436.73,31.24,33.41,25.1,170.059363339509,19.85735927183179,12.56
42,ASSIS,SCS14,fr,E,141.43,96.9548404542996,25.25,23.7,23.2565163601947,11007.705,27.57,30.95,24.988262,146.027231567939,23.3862620743857,12.7
43,MATO G. DO SUL,SCS14,>5d,B,23.64,119.206872852234,26.27,24.14,27.2984207560137,1259.888,28.89,30.95,26.227185,153.956002201219,27.2186590785975,12.5
44,PIRACICABA,SCS14,2d,C,26.23,73.988756148981,28.32,24.44,22.1165650035137,894.1,31.42,34.06,28.0,173.966541430842,22.0401044410503,12.62
45,PIRACICABA,SCS14,2d,D,16.4,104.6793181818182,27.5,25.15,26.3652943181818,419.789,30.68,33.59,25.0,166.403352236844,26.3099974102978,12.67
46,ARACATUBA,SCS14,5d,D,113.63,74.25889009150839,26.9457,25.82,21.30502693640657,6339.371,30.22,32.5,23.8,160.397983279416,21.23909373079468,
47,RIB. PRETO,SCS14,5d,I,34.5,52.1204444444444,27.257098,25.8784,18.12121552692445,914.71,30.618788,33.25,22.03,163.716765992722,18.08694408130177,12.6357085
48,RIB. PRETO,SCS14,>5d,B,45.12,85.9969806763285,26.517254,24.6512,22.7423296371135,2462.78,29.338448,32.16,22.41,157.118681998172,22.738344307593,12.69105566
49,RIB. PRETO,SCS14,>5d,I,77.68,72.1569732034105,27.302315,25.4056,21.20540953405146,3963.11,30.519098,33.05,22.33,164.099069172823,21.1498196284932,12.62339884
50,GOIAS,SCS14,2d,C,391.07,105.9958213522568,26.64,25.83,25.7609882459704,35642.996,29.8539,33.43531,23.69,158.890659615871,25.8071081995686,12.78691345
51,MINAS GERAIS,SCS14,>5d,I,71.9,62.5338898163606,28.76,26.78,20.46947993322204,3038.98,32.78,35.69,24.3,178.091585671824,20.39325388976458,12.63
52,MATO G. DO SUL,SCS14,4d,B,112.36,91.9992028696692,25.27,24.61,22.6158942208051,8040.72,27.84,30.66,25.11,145.403104320283,22.672142005962,12.61
53,S. J. RIO PRETO,SCS14,3d,I,190.44,88.5762721362923,27.03,24.59,23.5094137020847,13676.27,29.93,32.59,25.07,161.77961232149,23.4695643535988,12.55
54,S. J. RIO PRETO,SCS14,1/½,C,29.94,99.5027870680045,26.88,26.39,25.0204147157191,1581.8,30.32,32.97,29.96,160.106715816508,24.9597504174333,12.52
55,S. J. RIO PRETO,SCS14,4d,I,238.08783,98.469360159722,27.6,25.02,25.4892201849166,19561.67,30.75,33.221498,25.7039795,166.899786676099,25.3940854427597,12.51
56,S. J. RIO PRETO,SCS14,4d,I,15.5,80.5685714285714,27.39,24.16,22.5527031428571,251.99,30.23,33.02,25.24,165.378536027803,22.5169471032321,12.56
57,RIB. PRETO,SCS14,4d,D,97.8,98.7595571095571,27.9866,24.97,25.8699033568765,7455.97,31.2,33.58,23.1,170.466075916356,25.7484465633925,
58,S. J. RIO PRETO,SCS14,5d,C,288.63,86.4043668437986,25.75,24.99,22.2306004410223,20594.48,28.52,31.83,24.2,150.401836314991,22.297701001036,12.78
59,S. J. RIO PRETO,SCS14,5d,D,15.21,59.5934579439252,26.9,26.63,19.09142523364486,164.775,30.43,34.26000000000001,28.0,161.438393823963,19.11228991166851,12.8
60,S. J. RIO PRETO,SCS14,4d,E,34.47,84.6252781486426,27.1,27.15,22.966417000445,1643.89,30.85,33.87,23.9,162.455916899587,22.9269028139415,12.68
61,GOIAS,SCS14,2d,D,58.73,73.6295741493687,27.99,24.47,21.85456890648406,2891.95,31.04,33.93,26.9,171.104831030885,21.80556298154069,12.66
62,ASSIS,SCS14,5d,B,197.79,84.4952903816137,26.3,25.57,22.3668265245708,13480.9,29.36,31.64,23.5,154.324426522529,22.3178506291473,12.61
63,GOIAS,SCS14,3d,C,232.45,102.8584259469267,26.14,25.81,24.8473814288954,20041.74,29.23,33.53,,154.91741893936,24.9852517252278,12.9
64,MINAS GERAIS,SCS14,2d,C,76.48934,117.459103783664,26.716666,25.896667,27.5200640704352,6812.988,29.96,32.7,22.833333,158.729703283167,27.4739830066858,12.6766667
65,MATO G. DO SUL,SCS14,1/½,I,603.81,133.01000321049,27.18,24.92,30.3693184873524,71626.93,30.22,32.75,29.5,163.005608197616,30.2731891327955,12.63
66,SÃO CARLOS,SCS14,3d,I,215.33224,92.1463653771778,25.68,24.12,22.9640227835979,16308.34,28.19,31.208874,25.25813,149.559996757379,23.0249337614003,12.63
67,SÃO CARLOS,SCS14,2d,I,88.62917,70.17314737977719,25.82,24.39,20.03952896788521,4469.76,28.43,31.310669,24.0596,150.670471311066,20.06689776480181,12.61
68,ARACATUBA,SCS14,3d,C,117.66,63.7245883021011,26.66,26.27,19.58282464508802,5477.22,30.02,32.27,23.7,157.60542036384,19.53138042287397,12.59
70,S. J. RIO PRETO,SCS14,5d,I,35.79,74.032324506095,26.583968,25.143372,21.04677435562505,1487.749,29.567873,33.078522,,158.408690063083,21.08207137250547,12.7834906
71,ARACATUBA,SCS14,1/½,I,45.18,106.0060277275467,27.14,25.14,26.2325125979506,3131.12,30.24,32.63,,162.443565344887,26.1426019752424,12.61
73,PARANÁ,SCS14,3d,B,55.53,54.7278658396508,25.95947,25.575199,17.9645836135263,1871.944,28.944477,31.471146,26.94023,151.397739162067,17.95616789726744,12.6560438
74,MINAS GERAIS,SCS14,5d,I,67.3,96.5895117540687,26.65,25.51,24.3923634719711,4689.8,29.76,33.12,23.2,158.813444816429,24.4188776159546,12.76
75,PARANÁ,SCS14,BIS,E,42.31,132.948597822501,25.967718,25.936357,28.8937590688011,3677.952,29.067192,31.53545,33.765156,151.357991981812,28.8551537255595,12.6445651
76,PARANÁ,SCS14,3d,E,50.18,49.2094028287061,26.5704,26.13,17.4215588297538,1432.655,29.86,32.41,24.0,157.110214222064,17.39946441554863,12.639407
77,RIB. PRETO,SCS14,3d,B,51.41,70.2319208322761,26.783521,25.1632,20.60872824494291,2306.92,29.815279,32.58,21.31,159.489755111746,20.58861174323896,12.6717867
78,S. J. RIO PRETO,SCS14,1/½,C,13.12,121.904464285714,26.85,25.26,28.3208129464286,135.093,29.92,33.14,30.0,160.588809526602,28.3305735098732,12.73
80,MINAS GERAIS,SCS14,3d,C,428.98,92.7548563480263,27.13,24.26,24.2182097654564,33685.16,29.95,33.31,24.3,163.525278024383,24.2364020599538,12.75
81,PARANÁ,SCS14,3d,A,248.42,111.6447001099738,24.923838,24.197059,24.8779196177988,23570.0,27.313634,29.884632,24.894703,141.914119990367,24.9452535264913,12.70444953
82,S. J. RIO PRETO,SCS14,4d,D,40.56,83.7300070028011,25.94,26.45,21.99916297619048,2060.609,29.18,32.72,25.0,152.180290188975,22.0551331969099,12.8
83,GOIAS,SCS14,4d,I,587.98,107.4665960623633,24.98,25.65,24.3915641688948,54998.85,27.78,32.37,24.9,144.425058543809,24.6421695725366,12.98
84,GOIAS,SCS14,3d,C,36.05,69.1975051975052,29.7,28.58,22.1239584199584,1387.6,34.67,39.56,26.9,188.33458779226,22.0858985017477,12.81
85,GOIAS,SCS14,3d,C,490.36,79.666213730245,27.91,24.6,22.765694604482,32380.81,30.99,34.18,26.0,170.639447807267,22.7345307813746,12.71
86,GOIAS,SCS14,3d,B,29.01,78.7695473251029,28.53,24.62,23.0370061728395,1147.75,31.73,34.72,26.8,176.287836212137,22.969424454905,12.67
87,ASSIS,SCS14,3d,E,18.973189,77.7944306399841,26.41,24.64,21.48097745522171,470.797,29.21,31.81,27.263686,155.857735659179,21.46503781085304,12.55
88,ASSIS,SCS14,3d,C,17.4114914,79.9042010489012,26.52,24.65,21.85968999230046,379.463,29.34,31.92,26.428573,156.870898515557,21.83734261893532,12.55
89,PIRACICABA,SCS14,1/½,D,44.16,125.374844527363,27.563535,25.078233,29.6451336092118,3658.135,30.724604,33.553907,28.106976,166.929966721301,29.565160889657,12.65786046
90,MINAS GERAIS,SCS14,4d,B,43.23,70.5334614153058,27.01,24.58,20.7858725584374,1840.0,29.9,32.19,26.5,161.173032485539,20.73161394119647,12.61
91,RIB. PRETO,SCS14,2d,A,14.47,113.400809716599,27.632299,24.6176,27.8512777633198,262.46,30.659245,33.16,24.88,167.2889233096,27.7464225636123,12.6163682
92,PIRACICABA,SCS14,>5d,B,55.32,85.7647968605725,28.10301,25.32248,23.8783526149377,3207.491,31.46098,34.17737,25.0,171.876413978872,23.7932511999483,12.63406
94,PARANÁ,SCS14,2d,E,214.76,56.8094989149734,27.061652,25.3734255,18.74905078951707,9097.574,30.21798,32.322914,26.038065,161.351517009746,18.69236663939784,12.56615216
95,PARANÁ,SCS14,4d,D,82.4,50.2690767045455,27.6252,26.18,17.97961977323864,2706.143,31.17,32.7,25.0,165.960106464906,17.89191112374546,12.464477
98,ARACATUBA,SCS14,>5d,I,150.03,66.4861986524669,26.74,25.67,20.03126568137362,7532.73,29.92,32.86,,159.195693011127,20.02013377019177,12.7
99,RIB. PRETO,SCS14,4d,B,92.8,78.4904455445545,26.57,25.07,21.68765791584158,5384.428,29.53,32.48999999999999,24.06,157.705549862481,21.68802692867065,12.7
100,S. J. RIO PRETO,SCS14,3d,I,239.92,102.9095472095472,26.91893,25.495775,25.5627317115093,20732.104,30.079466,33.394165,24.776394,161.29748848596,25.5725670777812,12.74233824
101,S. J. RIO PRETO,SCS14,3d,D,43.47,98.5070861137591,26.90455,25.454097,24.8934919033683,2734.378,30.053644,33.423178,24.590938,161.22398024475,24.9089317092705,12.7545437
102,S. J. RIO PRETO,SCS14,3d,C,42.2,99.5898013245033,26.62,24.76,24.8056289536424,2657.212,29.5,33.02,26.0,158.819556644389,24.8598957970337,12.79
103,PIRACICABA,SCS14,>5d,I,49.92182,82.0485894400638,26.814,25.322,22.3769980396511,2668.37,29.9024,32.44,23.69,159.504440433993,22.3324779885471,12.63683105
106,RIB. PRETO,SCS14,2d,D,22.43,79.4237775647172,27.7811,25.41,22.6402137612656,715.23,31.1,33.95,23.7,168.959306706143,22.5827893820672,
107,RIB. PRETO,SCS14,2d,B,17.53,65.9222423146474,28.2014,25.21,20.73615816636528,310.19,31.54,33.91,23.7,172.461002501319,20.65241705892734,
109,S. J. RIO PRETO,SCS14,1/½,C,25.79,135.565989847716,27.69,25.33,31.3875038071066,1715.975,30.96,34.21,29.0,168.517048290047,31.3401840000024,12.71
111,SÃO CARLOS,SCS14,1/½,I,34.32751,104.8795911411528,27.0,23.84,25.9319386711729,2085.77,29.66,32.676142,28.086292,162.001175533466,25.9320478542406,12.6
114,PIRACICABA,SCS14,5d,C,13.31,65.5129770992366,25.561,26.86,19.25689482442748,82.102,28.84,31.87,24.8,148.022939333844,19.27899243754284,12.73
115,S. J. RIO PRETO,SCS14,2d,I,53.69,98.5656752218758,27.95,24.4,25.8072251978892,3620.923,30.97,34.35,24.0,171.239060534765,25.7846367968891,12.73
117,RIB. PRETO,SCS14,1/½,B,76.72,157.010692212608,27.8012,24.875,34.9134294978986,9397.092,30.9479,34.07,32.4,169.503891478608,34.8397483294924,
119,RIB. PRETO,BULL24825336,2d,I,24.82134,104.3600809275786,26.12,24.73,25.0412434269741,1196.18,28.89,31.707006,23.47,153.363583635441,25.0563520247818,12.59
121,S. J. RIO PRETO,PS321841431,3d,I,42.06,96.5302727877578,27.84,24.84,25.3895952095808,2552.98,30.98,33.64913,25.208777,169.404871100379,25.3054766922369,12.53
122,S. J. RIO PRETO,PS321841431,3d,I,17.91,70.7952622673435,26.48,24.74,20.51355397631134,359.48,29.32,32.2,24.16,156.820311586336,20.51474820135705,12.59
123,MINAS GERAIS,PS321801842,>5d,D,49.298336,81.6568608315395,27.84,26.06,23.0336467557159,2610.085,31.39,33.67,24.0,168.83876999616,22.9248963746124,12.58
126,RIB. PRETO,SCS115,>5d,A,34.43,72.0976370931788,25.996895,24.9616,20.41180316141329,1359.99,28.807878,31.48,22.45,152.00535878042,20.41399124308598,12.681502
128,RIB. PRETO,SCS115,>5d,I,52.65,65.7539975399754,27.7974,25.5,20.49173400738008,2197.1,31.15,33.0,23.4,168.027670749341,20.38711102962815,
129,S. J. RIO PRETO,BULL24855536,5d,I,39.07,72.36645733284081,28.36,24.87,21.87595241965275,1646.12,31.61,33.977835,25.66765,174.003625218356,21.77958492950941,12.48
130,MATO G. DO SUL,BULL24855536,>5d,C,205.88036,72.31893070551351,25.65,25.18,20.23353404130259,11706.656,28.45,31.06,27.1450405,148.638216047733,20.2418710855082,12.57
131,RIB. PRETO,BULL24855536,>5d,I,61.99693,78.5988891717952,27.19,24.95,22.1163712651957,3341.74,30.24,32.778446,24.15615,163.105669027533,22.0634697047946,12.52
132,MATO G. DO SUL,BULL24855536,5d,A,32.854198,112.492812046764,27.71,24.57,27.7874207725466,2107.697,30.74,32.54,25.393269,167.237326220049,27.6002354464736,12.43
137,GOIAS,BULL24845210,>5d,B,39.76000000000001,110.0512247838617,28.9,25.01,28.5706569884726,2733.902,32.31,34.78,24.09234,179.211895725571,28.3953311743236,12.49
138,MINAS GERAIS,PS321813250,>5d,B,16.570191,71.20999800664791,27.81,25.94,21.36110068485103,282.601,31.32,33.56,24.0,168.52502583254,21.26784646753522,12.57
139,S. J. RIO PRETO,PS321813250,4d,I,20.51,40.3948296122209,26.84,24.07,16.21379271445358,253.64,29.54,32.59,24.19,160.497981155916,16.21657487268102,12.61
140,RIB. PRETO,PS321813250,>5d,I,15.47,71.96253602305481,26.16,26.27,20.49069510086455,220.07,29.4,32.45,,153.763801638552,20.50051706251687,12.59
141,RIB. PRETO,BULL24867515,fr,E,161.34,96.9799116110888,28.1632,24.13,25.7354730735235,12702.9,31.13,33.69,25.5,172.438461714562,25.6340462955225,
143,RIB. PRETO,BULL24867515,>5d,B,34.71,105.0277410832233,28.0392,26.1,26.9209054478203,2124.66,31.65,34.08,24.0,170.878343625242,26.7800934145004,
144,PARANÁ,BULL24867515,2d,B,32.62,57.516731328807,27.3119,25.77,18.9694763843356,950.555,30.65,32.83,28.0,163.759895412064,18.90761438595876,12.570121
147,PARANÁ,BULL24867515,>5d,B,31.46,33.8699897225077,26.1687,26.91,15.09869323381295,437.59,29.61,31.72,27.0,152.722473471622,15.07759904855023,12.57801
149,PIRACICABA,BULL24867515,2d,E,84.7,71.0844566712517,27.953,26.186,21.42574337276479,4307.44,31.578,33.977,26.315,170.0185275727,21.33643884562418,12.587
150,MATO G. DO SUL,BULL24867515,4d,E,81.74,36.9476627473473,26.9,27.0,15.71720174935475,1751.85,30.55,33.43,24.79,160.449840248083,15.70347654940677,12.54
151,MATO G. DO SUL,BULL24867515,4d,D,31.58,39.2814096016343,26.93,27.02,16.073114453524,546.17,30.59,33.53,24.74,160.791527102555,16.05924259613747,12.55
152,MATO G. DO SUL,BULL24867515,5d,E,285.41,46.2126842471014,27.18,25.86,17.19348546871,9366.09,30.52,32.98999999999999,24.61,162.817606811398,17.15987516074187,12.5
153,SÃO CARLOS,BULL24867515,>5d,C,30.28,41.147647702407,26.56,27.23,16.24389750547046,544.819,30.2,32.66,23.29,156.770182243954,16.21971026986004,12.62
154,SÃO CARLOS,BULL24867515,>5d,B,116.54,52.1964893820547,25.775,26.656,17.53706641237804,4214.141,29.053,31.641,21.925,149.578050586257,17.53015464959427,12.668
158,MATO G. DO SUL,BULL24867515,>5d,D,49.57,86.2239819004525,27.55,25.99,23.5418291855204,2800.595,31.01,33.13,25.499976,165.925558023701,23.4249678327683,12.46
159,MATO G. DO SUL,BULL24867515,>5d,D,234.6,44.5643306379155,27.25,25.77,16.96606042228212,7260.82,30.57,32.83,26.100722,163.262661071693,16.92576730830956,12.48
160,GOIAS,BULL24867515,2d,C,58.9,118.020469083156,28.51,24.81,29.503979445629,4984.36,31.77,34.03,27.946895,175.318057294726,29.3150570441366,12.47
161,PARANÁ,BULL24867515,>5d,D,23.32,39.3833038869258,26.6891,26.92,16.02236089125442,321.979,30.26,32.36,26.0,157.636683608582,15.98801356433787,12.564633
162,ARACATUBA,BULL24867515,>5d,E,23.27,46.061934338953,27.6365,24.88,17.32609436291038,395.878,30.75,33.15,24.5,167.184562763056,17.28588638725434,
163,MATO GROSSO,BULL24867515,fr,E,13.765838,87.3653506154019,28.06,26.27,24.1036753088335,145.083,31.73,34.18,23.953443,171.075827529532,23.9888055161984,12.48
164,PARANÁ,BULL24867515,2d,E,138.03,68.43746726969769,25.893625,25.347745,19.84121006194954,7124.814,28.798576,31.3729,24.034544,150.864306242894,19.8371497385126,12.66680276
165,MATO G. DO SUL,BULL24867515,fr,E,64.99000000000001,77.565578411021,26.15,24.68,21.27752934515947,3486.32,28.91,31.53,24.873752,153.426303069977,21.27269736331542,12.56
166,GOIAS,BULL24867515,>5d,D,224.7,42.5957686882934,27.98,26.07,16.88920383638928,6519.72,31.57,33.98999999999999,26.556634,170.310375200599,16.84362762059448,12.48
167,GOIAS,BULL24867515,3d,E,367.4351,73.9806259989517,28.54,25.9,22.2515955402266,22042.09,32.19,34.32,28.828657,175.341452240628,22.124005461452,12.44
168,MINAS GERAIS,BULL24867515,5d,B,76.21332,68.4975304189224,26.782857,26.442857,20.3519491303608,3639.894,30.222857,33.035715,24.428572,159.353659260321,20.32511784639953,12.68
169,MATO G. DO SUL,BULL24867515,5d,E,485.63,53.9315647235184,28.14,26.96,18.76775454637586,19872.047,32.08,34.05,23.273816,171.260021891644,18.67802191581841,12.42
170,MATO G. DO SUL,BULL24867515,4d,D,54.15,30.3691814946619,26.73,26.9,14.7057804341637,786.261,30.31,32.63,,158.267337179783,14.68681126339634,12.49
171,MATO G. DO SUL,BULL24867515,4d,B,50.04,28.957229232387,26.81,27.04,14.51136564931651,657.053,30.45,32.8,,159.04008294562,14.49339239285808,12.49
172,PARANÁ,BULL24867515,1/½,E,13.35,71.0022222222222,26.8774,25.2,20.77799660888889,91.653,29.94,32.42,30.0,160.055168204924,20.73558393557544,12.627402
173,MATO G. DO SUL,BULL24867515,5d,I,398.24,74.9400113918807,25.79,25.46,20.67942757094035,24321.95,28.71,31.12,23.1,149.679159244491,20.66552785127282,12.65
174,MINAS GERAIS,BULL24867515,4d,C,389.91,84.0085734698738,29.01,25.66,24.2486583472255,27224.76,32.68,36.26000000000001,27.5,181.231472682625,24.1861169340817,12.72
175,PARANÁ,BULL24867515,5d,E,480.61,40.9911632274173,27.341827,25.778245,16.44777410763797,13597.549,30.692926,32.992256,26.43121,164.173128513031,16.41167600754801,12.58712
176,PARANÁ,BULL24867515,3d,E,217.95,59.924457392571,27.094267,25.542819,19.23384555713591,9882.042,30.310053,32.493591,26.711911,161.729823319682,19.17572053808128,12.57681894
177,RIB. PRETO,BULL24867515,5d,I,26.87299,83.1860896833791,26.91,24.4,22.6138459717918,1070.75,29.73,32.565134,24.19,160.869341053047,22.5974262633077,12.58
178,PARANÁ,BULL24867515,5d,I,25.07,49.9716908951798,27.3508,26.26,17.82895832593726,508.29,30.86,32.73,26.0,163.728528264246,17.76138877523049,12.520386
179,MATO G. DO SUL,BULL24867515,3d,D,25.57,33.52026529108331,26.73,27.12,15.16993507737657,304.03,30.38,33.12,24.86,158.684758928185,15.15669492629313,12.53
180,MATO GROSSO,BULL24867515,5d,E,86.39308,70.7864489546608,28.64,26.29,21.78206510605556,4385.305,32.46,34.42,26.059291,176.072409714288,21.64523433853717,12.41
181,MATO G. DO SUL,BULL24867515,>5d,E,144.7,44.8267897513188,26.78,26.18,16.85179952524491,4368.115,30.13,32.17,26.92694,158.515982580434,16.80964935537578,12.45
182,MATO G. DO SUL,BULL24867515,>5d,D,66.02000000000001,46.7429285449833,26.77,26.17,17.13153054609404,1888.813,30.12,32.16,27.02636,158.421686964937,17.08711820765872,12.45
183,MATO GROSSO,BULL24867515,4d,I,160.86,46.9264207980653,28.17,26.77,17.64760224304716,5211.147,32.05,34.01000000000001,26.791413,171.554490861806,17.5726672880605,12.42
184,MATO G. DO SUL,BULL24867515,>5d,D,248.04414,48.3623430770194,28.92,26.66,18.15250844863168,8595.118,32.94,34.93,24.299101,178.728222133865,18.0626288138531,12.41
185,MATO G. DO SUL,BULL24867515,>5d,C,87.79,50.7752078110569,28.98,26.47,18.58403028631746,2950.773,32.94,35.02,24.301245,179.409706903449,18.49134617476937,12.42
186,GOIAS,BULL24867515,3d,E,207.68056,74.3621273365121,28.78,25.94,22.4643649670667,12215.056,32.5,34.7,24.580805,177.68836699735,22.3326790408675,12.44
187,GOIAS,BULL24867515,2d,E,178.2895,58.8578352812415,28.94,25.9,19.9377172966423,7803.966,32.68,34.86,25.523788,179.192369079892,19.83427249062612,12.44
188,PARANÁ,BULL24867515,4d,C,232.24,46.2178577915002,26.170476,25.729165,16.84883332605866,7548.141,29.252659,31.46552,24.313431,153.001938583287,16.82478428276875,12.6013971
189,ASSIS,BULL24867515,3d,E,129.82,75.5579188592769,26.59,24.45,21.27310036156849,7500.394,29.36,31.96,25.644541,157.582219568029,21.25290289865824,12.55
190,S. J. RIO PRETO,BULL24867515,3d,D,29.67,73.6276174306735,27.7,26.39,21.67553593661573,1100.96,31.33,34.44,,168.316088191724,21.63338808133895,12.68
191,PARANÁ,BULL24867515,5d,B,17.44,20.11066176470588,26.497,28.29,13.17580263602941,56.122,30.47,32.51000000000001,25.0,155.594790574237,13.16464877752142,12.552285
192,ASSIS,BULL24867515,2d,E,198.03,85.6998763640273,26.61,24.61,22.7675519367844,13722.388,29.44,31.97,23.252098,157.666878320195,22.7356309225322,12.54
193,RIB. PRETO,BULL24867515,4d,C,25.32,52.3325825825826,25.9671,25.26,17.63329214189189,549.23,28.86,31.92,22.3,152.118780087455,17.651352269248,
194,PARANÁ,BULL24867515,1/½,E,263.08,74.5343316871117,27.319521,24.847917,21.57996007501673,15713.12,30.35955,32.679102,28.261217,164.099908900123,21.51146615273976,12.595874
196,MATO G. DO SUL,BULL24867515,1,I,183.3,92.01,25.08,26.27,22.465308,13717.713,28.07,30.48,24.5,142.883225568887,22.4719668777666,12.66
201,PARANÁ,BULL24867515,3d,E,185.6,47.2075633640553,26.753997,25.607516,17.19452284250582,6124.033,29.92037,31.992983,25.237927,158.373099119805,17.15344016205368,12.5666555
202,PARANÁ,BULL24867515,3d,E,175.72,34.9565783044222,26.607198,26.365465,15.35331284695199,3770.451,29.97571,32.199286,25.729915,157.06595455601,15.33021794507078,12.58966964
203,MATO G. DO SUL,BULL24867515,>5d,B,48.6,93.7226775956284,26.19,24.94,23.5964479508197,3003.05,29.03,31.41,24.46,153.486673114963,23.5626697710522,12.53
204,PARANÁ,BULL24867515,>5d,B,81.58,31.2483472262144,27.2679,27.01,14.93881840615119,1351.3,31.01,32.68,23.0,162.64043472308,14.89957939385773,12.488144
205,PARANÁ,BULL24867515,4d,D,326.81,52.3307391760109,26.911346,26.284773,18.01385606289254,12708.52,30.329315,32.316957,25.118531,159.688857204964,17.95640077913653,12.54649985
206,PARANÁ,BULL24867515,4d,C,69.17,39.2542242434843,26.7752,26.99,16.0268661404233,1570.124,30.39,32.68,29.0,158.652201091545,15.99689197434954,12.590701
207,PARANÁ,BULL24867515,5d,D,91.33,32.4212151771083,26.9282,29.38,15.04851984406908,1632.015,31.4,33.76000000000001,29.0,159.887303009579,15.02003843672083,12.583155
208,ASSIS,BULL24867515,2d,I,12.51,111.6078431372549,27.92,23.87,27.857568627451,62.8,30.75,33.25,26.07,170.107454513081,27.7487425279696,12.52
209,SÃO CARLOS,BULL24867515,3d,D,15.38,35.9147928994083,27.136,27.11,15.61974305325444,92.832,30.88,32.9,24.22,161.763603435307,15.58156556002448,12.54
210,SÃO CARLOS,BULL24867515,3d,A,15.68,84.9491847826087,27.177,26.84,23.0714977744565,280.453,30.84,33.45,25.48,162.810492129189,23.0015024574884,12.63
215,ARACATUBA,BULL24867515,3d,C,121.89,91.6521066521067,27.02,25.95,23.9637464191464,8764.97,30.35,32.46,24.2,160.895583534247,23.8598468996975,12.57
216,SÃO CARLOS,BULL24867515,4d,B,12.85,62.7529411764706,28.589,26.56,20.41940541176471,55.14,32.48999999999999,34.61,24.7,175.724161570363,20.30948274134761,12.53
217,SÃO CARLOS,BULL24867515,5d,A,25.9,24.741654676259,26.207,27.33,13.81020687985612,189.109,29.79,32.33,21.19,153.509183139794,13.80306114508674,12.64
221,PIRACICABA,BULL24867515,1/½,C,20.97,149.518394648829,26.62,25.37,32.1051892976589,1245.54,29.68,32.7,30.0,158.19611198786,32.1046546244711,12.71
224,GOIAS,BULL24867515,3d,E,80.83319,60.8533365953256,28.9,24.91,20.25621388461003,3374.731,32.28,34.44,26.466694,178.901263472465,20.15368360260545,12.45
228,PIRACICABA,BULL24867515,4d,I,38.05938,47.7322392167427,26.2236,26.2736,17.08241077723261,943.16,29.4805,32.46,22.41,154.286166358118,17.08420333354153,12.7104972
233,RIB. PRETO,SCS12,>5d,A,21.43,78.5683987274655,26.456128,25.192,21.62321292759279,639.74,29.429546,32.03,22.65,156.216406210563,21.60025523166689,12.6563097
237,GOIAS,SCS12,1,I,39.61,108.1760231800073,27.11,25.89,26.5321971024991,2667.42,30.45,33.219427,31.70456,162.471070065327,26.4717091225233,12.54
238,MINAS GERAIS,SCS12,>5d,I,44.73,61.2682554231592,28.58,26.61,20.16867674915979,1624.55,32.5,35.14,24.3,176.149939768789,20.08738116022488,12.6
239,SÃO CARLOS,SCS12,>5d,I,130.32,62.0774171737661,25.28,24.66,18.65028100067613,5937.16,27.86,30.93,21.92,145.78489791173,18.6996021442754,12.64
242,MINAS GERAIS,SCS12,5d,I,52.8,90.6223039215686,28.07,24.87,24.6346042401961,3219.79,31.27,33.42,25.1,171.017691288587,24.5023372533975,12.56
243,PIRACICABA,SCS12,5d,I,142.7546,67.486460896978,26.1139,24.4661,19.83130360453858,7267.11,28.803,31.41,23.96,153.102010765514,19.82925120282566,12.67169017
244,PIRACICABA,SCS12,1/½,I,13.23,121.69674796748,27.043257,29.978563,28.5019637173902,146.927,31.770184,34.739372,30.221712,161.479033371869,28.3973638502164,12.6544801
246,MATO GROSSO,SCS117,>5d,E,249.35,30.5133347377291,28.0,26.8,14.96213355803666,4406.14,31.85,34.15,24.730531,170.289209710176,14.93046112473508,12.46
247,GOIAS,SCS117,>5d,E,34.510447,52.7029678264497,27.01,24.97,18.10951547075009,928.242,30.03,33.07,26.486966,161.948172773603,18.10333565203889,12.59
248,GOIAS,SCS117,>5d,E,15.4395528,52.7029658041592,27.23,25.03,18.19906169197345,152.0,30.31,33.04,26.4,163.682231191646,18.17391666929214,12.55
249,RIB. PRETO,SCS19,>5d,I,33.31,71.6508681370249,27.19227,26.2768,21.06232094472079,1283.16,30.670792,33.29,20.89,163.038556389822,21.00958101081584,12.6329768
250,ASSIS,SCS122,4d,A,226.12,108.8877732112834,25.97,25.82,25.5352219176163,20757.61,29.03,30.99,25.7,150.794287863311,25.447469485522,12.57
254,SÃO CARLOS,PT35963346,5d,I,28.64,81.6742788461538,25.54,25.05,21.43389735576923,1171.38,28.28,31.3,24.42,148.100444572843,21.48270032625376,12.62
255,PIRACICABA,SCS114,>5d,B,35.81,40.4111717765645,26.54,27.11,16.13098437631247,688.47,30.14,32.75,22.6,156.756183817777,16.1126928041668,12.64
256,RIB. PRETO,PS321801816,5d,A,39.33,74.534211489206,26.794564,25.152,21.25166394066594,1721.06,29.825087,32.61,22.31,159.617545209915,21.23114679167424,12.6744765
257,RIB. PRETO,PS321801816,>5d,C,187.2,64.72734018264839,26.3665,25.71,19.57507332734018,9249.83,29.48,32.05,22.7,155.265469941247,19.5540071700191,
258,MATO G. DO SUL,PS321801816,4d,D,118.36,89.3830387363671,27.93,24.69,24.3271180707033,8242.46,31.04,32.86,22.998761,169.337946290058,24.175288392464,12.43
259,MATO GROSSO,PS321801816,2d,B,156.40552,119.059986349552,27.4,24.5,28.4872378978311,15472.053,30.35,32.43,25.023545,164.629850007394,28.3405496583258,12.47
260,RIB. PRETO,PS321801816,3d,A,46.08,74.55223004694841,27.899233,25.4272,21.94532480186033,2143.78,31.248802,33.94,23.67,169.909518738182,21.87759254271363,12.6317296
261,MATO G. DO SUL,PS321801816,5d,B,51.6,65.8574242424242,27.01,26.1,20.08399937878788,2144.754,30.39,32.58,25.1715765,160.87224455656,20.01787563300459,12.47
262,MINAS GERAIS,PS321801816,>5d,D,12.19342422,69.94000358383249,27.63,26.22,21.05602256015301,23.207,31.19,33.59,26.0,166.956095516827,20.97815672958165,12.6
263,MINAS GERAIS,PS321801816,>5d,A,370.22794,94.6649060372008,27.192,25.568,24.5584525251715,29624.879,30.442,32.822,24.6,162.869754140427,24.471634049874,12.61
264,RIB. PRETO,PS321801816,3d,C,16.11,61.4063260340633,26.0838,25.69,18.9582881459854,215.06,29.13,33.3,23.0,154.288532979047,19.02995365127137,
265,RIB. PRETO,PS321801816,>5d,I,13.93,82.2487046632124,27.4,23.81,22.8183005181347,147.58,30.13,32.756096,24.85,165.34062196649,22.7719800653973,12.55
266,RIB. PRETO,PS321801816,2d,B,211.79,104.7338205115371,26.7507,24.79,25.6788876621953,18539.29,29.66,32.04,23.7,158.798703973732,25.6132046656263,
267,RIB. PRETO,PS321801816,4d,B,36.47,93.5157335512873,27.8665,25.4,24.933693863915,2006.69,31.2,33.33,23.6,169.005139037444,24.7983890799591,
268,RIB. PRETO,PS321801816,1,B,87.93,91.6300539971026,27.462,24.97,24.312398949032,6058.31,30.57,33.29,22.4,165.869919716938,24.2526700155896,
269,SÃO CARLOS,BULL24855156,>5d,E,53.33,42.5573433341399,27.375,26.94,16.698191537624,1274.935,31.12,33.33,23.29,164.253289329532,16.65245603579465,12.57
272,RIB. PRETO,BULL24855156,4d,B,30.57,62.4081852450189,28.6355,24.8,20.38565365643511,948.08,31.92,34.44,23.9,176.782124858193,20.30636787491963,
273,RIB. PRETO,BULL24855156,>5d,A,36.51000000000001,78.2921256629947,27.412813,24.836,22.2174813621624,1636.82,30.467545,32.94,21.01,165.154062843192,22.1529083797991,12.6159916
274,GOIAS,BULL24855156,3d,D,25.006256,99.3581144335465,28.18,25.2,26.1345429153478,1148.202,31.51,34.26000000000001,25.33551,172.655697305416,26.0345787896077,12.53
275,MATO G. DO SUL,BULL24855156,5d,C,44.84,69.7749390986602,28.44,26.28,21.49819998781973,1909.329,32.21,33.98,23.199885,173.970714621627,21.35784817303095,12.39
276,MATO GROSSO,BULL24855156,1/½,I,55.55,71.9569919632606,28.03,25.51,21.61110581171068,2623.127,31.44,33.94,22.882211,170.93648680691,21.52935366215078,12.5
277,S. J. RIO PRETO,BULL24855156,4d,C,28.27,87.6513214505224,27.53,25.45,23.7486502212661,1242.847,30.81,34.1,26.0,167.03039812784,23.7282544833717,12.72
278,PARANÁ,BULL24855156,>5d,E,89.49,39.871880242612,26.8486,26.62,16.13858400970448,2171.792,30.36,32.45,26.0,159.171259778878,16.10193972771121,12.561546
280,RIB. PRETO,BULL24855156,5d,E,24.04,70.7998338870432,29.4653,24.46,22.2695673878738,719.95,32.79,34.98,23.8,184.353331864589,22.1343472835163,
281,RIB. PRETO,BULL24855156,5d,I,79.68,53.92981678487,25.7947,25.39,17.78409243602246,2849.81,28.69,31.34,26.0,150.015120984057,17.78694873640317,
282,RIB. PRETO,BULL24855156,>5d,I,30.45,40.479674796748,26.2465,25.5,16.0573568699187,537.45,29.27,31.86,26.0,154.185625488539,16.04940037468579,
286,RIB. PRETO,BULL24855156,4d,D,16.88,85.7950819672131,28.41,24.55,24.1097729508197,372.12,31.56,34.19,24.4,174.793917296998,24.0133904706957,12.62
287,PIRACICABA,BULL24855156,2d,E,40.96,43.9630524861878,26.5,25.98,16.63464261049724,937.65,29.73,33.31,22.3,157.550193776545,16.65222848305452,12.79
289,MATO G. DO SUL,BULL24855156,4d,A,102.15516,67.3124191671336,26.8158,26.3264,20.19497739896419,4998.7,30.2241,32.38,24.55,158.968524930308,20.12918465532055,12.5738425
290,PARANÁ,BULL24855156,fr,E,23.43,73.0503937007874,26.6121,25.65,20.92074457795276,709.806,29.76,31.99,25.0,157.206912549435,20.86493917921881,12.593788
291,S. J. RIO PRETO,BULL24855453,>5d,C,33.82,58.9431714023831,28.39,25.58,19.6939857928506,1036.3,31.9,34.08,28.09,174.004903100758,19.60502393428537,12.45
292,S. J. RIO PRETO,BULL24855453,>5d,D,42.33,60.646884272997,27.72,25.65,19.64729020771513,1487.46,31.11,33.72,26.78,168.100086286803,19.59378283259894,12.51
293,RIB. PRETO,BULL24855453,>5d,I,17.27,71.94307400379509,24.92,24.53,19.74464516129032,327.9,27.4,30.01,24.98,141.876425541711,19.78519218759516,12.59
294,MATO G. DO SUL,BULL24855453,>5d,C,52.929012,61.2681572670261,26.51,25.16,19.14880961944549,2028.497,29.48,31.86,29.24527,156.47790936431,19.11816036017196,12.52
295,MATO G. DO SUL,BULL24855453,>5d,A,26.152777,59.1915864992432,26.41,25.02,18.80030761454095,679.892,29.32,31.81,29.278542,155.679223449625,18.78045050156708,12.53
296,ASSIS,BULL24855453,3d,C,17.14,91.7756809338521,25.22,23.96,22.5463450194553,422.047,27.6,31.1,22.879484,145.839343078688,22.6771247298418,12.72
297,RIB. PRETO,BULL24855453,4d,I,14.47677,73.10377628928,28.57,25.11,22.1248957311337,163.34,31.95,34.261063,25.11,175.905474709933,22.015243459264,12.47
298,S. J. RIO PRETO,BULL24855453,2d,I,50.03,81.1408887720221,26.79,25.77,22.2259374493821,2641.428,30.01,33.44,27.0,160.158720733258,22.2438256308232,12.76
299,RIB. PRETO,BULL24855453,3d,B,46.76,85.3736191024166,26.2,24.57,22.4190539125432,2562.467,28.94,31.89,24.8,154.290457239115,22.4403658113715,12.72
300,MATO G. DO SUL,BULL24855453,4d,C,53.36,96.7567214700193,28.81,24.64,26.2476048791103,3517.538,32.07,33.84,26.702879,177.654094981353,26.0402979887026,12.41
301,ASSIS,BULL24855453,2d,E,30.26,81.2304490690033,26.72,24.84,22.1907221029573,1276.148,29.64,32.03,24.914258,158.513515580716,22.1431964783314,12.52
302,SÃO CARLOS,PS321803280,5d,A,32.47,62.9437713727406,26.389,26.814,19.33029926282365,1054.819,29.854,32.32,22.712,155.214841967037,19.29590416635191,12.63
305,RIB. PRETO,PS321803280,5d,B,29.7,66.6197740112994,28.541382,25.7432,21.03486546674576,978.77,32.137953,34.56,23.8,175.673492510608,20.93980917256954,12.5792457
306,SÃO CARLOS,PS321803280,3d,C,79.07,68.9056060831967,27.775,26.812,20.97685935962427,3828.659,31.57,33.733,23.553,168.012145861761,20.87796571660362,12.553
308,RIB. PRETO,PS321803280,2d,B,228.09,101.6046739784349,27.533,24.544,25.9182940090703,19374.674,30.5168,33.84,24.71,167.233121895565,25.9096132781068,
309,MATO G. DO SUL,PS321803280,>5d,B,13.6650273,62.6466170254386,27.11,25.78,19.65270383254377,96.328,30.41,32.79,25.499668,162.067544356547,19.60041344697404,12.49
311,RIB. PRETO,PS321803280,5d,A,36.75,46.8412121212121,26.41,25.63,17.02061866666667,874.32,29.51,32.07,24.9,155.675176501012,17.00581730102435,12.65
312,RIB. PRETO,PS321803280,4d,B,26.6,60.4191780821918,27.569811,25.464,19.53877451515069,718.92,30.862179,33.2,21.47,166.412663979554,19.47653427537165,12.5892417
313,RIB. PRETO,PS321803280,4d,A,22.29,62.3965014577259,26.553488,26.0648,19.33444879206997,530.58,29.81874,32.5,22.62,157.102902914939,19.31267865827301,12.6596203
314,RIB. PRETO,SCS19005HP,5d,A,36.77,87.3056116269681,27.671308,25.7888,23.801374339346,1877.32,31.09405,33.51000000000001,20.88,167.4174810347,23.7038084668408,12.5962493
315,ASSIS,SCS19005HP,2d,B,190.25,132.452903225806,25.99,25.57,28.8513611612903,21482.73,28.98,30.96,26.8,151.037144776506,28.7474277445569,12.57
316,RIB. PRETO,DIVERSAS,1/½,B,47.68,88.9346973094171,27.608242,24.928,24.0081537380213,2757.03,30.731815,33.12,34.09,166.898135438983,23.9170411637913,12.5988538
317,RIB. PRETO,DIVERSAS,3d,I,19.4,67.2864864864865,26.4,24.74,19.96125405405405,421.12,29.23,31.807528,24.72,155.723248048744,19.94595341104082,12.55
318,RIB. PRETO,DIVERSAS,>5d,A,94.7,57.0205562273277,27.194368,25.1264,18.84058898882709,3735.2,30.298574,33.05,23.95,163.355532549479,18.81411026346097,12.659332
322,RIB. PRETO,DIVERSAS,>5d,I,34.53,77.7585441633378,27.42,24.99,22.1399675099867,1493.54,30.52,33.13,23.11,165.352941652191,22.0842661862134,12.53
323,PIRACICABA,DIVERSAS,1/½,D,36.03,134.965251768623,28.175766,25.421272,31.8905713874032,2966.855,31.575237,34.090635,25.089948,172.345465411615,31.7169205242961,12.60179895
324,MATO G. DO SUL,DIVERSAS,2d,C,35.98,112.902001668057,26.42,24.56,26.5500686405338,2431.63,29.2,31.49,23.54,155.599211057931,26.489447833699,12.52
325,SÃO CARLOS,DIVERSAS,1/½,I,45.09,122.323964944092,26.59,24.2,28.096266485343,3662.62,29.29,32.83,27.99,158.655360583792,28.1796008599094,12.67
326,RIB. PRETO,DIVERSAS,3d,B,36.55,118.714867617108,25.89,24.22,26.8226951120163,2631.85,28.47,31.51,21.4,151.537015955747,26.8906741854039,12.75
327,PARANÁ,DIVERSAS,3d,C,28.84,51.2516627078385,26.9178,26.05,17.85548453942993,672.998,30.26,32.33,28.0,159.870226405093,17.80415225138441,12.560174
328,MATO G. DO SUL,DIVERSAS,1/½,A,32.39,85.4639529180971,25.77,24.77,22.115986316822,1509.93,28.48,31.05,24.78,149.778039152593,22.1217193814539,12.56
329,S. J. RIO PRETO,DIVERSAS,4d,I,32.57165000000001,93.447039979778,27.29,25.21,24.4532524129081,1687.5,30.44,32.74067,25.5607815,163.754473030138,24.3599526319958,12.49
330,MATO G. DO SUL,DIVERSAS,>5d,B,28.46,93.7162818955043,26.19,24.95,23.5955404009721,1357.05,29.03,31.41,24.49,153.485830874959,23.5616960399978,12.53
331,GOIAS,DIVERSAS,4d,D,19.9,100.3063291139241,27.38,24.1,25.5815134177215,709.62,30.19,33.16,23.9,165.489975976914,25.5541363343057,12.69
332,MATO G. DO SUL,DIVERSAS,4d,E,47.4,34.8824858757062,27.1,26.2,15.45525536723164,822.04,30.53,33.64,25.01,162.685353432869,15.44805547160342,12.57
333,PARANÁ,DIVERSAS,3d,C,28.52,41.8023607748184,26.8217,26.26,16.41721650696126,504.335,30.21,32.19,28.0,158.833255283851,16.37597764771034,12.547483
334,MATO G. DO SUL,DIVERSAS,>5d,B,12.45,94.4444444444444,26.74,24.53,24.1523111111111,49.1,29.57,31.95,24.49,158.731242551678,24.0971757748161,12.52
335,S. J. RIO PRETO,DIVERSAS,3d,D,18.23,36.6003210272873,26.52,26.32,15.57196661316212,165.26,29.86,32.68,24.85,156.900278312773,15.56459336343749,12.55
336,MATO G. DO SUL,DIVERSAS,>5d,A,35.68,132.205616554054,26.48,24.88,29.405773277027,2858.469,29.36,31.47,26.327587,155.912047958455,29.2990364544027,12.49
337,S. J. RIO PRETO,DIVERSAS,1/½,D,32.05,125.020448877806,28.19,24.28,30.2980106733167,2278.06,31.21,33.78,29.14,172.683442211494,30.160514765974,12.52
339,PARANÁ,BULL2492579,2d,C,12.81,74.8246913580247,26.4098,24.85,21.05291237530864,62.888,29.27,31.36,29.0,155.227314391425,20.99821182068007,12.58144
341,S. J. RIO PRETO,BULL2492579,5d,I,78.62,77.5369258480937,27.34,25.77,22.0533644250976,4378.07,30.68,32.789576,25.077795,163.948501569265,21.95823768007386,12.46
344,GOIAS,BULL2492579,5d,C,374.35,87.5957058093004,27.06,25.24,23.3847132948806,27404.104,30.17,33.29,25.8,162.463322563563,23.3743810676049,12.71
345,GOIAS,BULL2492579,5d,B,138.72,80.038336489899,26.44,25.09,21.82473578914141,8633.818,29.38,32.52,22.5,156.67479771336,21.84343256842965,12.74
346,MATO G. DO SUL,BULL2492579,2d,E,150.37,101.4487244344873,26.86,24.52,25.2920804509648,12389.02,29.71,31.99,24.73,159.749821122409,25.2160330348231,12.51
347,MATO G. DO SUL,BULL2492579,2d,D,969.02,88.1941861194123,26.59,24.57,23.1167317548223,72931.36,29.4,31.76,25.32,157.286735296557,23.0700045498677,12.52
348,MINAS GERAIS,BULL2492579,>5d,A,71.58849000000001,84.9004208698693,27.983334,26.163333,23.6519177550369,4356.026,31.603333,34.076666,24.333333,170.385992811208,23.5464055358292,12.60333335
349,MATO G. DO SUL,BULL2492579,5d,C,70.17,60.4517792676637,26.7,25.0,19.12241155234657,2830.44,29.66,32.12,23.64,158.384574272852,19.09259308085914,12.52
350,MINAS GERAIS,BULL2492579,4d,B,45.3425,111.2561745519982,26.921333,25.793333,26.8103443279649,3321.449,30.18,32.747334,24.6,160.487940415887,26.738344932786,12.64
351,MINAS GERAIS,BULL2492579,4d,D,23.18,72.8819320214669,27.43,24.56,21.39408211091234,692.66,30.4,33.97,24.8,166.511463081455,21.40695639186251,12.77
352,MATO G. DO SUL,BULL2492579,1/½,C,129.24,124.662401910611,25.32,23.77,27.0066319344933,13220.54,27.67,30.39,27.07,145.880981221336,27.083352914545,12.61
353,MATO G. DO SUL,BULL2492579,>5d,B,32.509634,51.1848533230773,26.54,25.18,17.69747767317545,815.667,29.53,31.88,26.293275,156.72277272113,17.67094062158653,12.51
354,ASSIS,BULL2492579,4d,D,37.03671,77.2589737229852,25.91,24.77,21.07752324486724,1645.87,28.65,31.43,24.6686945,151.340697172028,21.09323089529178,12.59
355,GOIAS,BULL2492579,>5d,E,114.36782,72.4501492754266,25.53,24.74,20.17890519696522,6200.15,28.19,30.75,23.321537,147.511795074047,20.19170824080714,12.57
356,RIB. PRETO,BULL2492579,3d,I,48.01,72.4576506525965,24.08,24.0,19.30328419883366,2189.08,26.27,29.27,,134.601408656237,19.41219313405499,12.68
357,PARANÁ,BULL2492579,fr,B,15.0,70.8533333333333,23.1068,24.15,18.53672202666667,188.56,25.15,27.62,23.0,124.798662345244,18.63857727455878,12.753283
363,GOIAS,BULL2492579,>5d,D,162.08,72.01279317697231,26.53,24.74,20.71985884861407,9018.72,29.38,32.36,22.0,157.401360875512,20.72594179787242,12.71
364,MATO G. DO SUL,BULL2492579,2d,A,25.91502,62.4663306269053,25.9665,24.6048,19.04838006700673,714.24,28.6672,30.64,21.8,150.920974039697,19.01083180689907,12.5740209
365,PARANÁ,BULL2492579,1/½,D,80.78,99.2012212852574,25.5066,25.42,23.7779201541146,6009.7,28.35,30.47,30.0,146.6609131592,23.7425960868702,12.604764
366,MINAS GERAIS,BULL2492579,3d,D,44.36,86.8170580964153,27.78,24.47,23.8061317676143,2433.08,30.79,34.51000000000001,25.1,169.964679331947,23.8184525907599,12.78
369,MATO G. DO SUL,BULL2492579,>5d,A,57.31,80.5935996468771,26.25,24.41,21.77458794967998,3119.976,28.95,31.02,25.532451,153.745553080928,21.72283771975832,12.49
373,RIB. PRETO,SCS120,>5d,A,29.82,68.1638608305275,26.599452,24.0912,20.19961590329966,1012.84,29.26754,32.21,23.01,158.111781772044,20.2062017771455,12.7103884
374,S. J. RIO PRETO,SCS120,>5d,C,49.49,48.9394505201387,26.62,26.41,17.40054766604428,1396.86,30.01,32.66,27.77,157.649109731778,17.38019808223926,12.53
375,RIB. PRETO,SCS120,2d,I,42.57,111.8456002616945,27.03,23.17,27.0067937193327,3064.28,29.5,32.013891,39.83,161.807956251461,26.9576653159047,12.55
376,ARACATUBA,SCS120,2d,I,141.14,96.1415440607093,27.078304,23.843041,24.6871178037677,10878.039,29.755098,32.419348,24.556448,162.344708523208,24.6502359165,12.6590276
378,MINAS GERAIS,SCS120,4d,A,34.04014,133.203313590567,26.58,25.74,29.6714431215047,2683.338,29.75,32.14,24.0,157.074048136573,29.5834553501501,12.63
379,MINAS GERAIS,SCS120,3d,A,336.33,94.9761354176302,26.07,23.79,23.6747422532606,26923.65,28.55,30.86,26.1,152.424560581493,23.6518873547712,12.63
380,S. J. RIO PRETO,SCS120,3d,I,47.95,100.0820584144645,26.344803,25.0122385,24.6351977578999,3178.55,29.238722,32.382963,24.0,155.797819928701,24.6660079748325,12.74
381,S. J. RIO PRETO,SCS120,4d,I,115.63,86.5362250313616,26.534662,24.6621475,22.8335883758678,7736.189,29.364061,32.582035,25.323572,157.715968590717,22.8611182255405,12.7472372
383,GOIAS,SCS120,>5d,D,15.18,79.1415094339623,26.95,25.51,22.0376556603774,225.51,30.13,32.93,21.9,161.047722095652,22.0072890391958,12.67
384,MATO G. DO SUL,SCS120,>5d,B,109.72,108.5524252967663,25.88,23.91,25.4014766311912,9447.103,28.37,30.66,25.6139765,150.59078388312,25.3812763076952,12.54
385,PARANÁ,SCS120,4d,C,39.15,56.1323388581952,27.6226,26.16,18.89461877046041,1210.193,31.16,32.62,25.0,165.856756921279,18.79005853207285,12.453844
386,RIB. PRETO,SCS120,4d,B,32.94,78.0643266475645,27.7189,25.075,22.384585441404,1395.387,30.9164,34.07,24.17,168.72987518304,22.3542536695243,
387,ARACATUBA,SCS120,1/½,D,27.12,124.575661375661,28.26,23.5,30.3048025396825,1714.144,31.03,33.16,28.0,172.957476071849,30.1198943221456,12.56
390,RIB. PRETO,SCS120,>5d,A,167.79,80.6608254701842,26.09,24.22,21.67431030874896,10708.67,28.69,31.83,23.39,153.530277799542,21.71758570274105,12.75
391,MINAS GERAIS,SCS120,1/½,B,46.84,103.9816303099885,25.91,24.03,24.7946447761194,3216.64,28.43,30.66,29.8,150.784128808972,24.7655904290007,12.63
392,RIB. PRETO,SCS120,3d,B,63.89,93.2321834650222,27.5516,24.534,24.6329042437464,4227.138,30.537,33.73,25.19,167.275760910135,24.613389097923,
393,S. J. RIO PRETO,SCS120,fr,I,36.38,152.749056603774,27.23,25.13,33.4360813207547,3443.462,30.34,33.32,25.490437,163.934652481493,33.3846590021923,12.69
394,PIRACICABA,SCS120,3d,B,13.82,12.0,,,,12.0,,,,,,
395,S. J. RIO PRETO,SCS120,>5d,I,207.55531,68.4110481070547,27.26,25.66,20.60832594113655,11043.48,30.55,33.073723,27.302748,163.658167772028,20.55519619801563,12.51
396,PIRACICABA,SCS120,4d,I,19.36,89.2948369565217,27.64,27.13,24.0889125,580.89,31.52,34.52,25.0,167.536187558583,24.0221442581796,12.67
397,S. J. RIO PRETO,AIC456911099,5d,C,21.75,43.4410256410256,27.18,26.0,16.77274769230769,318.55,30.57,33.6,,163.386267938083,16.75973953194046,12.69
398,GOIAS,AIC456911099,>5d,B,12.41,80.0731707317073,26.95,25.51,22.1769390243902,39.91,30.13,32.93,21.9,161.047722095652,22.1461510333894,12.67
399,MATO G. DO SUL,AIC456911099,>5d,I,58.93,67.86000426166629,26.45,26.12,20.07177061581078,2633.51,29.71,32.06,23.6,155.7519205122,20.02998289243419,12.61
400,GOIAS,AIC456911099,4d,D,21.67,88.5015511892451,27.91,26.72,24.1713967942089,751.77,31.71,35.31,22.3,170.710453610301,24.1415958911367,12.74
401,GOIAS,AIC456911099,4d,B,26.45,91.116955017301,27.91,26.72,24.5875075432526,1155.24,31.71,35.31,22.3,170.710453610301,24.5566878190616,12.74
402,MINAS GERAIS,AIC456911099,1/½,C,34.57,96.0341160832964,26.87,24.45,24.4958730615862,1908.65,29.7,33.12,,161.114244262306,24.5306837120117,12.77
403,MINAS GERAIS,AIC456911099,5d,I,40.51000000000001,21.86285513854788,26.64,25.61,13.44392199228341,293.19,29.78,32.68,25.0,158.219777378709,13.44214448267693,12.7
404,GOIAS,AIC456911099,4d,I,13.86,93.1559139784946,25.39,25.33,22.8667768817204,162.95,28.19,31.92,22.3,147.426917813024,22.9906952924064,12.85
405,ARACATUBA,AIC456911099,1/½,I,118.67,100.2626792912722,25.98,25.22,24.3391225649198,9426.98,28.87,31.43,27.4,151.67822373216,24.3283742652462,12.66
406,GOIAS,AIC456911099,5d,C,38.86,81.3965003723008,27.33,26.5,22.6384835070737,1875.99,30.91,33.75,22.9,164.538521270183,22.5856395481165,12.66
408,GOIAS,AIC456911099,2d,C,318.72,101.0959833072509,27.4,25.48,25.7207814293166,27339.52,30.66,34.44,27.6,166.282530054247,25.7459537223136,12.79
409,S. J. RIO PRETO,AIC456911099,5d,B,43.81,62.7274441999371,27.07,25.25,19.64462584093053,1625.64,30.19,32.82,24.9,162.032711766413,19.61077601429594,12.65
410,MATO G. DO SUL,AIC456911099,4d,I,153.85,71.842509693338,25.26,24.57,19.93511678533662,8500.66,27.82,29.9,25.1,144.391654865126,19.92264888958338,12.62
412,GOIAS,AIC456PS321955000,>5d,B,48.06,75.9395452024404,26.09,24.94,21.00908191902385,2317.66,28.91,32.0,26.8,153.357106986738,21.03830913186473,12.74
413,MINAS GERAIS,AIC456PS321955000,>5d,A,51.85863,96.8953915375416,28.06,25.05,25.6341998809292,3395.814,31.32,33.77,24.0,171.225541631479,25.5175146995815,12.6
414,GOIAS,AIC456PS321955000,4d,C,601.5,77.8702120441052,27.66,26.27,22.3152752061069,38842.49,31.24,34.61,25.8,168.208771190731,22.2895048814826,12.72
415,MATO G. DO SUL,AIC456PS321955000,>5d,I,92.55,68.24000000000001,24.39,26.27,18.968136,4542.132,27.23,29.98,24.8,136.813011622932,19.01948377367367,12.74
416,RIB. PRETO,AIC456PS321955000,5d,A,20.01,54.8448189762797,27.786,24.824,18.76348312359551,355.187,30.9101,33.92,25.1,169.253490455293,18.73749733194514,
417,MINAS GERAIS,AIC456PS321955000,4d,D,40.79,85.8832928100035,27.97,24.66,23.7991618617576,2139.1,31.07,34.41,27.5,171.348773755725,23.7732121103092,12.72
418,PIRACICABA,AIC456PS321955000,>5d,B,27.1,85.6278145695364,26.49,26.03,22.6686703311258,1123.78,29.73,32.78,24.0,156.90438543616,22.6689932212062,12.71
419,RIB. PRETO,AIC456PS321955000,4d,C,35.16,87.309585492228,27.8395,24.9,23.9286617940415,1756.17,31.0,33.33,23.5,169.027257965928,23.8256577083952,
420,PARANÁ,AIC456PS321955000,>5d,C,118.79,59.8634984549115,25.8568,25.407751,18.63234925390018,5123.343,28.771416,31.004145,25.763093,150.105047718074,18.61019073806954,12.61418027
421,PIRACICABA,AIC456PS321955000,1/½,I,14.59,83.7760617760618,27.36,30.79,23.0248030888031,197.9,32.48,35.87,30.0,164.730844523588,22.9624185316351,12.7
423,PIRACICABA,AIC456PS321955094,3d,B,25.3,89.126992481203,26.38,24.96,23.090861518797,1037.789,29.27,31.99,24.0,155.666549217761,23.0805688613186,12.68
426,S. J. RIO PRETO,AIC456PS321955094,2d,I,76.03,118.369295642668,26.67,24.75,27.6043756707793,6822.826,29.55,32.76000000000001,27.0,158.96548332843,27.6326149454293,12.74
427,S. J. RIO PRETO,AIC456PS321955094,2d,B,27.23,105.5978332239002,26.75,25.32,25.8056804005253,1437.495,29.82,33.01000000000001,27.0,159.607189607447,25.8157131155265,12.73
428,S. J. RIO PRETO,AIC456PS321955094,4d,C,23.05,78.662443438914,26.51,24.18,21.67272054298643,748.62,29.19,32.08,24.26,157.197505507129,21.67922049834038,12.59
429,ASSIS,AIC456PS321955094,2d,A,30.53,142.828926065839,26.93,25.03,31.5327586616298,2436.26,29.94,31.52,28.8,159.518588520525,31.2996985108887,12.49
430,GOIAS,AIC456PS321955094,5d,C,19.36,78.7486413043478,28.27,26.22,22.8600039402174,503.27,31.97,35.15,24.0,173.790133014114,22.7992715551418,12.68
431,MINAS GERAIS,AIC456PS321955094,fr,B,18.55,113.320610687023,27.82,24.41,28.028920610687,675.65,30.81,34.28,,170.105109858547,28.0193062836068,12.75
432,GOIAS,AIC456PS321955094,5d,D,101.12,102.1690978456014,25.59,25.88,24.2539803972172,8047.87,28.59,32.5,25.7,149.380546370166,24.3874799277337,12.87
433,GOIAS,AIC456PS321955094,4d,D,34.7,102.6330396475771,25.59,25.88,24.3170300881057,2069.37,28.59,32.5,25.7,149.380546370166,24.4512165059731,12.87
434,PIRACICABA,AIC456PS321955094,1/½,C,24.17,170.371405094495,27.02,25.36,35.7873850451931,1939.38,30.16,32.77,33.0,161.52460842783,35.6804223329196,12.64
435,MATO G. DO SUL,AIC456PS321955094,3d,I,115.85,141.32,25.55,24.3,29.52286,13441.882,28.08,30.32,25.1,147.367330489606,29.5057031789158,12.63
436,MINAS GERAIS,AIC456PS321955094,1/½,A,93.22,160.37281457769,27.59,24.39,35.1313217926619,12062.84,30.53,32.72,30.3,166.570630738574,34.9340795337311,12.58
437,MINAS GERAIS,AIC456PS321955094,2d,A,67.43,110.2688075049612,28.68,24.86,28.3912370918275,5459.04,31.99,33.79,24.9,176.428535183008,28.1581960722217,12.5
438,GOIAS,AIC456PS321955094,1/½,B,18.76,119.982544378698,25.95,24.57,27.0635649408284,741.962,28.64,31.56,29.6,151.908043830108,27.1076265518215,12.72
439,ARACATUBA,AIC456PS321955094,2d,I,41.31,106.3045035823951,27.141231,24.173325,26.2788627308137,2776.065,29.930733,32.378141,25.085294,162.646611874642,26.2066539492079,12.62
440,ARACATUBA,AIC456PS321955094,1/½,C,18.5,111.7630769230769,27.736918,25.153082,27.6996336096615,660.46,30.961054,33.805735,29.39662,168.572213088179,27.6201257383324,12.659831
441,RIB. PRETO,AIC456PS321955094,3d,A,220.16,114.911726556495,28.3624,24.71,28.8388283460799,21434.105,31.5647,34.75,23.73,174.886410515432,28.7629217387331,
442,MINAS GERAIS,AIC456PS321955094,5d,I,87.28,108.4693145589798,27.94,25.02,27.3772087407014,7274.21,31.16,33.26000000000001,27.1,169.712794508275,27.2144451833946,12.55
443,RIB. PRETO,AIC456PS321955094,>5d,A,32.44,95.6037181996086,26.046576,25.6112,23.7434598157339,1720.86,29.060976,31.69,22.75,152.330627977789,23.7321622762291,12.6689761
444,ARACATUBA,AIC456PS321955094,1/½,D,35.48999999999999,115.271604938272,26.1,25.88,26.5612962962963,2437.85,29.21,31.77,28.6,152.717675424047,26.5321401842242,12.66
445,GOIAS,AIC456PS321955094,1,I,188.47,115.068396894656,27.6,26.6,28.0786699155664,18200.48,31.29,33.813887,31.024672,166.752714680539,27.9501142172193,12.49
446,PIRACICABA,AIC456PS321955094,2d,C,41.3,122.721365187713,26.641729,29.756235,28.2115222358853,3256.136,31.16346,33.939585,25.277477,157.533560698215,28.1136745211353,12.64277476
447,S. J. RIO PRETO,AIC456PS321955094,4d,E,27.23,57.1543007222587,25.4,26.28,18.05067629678267,699.7,28.47,32.37,24.8,147.523350842142,18.11946213881426,12.87
449,RIB. PRETO,SCS111,>5d,I,17.16,104.015503875969,27.56,24.86,26.3176124031008,486.8,30.65,33.36,22.98,166.800122419617,26.2440112645027,12.54
450,RIB. PRETO,SCS111,>5d,B,37.21,72.4560888536295,27.05,25.45,21.09864137247124,1536.098,30.23,32.71,25.6,161.652654207095,21.04741415992561,12.62
451,ASSIS,SCS116,>5d,A,35.41,84.402819307988,25.7,26.5,21.91918624519436,1706.95,28.9,30.94,24.4,148.257380950383,21.86541853233027,12.58
452,ASSIS,SCS116,4d,B,118.08,110.6713800904977,26.98,25.95,26.7809727375566,10479.06,30.31,32.16,25.8,160.218477197735,26.6249217000124,12.53
453,S. J. RIO PRETO,AW,3d,D,19.23,90.3455048409405,27.27,25.89,23.9633585892116,578.438,30.64,33.73999999999999,23.0,164.322748873382,23.9338026592449,12.7
454,S. J. RIO PRETO,AW,5d,I,44.47,63.3606713889744,27.72,25.94,20.07389754234678,1679.681,31.21,33.84,26.0,168.082711917567,20.01651287629814,12.63
455,ARACATUBA,AW,3d,I,42.84,83.4962062256809,26.625568,24.71435,22.4567262589572,2216.943,29.481941,32.16331,,157.972992144099,22.4365151497142,12.6689726
456,PIRACICABA,AIC456PS321933046,5d,B,106.65,69.07434759640779,27.986374,25.904521,21.12411866482177,5414.087,31.514069,33.816362,24.9897785,170.268468858669,21.03306960519095,12.57127434
457,RIB. PRETO,BULL24835054,>5d,I,13.05526,79.670526694843,27.97,26.56,22.8069831131664,83.41,31.73,34.19,23.83,170.196621750251,22.7052487151843,12.48
458,ARACATUBA,BULL24835054,5d,D,38.69,52.0651554889472,27.0782,26.0,18.04110427493443,1081.339,30.44,32.61,23.1,161.507855702621,17.99005548554457,
459,S. J. RIO PRETO,BULL24835054,>5d,C,19.12,65.8089887640449,27.78,24.85,20.49105842696629,395.12,30.91,33.6,27.34,168.858774369654,20.4404120275986,12.53
460,MATO G. DO SUL,BULL24835054,3d,B,17.73,97.0052356020943,26.05,25.6,23.9432356020942,499.08,29.06,31.62,25.8,152.285990248938,23.9250436527841,12.54
461,S. J. RIO PRETO,BULL24928064,3d,B,36.71,81.3810198300283,27.17,24.55,22.5251007082153,1726.405,30.09,33.19,27.0,163.581851402314,22.5169034380163,12.71
462,MATO GROSSO,BULL24928064,3d,C,65.15,133.21768579492,27.38,24.95,30.6432800752587,6454.72,30.46,32.84,25.074364,164.727490974889,30.5132730132406,12.5
463,MATO GROSSO,BULL24928064,3d,B,104.57289,133.202719284231,27.28,24.79,30.5197755066305,11232.086,30.29,32.5,26.551653,163.60946491441,30.3754794168537,12.49
464,S. J. RIO PRETO,BULL24928064,4d,I,34.17,71.7030672079387,26.64,24.83,20.74052903924222,1335.617,29.54,32.87,25.0,158.797890674209,20.76428433290593,12.76
465,S. J. RIO PRETO,BULL24928064,4d,B,33.09,58.6826932195353,26.45,25.25,18.74564917022286,996.538,29.44,32.57,23.0,156.733126678736,18.75653215144759,12.73
466,GOIAS,BULL24928064,4d,C,59.42,91.6522564318853,27.21,25.1,24.1151082032898,3789.11,30.31,33.56,25.6,164.030721955494,24.1095900507237,12.73
467,RIB. PRETO,BULL24928064,5d,C,50.78,79.429087158329,27.7739,24.431,22.6361967792677,2626.9,30.7645,33.98999999999999,26.23,169.419879586772,22.6146787811101,
469,PARANÁ,PT35011886,3d,C,12.4,52.34,24.1182,23.39,16.88848188,28.136,26.16,28.65,27.0,134.38664849057,16.9370774001096,12.723785
470,PARANÁ,SCS19001,>5d,E,38.66,39.9222805701425,26.8486,26.62,16.14606775273818,756.408,30.36,32.45,26.0,159.171259778878,16.10935720740716,12.561546
472,S. J. RIO PRETO,SCS19001,3d,D,432.28,79.1172551632245,28.26,25.56,22.9132656895403,28220.04,31.73,34.16,27.55,173.036807457705,22.8083484968099,12.48
473,S. J. RIO PRETO,SCS19001,3d,C,156.51,85.8583489031901,27.82,25.85,23.6843907964847,10685.27,31.29,33.82,25.31,168.938222570789,23.5911979988798,12.5
480,PIRACICABA,SCS19001,3d,D,16.56,75.5271929824561,27.526,26.83,21.86323198245614,301.684,31.27,34.0,25.22,166.23375424399,21.79803747026665,12.64
482,ARACATUBA,SCS19001,3d,D,34.09,51.5232231779086,27.892211,25.63342,18.28111402143413,885.068,31.315632,34.43368,28.804834,170.24632985861,18.25440501208678,12.68804836
483,PARANÁ,SCS19001,5d,E,47.84,37.5505301339286,26.899015,26.67185,15.80677731723354,927.731,30.439987,32.771284,24.722185,159.907508280933,15.77911524736627,12.5962148
484,PARANÁ,SCS19001,2d,B,15.56,73.23595505617979,27.0509,26.65,21.21656235955056,230.0,30.62,32.82,26.0,161.205472482336,21.13673960706437,12.573551
486,MATO G. DO SUL,SCS19001,4d,E,132.28,34.8834386431659,27.1,26.2,15.45539923511806,2764.42,30.53,33.64,25.01,162.685353432869,15.44819903970483,12.57
487,S. J. RIO PRETO,SCS19001,5d,C,65.22,89.902668169861,27.73,25.64,24.2540897031191,4157.98,31.12,33.73,25.24,168.195800545119,24.1680696193922,12.51
488,S. J. RIO PRETO,SCS19001,4d,I,41.53,60.1639011175076,25.49,27.19,18.49731026075178,1434.28,28.85,32.942297,24.97935,148.385634478048,18.56886421284923,12.71
489,MINAS GERAIS,SCS19001,4d,I,48.02,78.2870627429206,29.53,28.77,23.620122098834,2399.66,34.53,39.3,26.8,186.610985145292,23.5744493279291,12.81
490,MINAS GERAIS,SCS19001,4d,I,135.74,90.4612898011961,27.17,25.65,23.9025776628414,9720.8,30.44,33.55,25.2,163.426295407076,23.8811024474561,12.71
491,MATO G. DO SUL,SCS19001,3d,D,210.64,52.8424788562223,25.8,25.51,17.63626208215868,8124.95,28.73,31.8,24.73,150.521997234974,17.65758174319111,12.61
492,RIB. PRETO,SCS19001,2d,C,75.38,57.4174502997791,26.24,24.59,18.46744492268855,2890.558,28.99,32.05,24.8,154.786982957815,18.48502070194196,12.73
493,RIB. PRETO,SCS19001,2d,B,99.41,94.9928612286924,26.81,25.07,24.2912427479693,7266.406,29.81,32.69,22.98,159.879841670239,24.2729711782592,12.69
494,RIB. PRETO,SCS19001,fr,C,19.37,154.096336499322,28.0034,24.37,34.7402451153324,1059.25,31.02,33.78,27.2,171.109122642457,34.6088234311144,
495,PARANÁ,SCS19001,3d,E,45.27,34.9008115419297,26.7255,28.05,15.37225900360685,773.91,30.68,32.8,27.371662,157.8736801223,15.34062565740851,12.560517
496,PARANÁ,SCS19001,3d,B,19.23,54.3825726141079,27.0509,26.65,18.37895862157676,318.426,30.62,32.82,26.0,161.205472482336,18.32371177190486,12.573551
497,PARANÁ,SCS19001,3d,E,25.89,31.1763858891289,26.7809,27.09,14.83444242188625,278.36,30.43,33.09,25.0,159.086753867198,14.82059235133671,12.643523
498,MINAS GERAIS,SCS19001,4d,D,50.25,85.8755555555556,28.46,25.12,24.1599164444444,2837.74,31.82,35.09,25.7,175.830523793513,24.1030709622034,12.7
499,PIRACICABA,SCS19001,>5d,I,17.19,89.1387283236994,26.497,24.4966,23.1828014450867,412.35,29.2688,32.43,23.34,157.32720323801,23.2103556486199,12.7417342
500,ARACATUBA,SCS19001,4d,C,31.02,44.9626708727655,26.32,28.36,16.72025446898002,638.95,30.27,33.22,,154.858151296116,16.70898622266563,12.69
501,GOIAS,SCS19001,5d,E,109.73,95.4116443262049,28.44,25.23,25.7128743272281,8163.82,31.84,34.13,23.277661,174.635543017796,25.5656980689996,12.47
502,RIB. PRETO,SCS19001,3d,I,237.15794,78.4802671404793,27.56,25.45,22.3443295670586,14980.56,30.84,33.636694,24.414227,166.811150734328,22.2918866571431,12.54
503,PARANÁ,SCS19001,2d,D,215.42,86.5940123881624,26.661345,26.397476,22.9364855055712,15185.914,30.059023,32.348236,26.078816,157.646657862906,22.86436860092,12.59845227
504,PARANÁ,SCS19001,5d,D,149.18,45.5239029012976,26.143871,26.77897,16.74157758052479,4610.809,29.53796,31.435472,24.880072,152.256205948065,16.70193542950731,12.54587984
505,RIB. PRETO,SCS19001,2d,I,43.07,98.6784679755391,25.43,24.42,23.6409182491149,2705.1,27.97,30.85,29.88,147.00649371426,23.7021560419013,12.62
506,PARANÁ,SCS19001,2d,C,50.74,95.4213474445018,27.187211,25.349509,24.6693760554396,3243.743,30.364164,32.303518,24.792872,162.353521458164,24.5426933530658,12.539287
507,PARANÁ,SCS19001,2d,B,38.59,86.7425347875141,26.3517,25.41,22.7268243650997,1999.404,29.37,31.5,24.0,154.65746591154,22.6625806085918,12.585556
508,MINAS GERAIS,SCS19001,3d,A,56.81,94.2048649854943,26.67,24.12,24.059453693372,3695.6,29.36,31.82,26.1,158.218909675985,24.0199057282405,12.64
509,MINAS GERAIS,SCS19001,4d,I,68.75,104.126872246696,27.47,24.71,26.2520271365639,5240.2,30.49,32.71,26.8,165.429653801731,26.1349941146468,12.58
510,MINAS GERAIS,SCS19001,5d,C,24.24982,55.8415421614358,26.0,28.18,18.13781590260102,549.051,29.8,32.56,22.0,151.674170623491,18.12353104025336,12.68
511,PARANÁ,SCS19001,BIS,A,29.12,109.3809579439252,26.1005125,25.442404,25.7312141475029,1679.162,29.075893,31.16975,34.012058,152.23551320172,25.6562686133415,12.5858005
512,PIRACICABA,SCS19001,3d,A,74.69,51.8203860264795,27.9,25.77,18.33144137821024,2508.34,31.37,34.04,25.7,169.849052897654,18.28561022029877,12.63
513,PARANÁ,SCS19001,3d,B,79.36,48.6800178147268,26.7028,26.59,17.39298965926366,2482.766,30.17,32.19,24.0,157.714564435484,17.3448128193587,12.554
514,MATO G. DO SUL,SCS19001,3d,B,68.27000000000001,97.1725608672472,27.0,25.4,24.7758841300871,4804.66,30.16,32.68,22.65,161.229875002735,24.7102906118821,12.52
515,PARANÁ,SCS19001,5d,A,20.48,28.5866745283019,26.395,26.21,14.38765179834906,152.655,29.67,31.82,25.0,154.993169620099,14.37178116425885,12.583155
516,PARANÁ,SCS19001,4d,C,34.98,72.2512619669278,27.596704,26.715885,21.3972109852463,1396.574,31.319279,33.295252,26.656775,166.131147822179,21.28659616469737,12.52926326
517,PARANÁ,SCS19001,2d,D,26.89,77.9343183344527,26.5093,25.18,21.56660805010074,993.762,29.49,31.62,23.0,156.175925667102,21.50614137909911,12.583498
518,MINAS GERAIS,SCS19001,1,C,22.139486,110.0600002800931,27.35,25.28,27.0522100429943,1006.278,30.53,33.33,24.0,164.855631813847,26.9890232984797,12.67
519,ARACATUBA,SCS19001,2d,B,24.94,40.6802163833076,27.892217,25.633422,16.55792222370479,383.122,31.31564,34.433687,28.80482,170.246385194231,16.53854056924679,12.6880482
520,PARANÁ,SCS19001,3d,E,73.41,93.6946099983716,27.3366,25.77,24.5291755570103,5028.866,30.68,32.72,25.0,163.838010041085,24.4043470132353,12.548855
521,ARACATUBA,SCS19001,2d,C,80.28,74.066373755126,27.91,25.7,21.87476006444054,4249.892,31.36,34.43,29.0,170.356918449624,21.82863968720434,12.68
522,S. J. RIO PRETO,SCS19001,4d,E,100.7,57.1615558060879,25.4,26.28,18.05164847801578,4017.83,28.47,32.37,24.8,147.523350842142,18.12044537208544,12.87
523,RIB. PRETO,SCS19001,>5d,I,14.12,59.3679245283019,27.33794,26.3376,19.26526384339623,112.42,30.870144,33.19,21.64,164.090947099232,19.20423250363437,12.58651227
524,PARANÁ,SCS19001,5d,E,49.64,24.1091923485654,25.233589,26.630486,13.60248074662859,467.79,28.368471,30.935566,21.149192,144.462178779195,13.60401000174733,12.67719465
525,S. J. RIO PRETO,SCS19001,2d,D,351.0,104.1897050147493,27.8,25.14,26.5659733923304,31264.31,31.03,33.52,25.76,168.796659563023,26.4550377924131,12.5
526,GOIAS,SCS19001,2d,E,173.0072,116.876800540597,27.53,24.68,28.2873671239547,16897.92,30.56,33.17,26.008223,166.432548157364,28.196391550076,12.53
527,GOIAS,BULL24935744,>5d,E,13.94,44.7768041237113,25.9,25.45,16.55597577319588,75.587,28.83,30.98,22.125236,150.408612564011,16.53659198304523,12.5
529,RIB. PRETO,SCS19002,2d,B,37.45,101.2715127701375,27.504462,25.46,25.8410677742711,2283.96,30.78169,32.94,23.64,165.596933946529,25.7118306502615,12.5645338
532,SÃO CARLOS,SCS19002,4d,A,23.88,57.2290404040404,26.528,26.89,18.57087498989899,549.321,30.05,32.47,22.9,156.468143864449,18.53415551594189,12.62
533,SÃO CARLOS,SCS19002,3d,C,21.14,66.0460612691466,26.199,28.41,19.67400023960613,505.981,30.13,32.33,25.64,152.931069763849,19.61676923118333,12.58
535,ASSIS,SCS19002,2d,A,20.34,99.1342925659473,26.63,24.79,24.7477470023981,738.7,29.51,31.75,23.9,157.496061269384,24.6776963698395,12.6
536,ARACATUBA,SCS19002,1/½,I,68.13,112.002316052022,28.1631,24.49,28.1634743458044,5625.13,31.25,33.23999999999999,29.0,171.766499519958,27.9770199795201,
537,ARACATUBA,SCS19002,1/½,D,107.7,128.278265412748,27.0032,24.91,29.4454607164054,11139.83,30.0,32.29,27.9,161.066466681269,29.3331901769052,
538,S. J. RIO PRETO,SCS19002,4d,C,76.1,85.6443057722309,26.77,24.57,22.8772639625585,4732.6,29.62,32.07,24.51,159.089883154404,22.8323323310246,12.53
539,RIB. PRETO,SCS19002,2d,D,53.87,98.85669930738,26.6113,25.3,24.6908929058992,3648.69,29.65,32.2,22.7,157.608249937877,24.647051981528,
540,RIB. PRETO,SCS19002,4d,C,107.33,94.4263086121892,26.3453,25.37,23.8243012493444,7869.7,29.35,31.62,22.8,154.76676322127,23.7677372848397,
541,S. J. RIO PRETO,SCS19002,5d,I,32.7,66.3536231884058,27.95,26.46,20.66940289855073,1137.12,31.67,33.800488,24.422169,169.677454957313,20.5703409720566,12.44
542,RIB. PRETO,SCS19002,>5d,B,74.41,54.0961384393527,27.193,24.752,18.39566631309085,2639.22,30.1779,33.19,25.12,163.67531901357,18.38494522702821,
543,S. J. RIO PRETO,SCS19002,fr,I,36.16,123.407574503311,26.04,24.7,27.6416234602649,2703.607,28.78,32.04,27.0,153.113893368901,27.7211565889482,12.77
544,S. J. RIO PRETO,SCS19002,1/½,D,14.15,82.1320930232558,,,12.0,162.784,,,31.244854,,,
545,ARACATUBA,SCS19002,4d,I,46.02,44.9209288653733,27.32,24.95,17.04348630217519,1131.97,30.39,32.94,26.0,164.347562050295,17.0154232530708,12.63
546,S. J. RIO PRETO,SCS19002,1/½,I,37.51000000000001,112.655037240298,27.016578,25.523667,27.1149421781184,2579.71,30.21164,33.229486,29.39242,161.904478270312,27.0886408427857,12.6978484
547,S. J. RIO PRETO,SCS19002,4d,C,43.93,37.4848105230191,26.08,26.69,15.58826132164109,825.73,29.43,32.9,26.3,153.381324694912,15.60307627134327,12.78
548,RIB. PRETO,SCS19002,4d,A,239.3,81.0510162780466,27.883,24.733,22.9673729154421,15707.296,30.9975,34.14,23.45,170.317396643822,22.9319771327505,
549,ARACATUBA,SCS19002,4d,E,42.89,56.9470055033992,26.7498,26.13,18.62959341774037,1400.413,30.08,32.23,22.0,158.360332181902,18.57845865605928,
550,ARACATUBA,SCS19002,4d,C,29.81,63.2227961819203,27.7206,25.3,20.05253089657496,924.278,30.99,32.28,24.7,166.66543333307,19.92239596800822,
551,GOIAS,SCS19002,1,I,163.01,92.628700086087,27.43,25.78,24.4410084232832,12187.74,30.79,33.211903,28.287783,165.141888600753,24.3476314066071,12.49
554,PIRACICABA,SCS19002,3d,B,86.71,52.3682237986883,25.98,26.32,17.64347768705662,3027.91,29.2,32.15,26.8,151.955370504697,17.64974971836195,12.72
555,S. J. RIO PRETO,SCS19002,5d,I,19.07,50.8995756718529,26.78,25.52,17.74935728429986,287.02,29.92,32.67,23.05,159.390407146689,17.73342429610785,12.55
556,S. J. RIO PRETO,SCS19002,2d,B,50.07,94.5539795114263,28.15,24.83,25.3324676910954,3154.83,31.35,33.77,27.21,172.073802457978,25.214729408432,12.49
557,S. J. RIO PRETO,SCS19002,2d,C,46.71,84.1325266493806,28.24,24.96,23.7143223278594,2515.72,31.5,33.79,27.01,172.771776785125,23.5968744734213,12.48
560,GOIAS,BULL24OUTRAS,1/½,B,158.57,101.988333219622,24.65,26.18,23.3835241522822,13201.59,27.52,31.79,29.3,140.932918595739,23.6024584415717,12.95
561,S. J. RIO PRETO,BULL24OUTRAS,1/½,D,19.02,97.0061253561254,27.0,25.39,24.7509188034188,608.743,30.15,33.5,29.0,162.111560903737,24.7604021635867,12.74
562,S. J. RIO PRETO,BULL24OUTRAS,3d,I,12.43,88.4186046511628,26.66,25.42,23.2029674418605,44.86,29.75,33.41,23.0,159.226221204932,23.2508223925443,12.8
563,MINAS GERAIS,BULL24OUTRAS,4d,D,48.25,75.4835862068966,28.29,25.44,22.3414761931034,2313.28,31.73,35.11,26.2,174.283683196538,22.3023501921801,12.72
564,GOIAS,BULL24OUTRAS,2d,C,51.68,92.703125,24.65,26.18,22.2089453125,3214.3,27.52,31.79,29.9,140.932918595739,22.4052894460467,12.95
565,ASSIS,AIC456PS321963060,4d,B,18.39,127.71048513302,27.31,25.17,29.7152752738654,751.39,30.45,32.15,26.8,163.25866378956,29.5022133676624,12.5
567,GOIAS,BULL24966928,5d,D,59.22,65.28051673019911,27.43,24.64,20.22118373146972,2527.906,30.42,33.39,23.1,165.881799257505,20.19890177981262,12.69
568,ARACATUBA,BULL24966928,4d,I,145.82,55.5486773277537,27.77516,25.427595,18.86987352633687,5839.684,31.093851,33.942791,27.102471,168.900414236351,18.83280551216974,12.6551236
573,SÃO CARLOS,BULL24966928,5d,E,235.89,32.5384787172272,25.936,27.07,14.86224239403278,4610.36,29.37,31.55,25.25,150.582650372324,14.84627681524891,12.59
580,PARANÁ,BULL24966928,3d,E,163.09,41.1117876762195,27.2018,26.66,16.42551573896353,4410.5,30.81,32.98,26.0,162.601417705967,16.38427649599374,12.565662
581,RIB. PRETO,BULL24966928,5d,I,152.86,79.9165838421127,28.0,24.59,22.866653414738,9578.73,31.09,33.363297,24.787467,170.523079488627,22.7663460189992,12.48
582,MATO G. DO SUL,BULL24966928,5d,C,109.21236,97.4203930446705,26.29,24.41,24.2065741660834,8315.918,28.99,31.33,24.638785,154.453351947247,24.1684213138646,12.53
583,ASSIS,BULL24966928,5d,E,24.75,55.6279215686275,27.28,25.32,18.66634641568628,568.256,30.46,32.68,25.776391,163.556641132717,18.61210125254279,12.48
584,MATO G. DO SUL,BULL24966928,3d,B,21.327719,48.4340949807772,28.05,25.64,17.84767224441474,351.847,31.5,33.68,27.069722,170.772829925855,17.78474436588539,12.45
585,PIRACICABA,BULL24966928,4d,D,36.61,43.3961804144657,27.34,26.0,16.81617407557903,784.66,30.76,33.14,24.4,164.216594751849,16.77901967090466,12.6
586,MATO G. DO SUL,BULL24966928,>5d,C,126.41,77.4667861200944,25.41,25.03,20.77909601870466,7502.055,28.12,30.84,27.38521,146.53438724006,20.80753395524295,12.59
588,MATO GROSSO,BULL24966928,5d,B,96.54,64.59225218831321,27.5,26.09,20.15179908918855,4458.149,30.99,33.03,23.9815,165.351394761196,20.06509522671042,12.45
589,ASSIS,BULL24966928,fr,E,493.02725,74.8039159943642,27.41,25.18,21.67808345473152,30222.395,30.57,33.23,26.19343,165.286732658349,21.62700708092548,12.53
590,PIRACICABA,BULL24966928,3d,D,16.79,38.4093945720251,25.523,28.42,15.57134242797495,138.501,29.27,32.29,25.0,147.417793530463,15.57630194141901,12.72
591,PARANÁ,BULL24966928,1,C,30.29,56.4346637506834,26.819154,25.29001,18.58484125059595,824.71,29.897587,32.236784,21.639959,159.334421089266,18.54675546000315,12.60756296
592,MATO G. DO SUL,BULL24966928,5d,A,44.8,105.2942073170732,25.57,24.68,24.6600239329268,3072.05,28.22,30.43,29.123434,147.465982540433,24.6381914595382,12.52
593,MATO G. DO SUL,BULL24966928,5d,C,36.279808,108.8344972085447,25.28,24.23,24.8596212292947,2363.123,27.75,30.17,28.142385,145.06167034147,24.8849599452454,12.56
594,MATO G. DO SUL,BULL24966928,5d,B,218.42,106.309083422149,26.58,24.36,25.7502643629493,19479.281,29.32,31.51,25.785245,157.018150759182,25.6765288776735,12.5
595,PIRACICABA,BULL24966928,>5d,C,22.46,35.65487571701721,27.07,26.32,15.56478977055449,259.43,30.53,33.34,22.1,162.078081172328,15.55007835797985,12.67
596,MATO G. DO SUL,BULL24966928,5d,B,31.07,87.6717357105401,27.19,24.93,23.494536654431,1455.06,30.22,32.54,24.23,162.866325429754,23.4163167055407,12.5
597,GOIAS,BULL24966928,3d,I,57.68184,80.7901362992384,26.99,26.35,22.3116414312558,3154.46,30.45,32.965126,23.235656,161.006265132994,22.2501612879391,12.51
598,RIB. PRETO,BULL24966928,4d,I,34.08,78.6231884057971,27.0637665,25.1808,22.0359615363043,1483.04,30.1586,32.71,26.52,161.897262657903,21.98663357157073,12.63356394
599,S. J. RIO PRETO,BULL24966928,4d,I,18.44,57.795652173913,27.22,26.13,18.97009826086957,306.924,30.66,33.23,26.0,163.267465549802,18.9273922375481,12.63
600,RIB. PRETO,BULL24966928,>5d,D,102.73,70.5613358315882,26.2347,25.58,20.33603047161909,5325.27,29.28,31.52,23.1,153.660146890656,20.29580743601585,
601,MINAS GERAIS,BULL24966928,4d,D,82.17,75.4181274048739,28.29,25.44,22.330812954254,4462.05,31.73,35.11,26.3,174.283683196538,22.2917272966902,12.72
602,PARANÁ,BULL24966928,3d,C,76.67,69.39044379155709,26.6879,25.96,20.42945099366012,3723.44,29.95,31.95,25.0,157.622287205006,20.3573276886369,12.555029
603,RIB. PRETO,BULL24966928,3d,C,97.04,65.1137111947319,28.2844,25.7,20.64924918579492,4528.79,31.81,34.03,29.4,173.031683045125,20.55299030646039,
604,RIB. PRETO,BULL24966928,>5d,I,27.79,100.6725775807473,25.77,23.85,24.2102139328689,1412.14,28.22,30.83,25.9,149.959715395091,24.2332435663891,12.58
605,MATO G. DO SUL,BULL24966928,3d,D,176.0163,64.00858695141889,27.33,25.43,19.97291637965251,8542.256,30.56,32.94,22.765152,164.193267948581,19.91535680952437,12.5
606,MINAS GERAIS,BULL24966928,5d,A,65.8,74.31858736059479,28.06,25.11,22.0083651301115,3364.74,31.33,33.47,26.9,170.885374741553,21.90151210615232,12.56
608,ARACATUBA,BULL24966928,2d,I,155.07,108.3484308380513,26.52,25.12,25.989792157685,13796.57,29.48,32.05,28.8,156.794923960616,25.9507637169203,12.65
609,GOIAS,BULL24966928,2d,D,19.246103,62.2587390767148,28.53,25.04,20.30776956938095,376.18,31.88,34.26000000000001,22.0,175.606457005235,20.22265423389185,12.48
610,S. J. RIO PRETO,BULL24966928,>5d,I,108.12,68.8594257178527,26.92,25.84,20.48342631710362,5477.328,30.19,33.44,26.0,161.187723115796,20.48272826051819,12.73
611,MINAS GERAIS,BULL24966928,>5d,C,180.41,66.626684876195,28.73,24.5,21.13904437978742,9211.68,31.93,34.94,23.5,178.214506325984,21.07974745892185,12.66
612,ASSIS,BULL24966928,1,C,28.0,110.654,27.29,24.41,27.0841966,1590.464,30.19,32.57,24.00266,163.943697521206,26.989853535257,12.51
613,S. J. RIO PRETO,BULL24966928,>5d,D,72.3,38.1326865671642,27.481473,26.662825,16.04572481507015,1587.801,31.16153,34.710173,20.497124,166.634725062634,16.04102080246143,12.74841774
614,GOIAS,BULL24966928,5d,C,28.68,81.3962829736211,27.33,26.5,22.6384501798561,1169.53,30.91,33.75,22.9,164.538521270183,22.5856063864433,12.66
615,PARANÁ,BULL24966928,2d,D,93.62,92.8190394511149,26.671765,24.999801,23.8575795435249,6608.45,29.629858,31.625967,23.389206,157.575682034065,23.7652867894341,12.55975986
616,PARANÁ,BULL24966928,2d,C,168.65,62.7636131503351,26.676005,25.654173,19.45007040412384,7964.12,29.838434,31.872581,24.653995,157.584644679835,19.39040258315614,12.5623605
617,SÃO CARLOS,BULL24966928,4d,I,19.72127,81.2424950817676,26.5,24.66,22.0401617868563,546.64,29.32,32.12,25.864302,156.930852359965,22.0353738317313,12.58
618,S. J. RIO PRETO,BULL24966928,3d,C,250.93,79.1675386096346,27.56,25.4,22.4512690076591,16060.34,30.83,33.18,25.83,166.34079228028,22.3666911245273,12.49
619,PARANÁ,BULL24966928,2d,C,132.71,46.8422665893464,28.0707,25.7,17.59939613677409,4217.81,31.55,33.56,28.0,170.778796238422,17.53221314727462,12.530676
627,S. J. RIO PRETO,BULL24966928,1/½,C,32.98,108.2862249761678,26.946226,25.244256,26.3911567918065,2032.085,30.04065,32.989231,28.939903,161.209310560721,26.3668012451885,12.6881971
628,GOIAS,BULL24966928,4d,C,110.64,84.5141930251419,27.85,26.24,23.493499594485,7164.8,31.47,34.7,24.8,169.868932224855,23.4477382240262,12.7
629,GOIAS,BULL24966928,4d,C,395.14,100.6567834212037,26.4,24.52,24.7665768126533,33979.96,29.15607,32.050932,25.36,156.117811580153,24.7770216083994,12.7073859
630,ARACATUBA,BULL24966928,1/½,I,14.04,115.411764705882,26.33,25.44,26.8189058823529,222.96,29.35,32.68,29.5,155.788496987378,26.8694222178712,12.77
631,MATO G. DO SUL,BULL24966928,fr,D,63.45,131.404859086492,25.83,24.34,28.5136920116618,6155.38,28.43,30.85,23.52,150.222261875346,28.5044097018419,12.55
632,PARANÁ,BULL24966928,5d,C,57.34,29.3512130569034,28.1526,26.16,14.80267204022938,798.704,31.81,33.9,24.0,171.591759445465,14.76911062026434,12.538222
633,S. J. RIO PRETO,BULL24966928,1/½,B,20.41,119.1661117717,27.22,25.92,28.3106822116528,913.267,30.59,33.71,29.0,163.86712791366,28.2750096044425,12.7
634,PARANÁ,BULL24966928,>5d,C,105.0,54.8012150537634,26.728,25.52,18.30376295311828,3992.513,29.86,31.52,25.0,157.6472283713,18.23387834350462,12.50255
636,GOIAS,BULL24966928,1/½,C,26.46,119.65214384509,26.1,24.4,27.1789522821577,1568.65,28.76,31.9,,153.59370026002,27.2428653879502,12.76
637,S. J. RIO PRETO,BULL24966928,5d,I,24.28541,48.4904386585389,26.55,27.06,17.30935882481741,460.3,30.13,32.299938,25.6693735,156.381003869444,17.26852616515622,12.46
639,SÃO CARLOS,BULL24966928,4d,A,27.16,58.4731530343008,26.483,27.677,18.73070675395778,716.533,30.247,32.636,23.561,155.910110889652,18.68795660655798,12.608
640,ARACATUBA,BULL24966928,2d,D,79.9,94.1648159057437,28.1289,24.79,25.2522809926215,5590.991,31.31,33.29,24.1,171.3976686537,25.096880100736,
644,S. J. RIO PRETO,BULL24966928,3d,I,39.9,84.0126164874552,26.35,25.87,22.3338104659498,2021.152,29.51,32.76000000000001,26.8781595,155.822522399443,22.3570361478095,12.75
646,S. J. RIO PRETO,BULL24966928,>5d,I,21.97,25.8926780341023,27.47,26.76,14.14919729187563,150.51,31.18,33.6,25.176016,165.395048346955,14.13106801870981,12.48
649,ARACATUBA,BULL24966928,3d,C,38.48999999999999,90.7040392600982,26.85,26.25,23.6875498301246,2096.87,30.24,32.43,23.9,159.339740457001,23.5962327175005,12.58
650,RIB. PRETO,BULL24966928,>5d,A,43.08,91.4414414414414,27.268552,24.2928,24.129557796036,2481.04,30.12227,32.65,21.87,163.923979866693,24.0690599501307,12.6308602
652,MATO G. DO SUL,BULL24966928,2d,C,132.63,121.932578960458,26.29,24.17,27.7093655334494,13273.167,28.93,31.38,24.188113,154.615628033885,27.6781037898303,12.54
653,MATO GROSSO,BULL24966928,4d,E,18.3,72.96095238095239,27.88,25.56,21.68059923809524,396.054,31.27,33.48999999999999,25.253865,169.212489373606,21.58382307839536,12.47
655,S. J. RIO PRETO,BULL24966928,2d,D,124.52,87.7602204052613,28.44,24.97,24.454980234625,8536.54,31.75,34.16,27.9,174.79298870429,24.3332327046682,12.49
656,S. J. RIO PRETO,BULL24966928,2d,C,19.11,147.517580872011,25.93,25.27,30.8775990154712,975.53,28.82,31.83,26.78,151.713045374216,30.9335739253753,12.61
657,PIRACICABA,BULL24966928,1,E,19.86,86.1511450381679,26.78,24.45,22.9595392366412,594.828,29.59,32.07,26.8,159.235727994755,22.9176978213393,12.63
658,PIRACICABA,BULL24966928,1,D,17.59,86.0898032200358,26.78,24.45,22.9504729159213,426.162,29.59,32.07,27.12,159.235727994755,22.9086661140901,12.63
659,ASSIS,BULL24965902,3d,I,350.79,76.9153753062369,27.09,26.25,21.79573013371115,22004.68,30.53,33.41,23.87,162.34936790993,21.7599856449286,12.55
660,PIRACICABA,BULL24965902,3d,I,109.18883,94.6607337489298,26.8155,25.5069,24.2466010085727,8045.7,29.9612,32.48999999999999,23.54,159.484283226158,24.1911590679092,12.63431686
661,ASSIS,PT35013377,4d,B,26.04,136.344729344729,26.87,25.87,30.4900612535613,1757.8,30.14,32.06,26.6,159.266090837333,30.3117622068246,12.54
662,ASSIS,PT35013377,3d,B,39.15,136.422836095764,27.06,25.58,30.7380791160221,3390.08,30.28,32.22,26.5,161.122814127058,30.55428346027,12.54
663,PARANÁ,SCS19003,>5d,C,23.4,48.8598245614035,25.0753,26.35,16.81953264087719,432.202,28.09,30.42,25.0,142.73107616948,16.8187245323305,12.644895
665,ARACATUBA,SCS19003,1/½,C,25.39,94.2896938013443,27.66,25.14,24.8865660492905,1113.859,30.86,33.73999999999999,32.0,167.885121650554,24.8277389288094,12.67
666,S. J. RIO PRETO,SCS19003,4d,I,87.09798,90.9157045236104,27.4,26.0,24.153018496636,5938.41,30.83,32.859116,25.450247,164.401707271351,24.0268880999197,12.45
668,ARACATUBA,SCS19003,2d,C,65.34,118.498218972628,27.78,24.74,28.8054189538808,5692.615,30.88,33.54,32.0,168.840706377248,28.7032558915858,12.64
669,ARACATUBA,SCS19003,2d,I,23.95,72.2577405857741,28.39,25.47,21.87624368200837,732.08,31.86,34.25,25.6,174.237872316842,21.77608762325619,12.58
670,MATO G. DO SUL,SCS19003,fr,B,57.52,131.412346221441,25.83,24.34,28.5147274824253,5447.65,28.43,30.85,24.59,150.222261875346,28.5054445905696,12.55
671,MATO G. DO SUL,SCS19003,3d,A,352.9152,79.1445861023504,25.9871,25.944,21.39158040272185,22902.61,29.0888,31.12,25.19,151.027346077565,21.33493360928631,12.5753826
672,MATO G. DO SUL,SCS19003,>5d,B,33.41,87.0042036431574,27.08,25.23,23.3106339093881,1617.84,30.2,32.59,23.64,161.864236122705,23.2404476849736,12.51
673,GOIAS,SCS19003,3d,I,120.61,91.3763925973667,30.52,28.59,26.7005079090323,8633.07,35.72,40.21,,195.78388080139,26.5881014755588,12.76
674,PARANÁ,SCS19003,2d,E,122.4,72.8326992753623,26.332035,25.032881,20.71856375158967,6727.93,29.232542,31.481186,26.48305,154.659175897908,20.67834274626842,12.60676384
675,MINAS GERAIS,SCS19003,>5d,A,25.604733,85.5200021933543,28.53,25.94,24.1528563625615,1012.22,32.2,34.65,24.0,175.569516738534,24.0256312293829,12.59
676,S. J. RIO PRETO,SCS19003,3d,B,24.37,33.890864995958,28.17,26.57,15.5397528698464,282.79,31.97,34.79,26.7,172.449319139983,15.51237438398674,12.64
677,GOIAS,SCS19003,>5d,B,16.05,79.2172839506173,26.95,25.51,22.0489839506173,284.23,30.13,32.93,21.7,161.047722095652,22.0185830582961,12.67
680,MINAS GERAIS,SCS19003,4d,I,46.74,107.7003454231434,27.43,24.71,26.766563298791,3336.63,30.45,32.67,26.4,165.04983528209,26.6469221034512,12.58
681,PARANÁ,SCS19003,1,C,32.09,61.5314584370334,27.0137,25.06,19.43650457536088,1007.087,30.06,32.37,24.0,161.169689865931,19.38859229365951,12.599962
682,MINAS GERAIS,SCS19003,4d,C,64.64752,130.307339073142,27.125714,25.828571,29.8948297492136,6240.588,30.444286,32.704287,23.428572,162.078022481757,29.7553314931757,12.5985714
683,MINAS GERAIS,SCS19003,4d,B,21.256993,127.049347017979,27.76,26.52,30.1317770900335,1077.011,31.45,33.79,24.0,168.088815218195,29.9579162676633,12.59
684,MINAS GERAIS,SCS19003,4d,I,69.99000000000001,91.6197620279359,26.26,25.43,23.3537780651837,4629.15,29.27,32.67,22.9,155.205104074074,23.4019563075635,12.78
685,S. J. RIO PRETO,SCS19003,3d,I,36.64,108.4397321428571,26.51,25.55,25.9934051339286,2388.275,29.6,32.52,28.0,157.026674147958,25.9863336083985,12.7
686,ARACATUBA,SCS19003,2d,D,79.09,87.6326725294381,27.697571,24.529835,23.872492469506,5086.196,30.708183,33.123745,27.42053,167.823969468346,23.7853832550366,12.60512626
687,ARACATUBA,SCS19003,fr,I,62.0,153.78834,25.373003,23.646488,30.9613589618502,7101.417,27.698309,30.243172,21.524447,146.17855320076,31.0249543219374,12.68860984
688,S. J. RIO PRETO,SCS19003,2d,D,35.17,109.368321104877,27.41,26.25,27.0044582822615,2268.024,30.93,33.71,22.0,165.266302975586,26.9232826026842,12.65
689,ASSIS,SCS19003,3d,A,46.32,90.4222027972028,25.83,24.85,22.8457906468531,2703.45,28.58,30.81,22.1,149.920477009398,22.816027617918,12.62
690,PIRACICABA,SCS19003,2d,C,38.72,79.0950598802395,27.14,25.0,22.1581920658683,1804.78,30.19,32.58,24.7,162.4622635169,22.0952745803828,12.61
691,RIB. PRETO,SCS19003,2d,I,15.04,86.8421052631579,28.59,25.82,24.4163052631579,239.52,32.23,34.06,27.93,175.507584068351,24.2372518181681,12.41
692,MINAS GERAIS,SCS19003,3d,I,23.16,97.5645161290323,25.821,25.38,23.8258717741935,966.9,28.720299,31.512941,22.0,150.427488260404,23.8444810519588,12.7019
694,S. J. RIO PRETO,SCS19003,1/½,C,13.39,62.5179856115108,26.88,25.0,19.51707625899281,82.22,29.88,34.05,,161.864239791075,19.57083950944553,12.86
695,S. J. RIO PRETO,SCS19003,5d,C,13.58,64.2658227848101,27.18,26.0,19.93395189873418,94.58,30.57,33.6,22.6,163.386267938083,19.91232785210565,12.69
696,MINAS GERAIS,SCS19003,2d,I,65.59,107.8495988057473,28.4,24.93,27.7193342041426,5148.58,31.68,33.79,26.3,174.099101310291,27.5371338273636,12.54
698,S. J. RIO PRETO,SCS19003,>5d,E,163.95,61.2127673576834,27.48,26.16,19.6181363869694,7489.88,30.98,34.11,23.9,166.294049651702,19.59323717018409,12.7
699,PARANÁ,SCS19003,3d,D,22.82,80.1265249537893,25.8111,25.22,21.40902248789279,749.129,28.66,30.96,24.0,149.779640228729,21.38644809816662,12.627059
700,MINAS GERAIS,SCS19003,5d,I,18.33,52.3680884676145,27.26,26.4,18.16017030015798,267.53,30.79,34.08,24.4,164.342589027555,18.14977911124978,12.72
701,ARACATUBA,SCS19003,3d,I,98.27,64.1322591862756,28.22,25.21,20.45585244001391,4509.45,31.56,33.93,27.0,172.637583169909,20.37440012087061,12.58
702,GOIAS,SCS19003,2d,I,156.91,111.5386791801808,27.21,24.92,27.1398331033055,14436.15,30.25,32.71117,23.8548565,163.213614308728,27.0516034423521,12.52
703,PIRACICABA,SCS19003,1,I,45.08409,138.716799525089,26.9024,24.2309,30.8838443324269,4204.31,29.6691,31.98,28.3,160.223971983342,30.7824673426256,12.6077172
704,S. J. RIO PRETO,SCS19003,5d,C,16.53,69.61589403973511,26.77,26.74,20.50986754966887,273.0,30.3,33.47,24.3,159.556446766304,20.5015966017672,12.73
705,ARACATUBA,SCS19003,>5d,I,36.0,88.745,26.03,24.48,22.7673235,1853.88,28.71,31.43,24.5,152.442308019476,22.7782449289547,12.69
706,PARANÁ,SCS19003,5d,B,22.72,27.3957089552239,25.4869,26.43,14.07640387108209,177.042,28.62,30.88,24.0,146.515725002707,14.0709649520426,12.621571
708,S. J. RIO PRETO,PS321911285,1,I,68.03999999999999,134.853140613847,26.64,23.6,29.9856997858672,6896.69,29.17,31.82,22.61,158.231038575268,29.9649423441963,12.57
709,ASSIS,PS321911049,5d,E,245.82,37.2061414763493,26.77,26.73,15.7229470960568,5905.7,30.3,33.15,25.352846,159.230698529821,15.71111781680441,12.54
710,ASSIS,PS321911049,2d,I,89.75,140.148295819936,26.21,25.49,30.2098728360129,9975.53,29.22,32.1,26.47,154.168226751117,30.2186159778978,12.58
711,MATO G. DO SUL,PS321891115,>5d,A,29.05,66.608211143695,25.7897,25.108,19.53030849208211,943.07,28.6016,30.75,24.62,149.407517414225,19.50357872368697,12.60401285
712,ASSIS,SCS17,5d,A,37.32,84.5201421800948,26.22,25.67,22.3123642180095,1848.21,29.29,31.57,23.8,153.556536432623,22.2657001486156,12.61
713,ASSIS,SCS17,2d,I,236.67,109.5604664619219,25.75,24.36,25.4145641385143,21930.91,28.34,30.48,24.6,149.117703020784,25.3772670668949,12.61
714,ASSIS,PT35001499,3d,C,13.75,92.9371428571429,25.25,25.4,22.7241714285714,153.64,28.03,30.33,24.3,144.468474438958,22.7216198397337,12.64
715,ASSIS,PT35001499,2d,D,48.83,104.9196307358132,25.86,24.69,24.8786608199837,3434.23,28.57,30.77,23.8,150.187284863941,24.840311481942,12.61
716,ASSIS,PT35001499,4d,D,48.12,91.3513289036545,25.25,25.4,22.5140510797342,2878.17,28.03,30.33,24.8,144.468474438958,22.5115494845711,12.64
718,PIRACICABA,AIC456PS321974039,2d,D,46.12,43.9794841735053,26.5,25.98,16.63702520515827,1103.14,29.73,33.31,23.3,157.550193776545,16.65462011832765,12.79
719,S. J. RIO PRETO,AIC456PS321974039,2d,E,24.76,84.66065830721,26.73,25.75,22.702914968652,939.15,29.93,33.87,25.7,160.102851013347,22.7612506518045,12.83
720,MINAS GERAIS,BULL24988082,2d,I,20.08,122.251485148515,25.1298,23.81,26.4757994970297,902.832,27.453151,31.343224,24.0,145.46378513718,26.7145805249164,12.9009
721,PARANÁ,BULL24988082,3d,A,43.25,77.907008,26.0799,25.44,21.279640819392,2071.594,29.05,30.77,25.0,151.581243110732,21.19938210634897,12.525188
722,MINAS GERAIS,BULL24988082,1/½,I,278.17,134.654957358079,26.07,23.26,29.2575525002818,32659.07,28.4,31.41,28.1,153.347048810124,29.3369162444961,12.75
723,GOIAS,BULL24988082,4d,C,46.71,85.438202247191,26.39,24.28,22.5677573033708,2561.04,29.07,32.08,23.7,156.190320819242,22.5890779424108,12.73
724,ASSIS,BULL24988082,4d,I,24.88,84.3233695652174,24.81,24.75,21.26462364130435,943.525,27.33,30.57,22.9,141.571441319973,21.37104323568231,12.68
725,PARANÁ,BULL24988082,4d,C,22.4,45.4057692307692,23.2818,24.42,15.76877207307692,359.42,25.42,28.25,24.0,126.879680722636,15.83764410352484,12.808506
726,ASSIS,BULL24988082,2d,I,253.0,97.7426141078838,26.72,25.12,24.6213127966805,20675.97,29.73,32.52,27.01,158.924156122696,24.5976612215548,12.56
727,MINAS GERAIS,BULL24988082,2d,I,70.05,102.9465977605512,27.01,24.26,25.6510843238587,5291.45,29.81,32.47,26.5,161.635921507583,25.6088779638796,12.66
728,GOIAS,PT35022994,1/½,E,59.14,88.7889266016122,26.99,25.09,23.5106600975817,3631.83,30.04,33.06,30.7,161.721274408415,23.4969359512476,12.7
729,GOIAS,PT35022994,1/½,B,78.72,111.5681205035971,25.76,24.9,25.700573381295,6655.185,28.5,31.43,29.5,150.085766485536,25.7489402372635,12.73
730,RIB. PRETO,PT35022994,2d,B,583.67,96.7295992443193,26.42,25.08,24.2180082110308,48449.37,29.34,32.06,26.66,156.028590568591,24.2034847586008,12.68
731,RIB. PRETO,PT35022994,5d,A,44.79,61.935956084172,25.48,24.74,18.73136688014639,1649.4,28.12,31.09,24.0,147.529914436869,18.76781585541107,12.74
732,RIB. PRETO,PT35022994,3d,B,120.17,87.4109272441527,27.29,25.62,23.530330775631,8169.2,30.57,33.23999999999999,25.1,164.104117787747,23.4703125600278,12.64
733,RIB. PRETO,PT35022994,5d,A,13.78,72.01123595505621,27.062383,25.524,21.03912220258427,118.82,30.266718,32.9,22.78,161.927439136998,20.99733092618771,12.6431606
734,ARACATUBA,BULL24985476,4d,C,100.45,44.5457320520068,25.4286,26.47,16.37043617433578,2890.67,28.56,31.23,23.4,146.438093289899,16.37538616179573,
740,SÃO CARLOS,BULL24985476,3d,B,46.68,92.9464244521338,26.214,25.2,23.5057247716263,2819.222,29.14,31.69,23.721,153.875283352153,23.4842969054901,12.66
741,ARACATUBA,BULL24985476,3d,I,57.26,65.2154220061865,25.8819,26.01,19.3873116674768,2420.53,28.98,31.33,21.6,150.40263379142,19.3651545639781,
742,ARACATUBA,BULL24985476,3d,D,99.32,71.02954649564819,26.414,25.62,20.50851883188273,5166.46,29.51,32.04,24.0,155.680820616281,20.48141368110165,
743,ARACATUBA,BULL24985476,1/½,C,63.47,96.955702350884,27.5948,24.88,25.2486718702157,4384.67,30.7,32.95,30.2,166.623881796684,25.1361804782573,
744,ARACATUBA,BULL24985476,1/½,E,45.96,116.428150765607,26.4902,25.45,27.1318479022379,3558.38,29.55,31.88,28.1,156.194918575554,27.0580086966424,
745,S. J. RIO PRETO,BULL24985476,1/½,B,99.05,89.7261344055141,26.18,24.64,23.0215658587019,6778.06,28.93,32.52,29.6,154.79114936993,23.098604067845,12.81
746,RIB. PRETO,BULL24985476,2d,C,36.17,91.8460901944559,26.5853,25.53,23.645791793132,1941.88,29.69,32.42,21.4,157.531052873643,23.6200855738431,
747,ARACATUBA,BULL24985476,1/½,I,52.66,111.748401377275,26.44,24.65,26.4036691588785,4067.77,29.24,32.32,30.4,156.679985630443,26.4315972779238,12.73
748,ARACATUBA,BULL24985476,2d,I,55.31,67.66520434079891,26.44,24.65,20.03805550681136,2422.86,29.24,32.32,20.6,156.679985630443,20.05364096414246,12.73
749,MATO G. DO SUL,BULL24985476,4d,B,30.76,126.716204690832,26.18,25.07,28.2667578251599,2164.076,29.06,31.4,26.9353,153.327276094784,28.2125287328869,12.52
750,S. J. RIO PRETO,BULL24985476,2d,I,57.38,107.6029087703834,26.99,24.13,26.3308760246805,4350.46,29.74,32.26000000000001,23.96,161.307219807513,26.2742045140172,12.54
751,MINAS GERAIS,BULL24985476,5d,C,14.48,89.1895161290323,26.76,24.22,23.3931725806452,203.43,29.49,32.9,23.0,160.110850402703,23.4326048760441,12.77
752,SÃO CARLOS,BULL24985476,5d,C,38.83,77.4036898993664,27.773,26.9,22.3161240078271,1766.781,31.6,33.6,23.32,167.811386686444,22.1906396176305,12.53
753,SÃO CARLOS,BULL24985476,4d,I,104.28,68.2620286085826,25.8,25.45,19.7641599479844,5203.86,28.71,31.63,22.65,150.36470175756,19.78467880870185,12.6
754,RIB. PRETO,BULL24985476,2d,A,18.24,142.19391025641,26.962967,24.7816,31.4808718276763,824.41,29.911507,32.48,23.14,161.018276809094,31.4012721574481,12.6411724
755,RIB. PRETO,BULL24985476,2d,C,46.17,117.348551360843,25.082576,23.7976,25.7823042966813,3611.76,27.39492,30.16,23.24,143.707707309052,25.8752161680665,12.73325896
756,GOIAS,BULL24985476,1,I,14.03854,112.974226652408,25.86,26.2,25.9950278140238,217.84,29.01,31.47,30.10926,150.298056185861,25.9645392708986,12.52
757,RIB. PRETO,BULL24975201,5d,I,21.92,103.7661290322581,26.94,25.11,25.7098596774194,922.32,29.99,32.49145,23.93,160.681874212288,25.6439600537228,12.52
758,ARACATUBA,BULL24975201,4d,C,62.58,54.9735073151443,25.5301,26.52,17.81435851324634,2185.6,28.7,31.84,23.6,147.904988049409,17.84031399810587,
763,ARACATUBA,BULL24975201,4d,B,28.38,92.2043956043956,28.08,25.48,24.8968668131868,1325.748,31.48,34.06,25.0,171.498333184966,24.7924674130087,12.62
764,ARACATUBA,BULL24975201,4d,D,40.48999999999999,89.8692523692524,27.47,24.4,24.0463733415233,2230.495,30.39,33.27,27.0,166.198130515001,24.0072931399396,12.68
765,ARACATUBA,BULL24975201,3d,C,56.87,71.0022732337865,26.98939,24.522475,20.84408084387787,2659.432,29.862585,32.610386,24.660698,161.503211976651,20.82102936237506,12.67015487
766,ASSIS,BULL24975201,1/½,A,31.62,175.148827726809,24.74,25.51,32.7851606523955,3212.98,27.44,29.88,31.2,139.831415908534,32.8555456521356,12.68
767,RIB. PRETO,BULL24975201,5d,D,57.76,69.66171328671331,26.9063,24.77,20.59522796765734,2650.6,29.84,32.55,22.4,160.642847242004,20.57100123978917,
768,S. J. RIO PRETO,BULL24975201,1/½,I,53.32039,143.904611742532,27.28,23.88,32.1550246742589,5462.35,30.01,32.610184,28.912487,164.169128873498,32.071809863258,12.55
769,S. J. RIO PRETO,BULL24975201,2d,C,66.27000000000001,113.312880044223,26.75,24.79,26.9436498065229,5510.25,29.66,32.48999999999999,26.98,159.299303600171,26.9233166762417,12.57
770,GOIAS,BULL24975201,1,I,54.67,114.825404265292,27.22,25.24,27.6500265291774,4399.56,30.36,33.309122,29.516436,163.792395874269,27.6081144701689,12.57
771,MATO G. DO SUL,BULL24975201,>5d,E,28.98,86.1226148409894,26.62,24.63,22.8367262897527,1270.602,29.45,31.69,25.42034,157.421656825058,22.7790334583823,12.51
772,MATO G. DO SUL,BULL24975201,5d,C,132.595955,115.76848875238,25.63,24.83,26.1436450169494,12526.06,28.33,30.82,24.876748,148.356054392797,26.1494616965779,12.56
773,RIB. PRETO,BULL24975201,4d,I,28.29,100.7863720073665,28.2481,25.25,26.4260985101289,1458.33,31.61,34.03,24.5,172.951398093957,26.2902907062758,
774,RIB. PRETO,BULL24975201,4d,B,37.04,100.1126198083067,27.5908,25.92,25.7374623290735,2218.34,31.04,33.71,24.1,166.905841505503,25.6491595186602,
775,RIB. PRETO,BULL24975201,4d,A,38.54,99.0320271288621,27.8611,25.36,25.8042368549359,2321.83,31.18,34.33,23.3,170.025534378297,25.7532825950649,
776,ARACATUBA,BULL24975201,4d,I,15.03,70.5049504950495,26.56,25.39,20.51832079207921,189.27,29.62,32.29,28.0,157.245334941619,20.49757113039632,12.66
777,ARACATUBA,BULL24975201,4d,C,146.03,62.9954487801239,25.87,26.36,19.07306874580318,6846.92,29.07,31.44,23.7,150.267686078671,19.05102270337112,12.63
778,GOIAS,BULL24975201,1/½,C,866.81,106.2651232437618,25.12,25.86,24.3675841695815,80590.77,28.0,31.57,28.8,144.642209287926,24.5035342058512,12.84
779,GOIAS,BULL24975201,1/½,B,158.57,101.988333219622,24.65,26.18,23.3835241522822,13201.59,27.52,31.79,29.3,140.932918595739,23.6024584415717,12.95
781,ARACATUBA,BULL24975201,2d,D,20.01,80.6704119850187,25.26,26.16,21.10569662921348,562.05,28.26,31.61,23.4,145.660828247339,21.17854414200361,12.8
782,ARACATUBA,BULL24975201,2d,B,21.53,128.08814270724,26.0799,24.97,28.3450944050367,1118.32,28.91,31.59,26.0,152.79444744835,28.3445659077711,
784,MATO G. DO SUL,BULL24975201,4d,C,32.68,55.3727272727273,25.7,25.01,17.94206363636364,908.948,28.46,30.83,27.1933,148.846053628507,17.93538656237826,12.54
785,MATO G. DO SUL,BULL24975201,2d,B,31.07,100.1415836392239,26.46,25.04,24.7452729942318,1692.86,29.39,31.65,19.11836,155.880309800916,24.6818383603549,12.51
786,PIRACICABA,BULL24975952,4d,A,67.72999999999999,62.9424008612955,27.72,25.18,20.00814541539566,2851.02,30.95,34.33,25.6,168.95132298402,19.99547721116259,12.73
787,MINAS GERAIS,BULL24975952,5d,C,17.29,88.9962192816635,26.76,24.22,23.3646419659735,419.31,29.49,32.9,23.0,160.110850402703,23.4039755156002,12.77
788,GOIAS,BULL24975952,4d,D,69.9,53.1469775474957,29.09,26.97,19.03201846286701,2394.41,33.26000000000001,36.79,23.0,181.747613050724,18.98460122293911,12.7
789,GOIAS,BULL24975952,4d,I,25.37,93.432311144353,25.39,25.33,22.9037864622289,1100.75,28.19,31.92,20.7,147.426917813024,23.0281269086709,12.85
790,GOIAS,BULL24975952,3d,C,37.13,111.7676084361321,28.17,26.0,28.1324222841226,2519.16,31.77,34.88,26.6,172.809888159838,28.0436179545889,12.68
792,MINAS GERAIS,BULL24975952,3d,I,34.3,94.9085201793722,26.23,25.48,23.7978824215247,1860.86,29.25,32.61,25.1,154.873145070923,23.845401031203,12.78
793,RIB. PRETO,SCS19007,1/½,I,22.59,139.230406043437,24.97,24.04,28.5017836638338,1359.37,27.33,30.3,25.01,142.865988333882,28.6501328329956,12.65
794,GOIAS,BULL24987935,1/½,C,41.73,121.863908509923,27.93,24.56,29.5013206256307,3278.254,31.0,33.89,28.5,170.525288568675,29.4162077998179,12.66
795,MATO G. DO SUL,BULL24975033,1/½,D,14.81,63.7900355871886,27.24,25.3,19.89280142348754,157.53,30.41,32.95,27.08,163.533820211418,19.84794194141196,12.52
796,MATO G. DO SUL,BULL24975033,2d,A,24.57406,82.0684583976854,26.8847,25.6896,22.4294798271203,893.045,30.1039,32.09,26.35,159.5017750179,22.3352219864265,12.5500898
797,MATO G. DO SUL,BULL24975033,1,A,13.92877,78.0109810915765,27.1011,26.18,21.96838426562006,139.32,30.527,32.6,25.21,161.595662415651,21.8749564431014,12.5561643
798,MATO G. DO SUL,BULL24975033,1,A,289.99948,84.2847395254121,26.024,25.8192,22.1372118710438,20107.12,29.0961,31.43,24.17,151.749699730603,22.1017706437812,12.62300473
799,S. J. RIO PRETO,BULL24975033,1,I,40.81,66.07434918431099,26.15,25.23,19.65152040958001,1569.882,29.07,31.96,21.0,153.653782614409,19.65983610437001,12.7
800,MATO G. DO SUL,BULL24975033,fr,B,22.66,120.978424015009,27.42,24.7,28.8044729831144,1173.71,30.43,33.02,24.17,165.369495981344,28.7139659640231,12.53
801,S. J. RIO PRETO,BULL24975033,2d,E,59.48,48.838247683235,25.92,26.11,17.12788407750632,1761.08,29.06,33.22,26.9,152.668654999235,17.18198675412936,12.89
802,ARACATUBA,VIC456654,3d,B,23.47,95.4370531822145,27.149,24.8,24.6398791865737,969.023,30.14,32.95,22.1,163.036892687573,24.6020732476494,
810,SÃO CARLOS,VIC456654,4d,E,41.47,63.8937902952155,26.127,27.209,19.33103575500509,1541.31,29.653,32.165,24.081,152.73958670964,19.30351059894533,12.64
811,SÃO CARLOS,VIC456654,4d,C,307.51,64.2662041893675,26.126,27.122,19.38312400379006,15457.186,29.624,32.198,24.152,152.809329973375,19.35956919215642,12.649
812,SÃO CARLOS,VIC456654,3d,E,152.45,64.08682093271631,25.405,26.457,18.98223834603062,7327.594,28.531,31.115,22.863,146.118700699208,18.98581674704819,12.676
813,SÃO CARLOS,VIC456654,5d,C,73.3,44.5663947797716,24.5,26.96,16.07079934747145,2008.32,27.55,30.32,22.0,137.761621265138,16.09560260626461,12.73
814,SÃO CARLOS,VIC456654,5d,B,88.62,55.6946489167319,25.983,26.59,18.10982275802663,3359.884,29.28,31.88,22.16,151.562281153008,18.09812487699894,12.66
823,RIB. PRETO,VIC456654,3d,D,26.29,90.6242127361792,26.5488,25.35,23.4388794625612,1135.54,29.59,32.06,22.8,156.921340871854,23.394326334721,
824,RIB. PRETO,VIC456654,3d,C,24.59,71.8443208895949,26.3754,25.61,20.60286050516283,765.44,29.46,31.75,22.5,155.043792229413,20.56035860344152,
825,PARANÁ,VIC456654,1/½,A,14.69,109.3613382899628,23.920096,25.334827,23.6055649910483,273.902,26.330059,29.127352,29.32829,132.647602179884,23.7464120097085,12.7938729
826,MATO G. DO SUL,VIC456654,>5d,I,63.57,59.0643785146403,26.81,25.24,18.97023445801823,2439.11,29.87,31.67,24.1,158.623972532894,18.90076614260835,12.53
827,PARANÁ,VIC456654,3d,A,103.39,77.9239085239085,26.0799,25.44,21.2820203962578,6036.786,29.05,30.77,25.0,151.581243110732,21.20174110248535,12.525188
828,PARANÁ,VIC456654,2d,C,23.3,92.9504424778761,25.6376,25.87,23.0396975433628,926.74,28.64,30.77,24.0,147.853081636337,22.9973670704445,12.600305
829,PARANÁ,VIC456654,2d,B,74.33,112.113749398364,25.35114,24.029033,25.3663268414247,6252.09,27.773908,29.952286,25.21668,145.45025621195,25.3602055075505,12.62717396
833,ARACATUBA,VIC456654,2d,D,43.92,83.5454260651629,26.8047,25.7,22.5920856926692,2295.73,30.01,32.42,26.3,159.224833494562,22.5332634397411,
836,S. J. RIO PRETO,VIC456654,3d,I,21.83,77.7724313326551,27.58,26.12,22.2473448016277,658.543,31.09,34.18,23.0,167.203266276914,22.2080961738021,12.69
838,ASSIS,BULL24036152,3d,I,38.6,73.9859398496241,25.79,25.02,20.54786110526316,1660.826,28.57,32.28,25.93,151.202234391914,20.62858132795047,12.7
839,ARACATUBA,BULL24036152,3d,I,14.91,110.43264604811,26.979585,24.777523,26.7448018825258,298.439,29.931574,32.40441300000001,26.546113,161.06794869766,26.6731526312746,12.6254611
840,ARACATUBA,BULL24036152,3d,D,38.3,96.6714828897338,27.13,24.15,24.8107953612167,2238.86,29.91,32.36,26.0,162.546600351498,24.7470038957695,12.62
841,PARANÁ,BULL24036152,fr,D,63.5,76.805572815534,26.127161,25.218616,21.15518760862272,3349.487,29.042105,31.439486,24.786167,152.876415799278,21.12957682207157,12.6342389
842,PARANÁ,BULL24036152,1,E,57.83,90.9693868644992,26.507209,25.174881,23.4562539984515,3631.167,29.486048,31.625046,24.006687,156.167395090898,23.3848107961802,12.58479786
843,PARANÁ,BULL24036152,3d,E,13.7,70.2323529411765,26.4669,25.96,20.42441626764706,110.995,29.68,32.03,25.0,155.932163148863,20.3815085240716,12.613339
844,ARACATUBA,BULL24036152,4d,I,73.68,69.5086251621271,26.11,24.97,20.11446701037614,3559.132,28.95,31.36,24.0,152.762387514074,20.09505138047295,12.64
846,RIB. PRETO,VIC450470,5d,A,31.83,97.230610186586,25.24,24.27,23.284532788704,1702.123,27.71,30.66,24.0,145.331648893627,23.3639377923875,12.75
847,ASSIS,BULL24036088,4d,I,179.19,63.9100005981219,28.68,26.98,20.65858809976673,8690.833,32.76000000000001,36.18,25.8,177.773605782964,20.6053079753465,12.56
848,MINAS GERAIS,BULL24036088,5d,C,13.39,53.4172661870504,27.92,24.69,18.59362877697842,69.57,31.03,34.13,25.5,170.629027501928,18.56998065704028,12.69
849,MINAS GERAIS,BULL24036088,4d,D,42.23999999999999,91.9758597883598,26.74,24.76,23.7884417328042,2430.47,29.64,32.78,22.9,159.54644979559,23.8001541811224,12.73
850,MINAS GERAIS,BULL24036088,3d,I,27.0,79.8582,24.632,27.39,20.571847824,1029.873,27.834605,30.707523,22.0,139.051208055731,20.62146628648743,12.7377
851,ARACATUBA,BULL24036091,3d,D,13.88,86.218085106383,27.2,24.41,23.2811489361702,151.53,30.08,32.65,25.0,163.307824979835,23.2297770316151,12.64
852,PIRACICABA,VIC456984,4d,I,20.42,62.2624703087886,27.33,26.0,19.70523669833729,435.21,30.75,33.37,25.0,164.377393550317,19.65886421905343,12.63
853,ASSIS,BULL24036066,5d,A,15.55,74.0591549295775,27.18,25.64,21.42057971830986,232.31,30.44,32.18,26.8,162.023259995352,21.31031673509184,12.51
854,MINAS GERAIS,BULL24036066,3d,A,137.67,107.7861860428105,27.54,24.48,26.8851733110528,12049.45,30.51,32.72,27.1,166.107580022514,26.7613773306438,12.58
855,MINAS GERAIS,BULL24036066,2d,A,65.63,129.115606936416,25.94,23.84,28.3259156069364,6292.91,28.42,30.68,25.5,151.128325681917,28.2940983042851,12.63
856,MINAS GERAIS,BULL24036066,4d,I,36.59,81.6140707604717,26.3666,26.27,22.0011750898739,1723.81,29.65315,32.96494300000001,23.0,155.979055606311,22.0229681650036,12.7528
857,PARANÁ,BULL24036059,>5d,D,18.58,38.9323708206687,26.7244,28.73,15.96563000911854,189.215,30.91,32.69,28.0,157.425285347291,15.91664771167479,12.50598
858,GOIAS,VIC457870,1/½,D,175.7,136.49112400733,26.07,24.22,29.5159011478314,20391.197,28.68,31.49,29.4,152.962497766885,29.5485797898803,12.71
862,S. J. RIO PRETO,VIC457870,4d,I,212.28,92.9394847213901,27.47,24.29,24.521338286399,16222.56,30.36,32.7,24.37,165.616844801677,24.4336682627734,12.5
865,SÃO CARLOS,VIC457870,>5d,A,26.59,38.799931459904,28.315,26.75,16.37240881768335,403.011,32.22,34.5,23.93,173.263477143104,16.321850134421,12.56
866,SÃO CARLOS,VIC457870,5d,C,17.93,73.93018549747049,26.938,26.59,21.25113110961214,379.246,30.46,33.04,23.22,160.553201169362,21.19992730466163,12.63
867,SÃO CARLOS,VIC457870,4d,E,221.62,30.5211430207041,27.919,26.98,14.94838075746589,3894.402,31.81,33.8,23.501,169.179057379171,14.91113580157909,12.52
868,PARANÁ,VIC457870,3d,D,43.5,87.9330158730159,27.3114,23.58,23.626407792381,2403.89,29.95,31.71,25.0,163.510637918295,23.5046596739807,12.517299
869,ARACATUBA,VIC457870,5d,B,55.92,97.6425546448087,27.1415,24.32,24.9675674115437,3773.421,29.98,32.27,25.6,162.448642648979,24.8848060993025,
870,S. J. RIO PRETO,VIC457870,2d,C,93.92,112.07421875,28.65,24.23,28.662357421875,8210.08,31.74,33.98999999999999,27.81,176.703065238435,28.4825305794667,12.47
871,ARACATUBA,VIC457870,2d,D,27.68,104.5431760204082,26.959195,24.5394535,25.8437141600861,1463.077,29.83379,32.613516,26.864843,161.251111679379,25.8121718993864,12.67594534
872,ARACATUBA,VIC457870,2d,C,38.45,104.4987145557656,26.959197,24.539452,25.8370649328647,2458.591,29.83379,32.613516,26.864838,161.251131077739,25.805537770685,12.6759451
873,RIB. PRETO,VIC457870,3d,A,24.56,73.9761146496815,27.43207,24.9072,21.56419739601911,790.42,30.51365,32.87,22.75,165.198508963494,21.49464835568176,12.59826785
874,S. J. RIO PRETO,VIC457870,3d,I,309.5451,75.9121934792406,26.36,25.64,21.17779098361895,19028.76,29.45,32.446516,24.985292,155.68344319119,21.18312402099884,12.59
875,S. J. RIO PRETO,VIC457870,3d,I,539.81,99.7699456243724,27.836732,25.70772,25.8998910650776,46337.855,31.267727,34.219095,25.3300295,169.546320100801,25.8278319485673,12.66516024
876,S. J. RIO PRETO,VIC457870,3d,B,74.62,83.3457681251996,27.59,25.6,23.1228052507186,4479.672,30.93,33.85,26.0,167.200305703707,23.0728850236968,12.67
878,PARANÁ,VIC457870,1,E,48.22,96.7190226394257,26.5093,25.18,24.2921371518222,3080.523,29.49,31.62,24.0,156.175925667102,24.2144435106514,12.583498
879,S. J. RIO PRETO,VIC457870,1,D,66.75999999999999,111.6941197954712,25.25,23.85,25.2094708728999,5471.25,27.61,30.96,22.65,145.965952554793,25.3556177225119,12.69
883,RIB. PRETO,VIC457870,4d,A,25.11,71.1007627765065,26.27,24.31,20.43367884820748,786.811,28.94,31.97,24.5,155.079913706814,20.45613203806943,12.73
884,S. J. RIO PRETO,VIC457870,1/½,I,525.11,127.546913917094,27.114219,24.791551,29.464013617171,59300.277,30.09447,33.05634999999999,27.081148,162.873973450887,29.4330220226596,12.6936865
885,S. J. RIO PRETO,VIC457870,1/½,C,64.78,101.985733232285,27.22,25.090321,25.6958285979538,4761.447,30.316343,33.40806,30.376335,163.963073034672,25.6745085512562,12.7050534
889,S. J. RIO PRETO,VIC457870,3d,D,34.09,103.5249886826618,27.32,25.38,26.0216282661838,2033.787,30.53,33.87,25.0,165.114408115467,26.0137944699206,12.73
891,S. J. RIO PRETO,VIC457870,1/½,D,13.23,160.747967479675,26.65,23.92,33.7915772357724,194.96,29.28,31.83,27.75,158.162507671571,33.7413759378786,12.55
892,S. J. RIO PRETO,VIC457870,1,I,20.91,106.7643097643098,26.28,24.74,25.5323434343434,856.35,29.08,32.19,22.42,155.194731920805,25.5697499323605,12.62
895,S. J. RIO PRETO,VIC457870,1,I,35.12,135.116349480969,27.19,23.96,30.7013734861592,2858.45,29.92,32.717468,23.012784,163.531245452372,30.6559737724007,12.57
896,S. J. RIO PRETO,AIC456PS321OUTRAS,3d,I,17.12,87.5529296875,26.66,25.42,23.0760594921875,398.831,29.75,33.41,23.0,159.226221204932,23.1233723388525,12.8
898,PARANÁ,VIC450618,fr,E,227.9,70.1210467809171,25.4993,25.090399,19.84593446809634,12560.334,28.247166,30.694609,25.827903,147.037900193967,19.84854411437035,12.6599404
899,S. J. RIO PRETO,VIC450618,2d,I,28.65,100.0108108108108,26.42,24.63,24.6911589189189,1477.38,29.22,31.84,24.44,155.97621810082,24.6714636925273,12.56
900,S. J. RIO PRETO,VIC450618,1,I,17.16,132.374031007752,27.35,24.73,30.4774137596899,633.13,30.36,32.66,21.08,164.380737036711,30.3426835650411,12.5
903,ARACATUBA,BULL24975242,3d,E,52.61,89.8736025609456,26.9891,24.42,23.6725521614627,3174.447,29.83,31.93,24.0,160.772091842947,23.5854187523382,
904,ARACATUBA,BULL24975242,2d,I,188.23,100.5021789706633,26.799378,24.174845,25.097772004105,15608.739,29.534224,32.469069,27.0,159.970730719868,25.0957320925896,12.7
905,PIRACICABA,BULL24975242,BIS,C,17.61,113.328342245989,26.64,24.22,26.8344693048128,580.452,29.35,32.16,30.0,158.325648585653,26.8269353992534,12.69
907,ARACATUBA,BULL24975242,2d,E,35.86,99.1399413243923,27.7766,24.43,25.7477199829841,2091.159,30.77,32.52,25.1,167.826351469144,25.5786991238153,
908,MATO G. DO SUL,BULL24975242,2d,I,144.23598,82.9487690112782,27.55,25.51,23.0325335812538,9393.98,30.85,33.03,22.937443,166.04706927092,22.9294499345669,12.47
909,ARACATUBA,BULL24975242,4d,C,81.55,73.7995686556434,26.8492,24.7,21.1767415488138,4310.16,29.75,31.78,23.5,159.331255815097,21.10500805886725,
910,S. J. RIO PRETO,BULL24975242,3d,I,20.47,90.2337662337662,26.56,25.25,23.3908363636364,674.64,29.57,31.8,24.487716,156.764482600803,23.3254706907433,12.49
911,S. J. RIO PRETO,BULL24975242,2d,I,252.91,102.8468722759537,26.14,23.96,24.8457477398198,21897.92,28.69,31.86,24.96,154.071994631497,24.9067963502775,12.64
912,ARACATUBA,BULL24975242,3d,C,32.97,49.7316165951359,26.09,27.14,17.31638477825465,803.232,29.58,32.61,27.0,152.953401673975,17.31839970974262,12.71
913,ASSIS,BULL24975242,4d,I,53.6,71.1213942307692,25.69,25.46,20.09371887019231,2471.45,28.58,31.87,24.17,149.74015607759,20.14339006887091,12.64
914,ARACATUBA,BULL24975242,3d,I,123.98,68.1093230934095,27.294771,24.556817,20.5817924767871,6295.122,30.23634,32.887484,27.100538,164.27309476571,20.54394027264256,12.64785564
915,MATO G. DO SUL,BULL24975242,3d,E,41.45,116.855687606112,26.82,24.44,27.5396129032258,3100.0,29.63,31.88,23.891149,159.34784956826,27.4502600837618,12.51
916,MATO G. DO SUL,BULL24975242,3d,I,45.76,68.05148104265399,28.31,25.35,21.14199655805687,1904.298,31.72,33.65,26.639466,173.002317994474,21.02441837489064,12.43
917,S. J. RIO PRETO,BULL24975242,2d,I,105.61,128.06992842645,27.197488,24.901248,29.6397134442184,10877.306,30.229984,33.429985,23.0,163.892384573478,29.6301382059664,12.72
918,S. J. RIO PRETO,BULL24975242,fr,D,33.44,139.445475746269,26.81,24.99,30.8746749580224,2744.431,29.79,32.83,28.0,160.063396565633,30.8700100159155,12.71
919,ARACATUBA,BULL24975242,4d,B,25.23,74.3049886621315,27.92,23.79,21.91895419501134,836.295,30.73,33.04,26.0,169.904512387799,21.8382388540212,12.59
920,GOIAS,BULL24975242,1,I,29.02,139.074030552291,26.67,26.11,30.6417602820212,2174.8,29.97,32.712563,32.02622,158.262586884467,30.5861764344139,12.54
921,ASSIS,BULL24975242,3d,I,58.52,109.2688950988822,26.66,25.52,26.2596200214961,4536.949,29.78,32.77,23.37,158.517093839539,26.2515558308712,12.58
922,GOIAS,BULL24975242,3d,I,49.47,70.0117694155324,28.78,24.62,21.73437490792634,2185.701,32.03,34.5,30.111061,178.121927874984,21.63702697474727,12.5
923,PIRACICABA,AIC456PS321046007,1,I,24.44,177.303054662379,25.5239,24.1169,34.3554198094855,2068.37,28.0022,30.37,25.37,147.307123115664,34.3666807685979,12.65310985
924,S. J. RIO PRETO,BULL24975162,3d,D,46.49,64.7857349956509,26.6,25.38,19.70671730936503,1832.58,29.66,32.41,24.99,157.713099918687,19.69157307770262,12.56
925,RIB. PRETO,BULL24005014,2d,I,27.94,146.282936010038,27.4499,23.7,32.7465793306148,2152.47,30.15,32.88,23.7,165.943674062419,32.6720085332739,
926,ASSIS,BULL24005014,2d,A,33.45,145.339393939394,25.74,24.97,30.3208327272727,2872.13,28.51,30.61,24.9,148.89449689347,30.2534292494136,12.6
927,RIB. PRETO,BULL24005014,3d,I,18.72,100.0610119047619,27.62,24.74,25.7551300595238,603.77,30.69,32.45,28.68,166.317657311052,25.5893690575835,12.42
928,RIB. PRETO,BULL24005014,3d,B,31.42,91.3182286302781,25.967406,24.376,23.0786990247992,1552.36,28.601948,31.67,22.1,152.271162193887,23.1260601131296,12.74599856
930,PIRACICABA,BULL24975375,3d,I,18.11094,105.3440681793636,27.8617,24.554,26.8059560624061,582.42,30.9133,33.19,25.41,169.220937075759,26.6756418696231,12.57952607
931,GOIAS,BULL24975375,1/½,D,32.85,84.9630695443645,26.7,25.76,22.7255712230216,1533.28,29.9,33.26000000000001,,159.242935983686,22.7432965780941,12.76
932,PIRACICABA,BULL24975375,1,I,50.53916,126.038292479649,26.5214,23.3515,28.5599566041398,4406.94,28.9571,31.45,27.13,156.962450949505,28.5312703799465,12.6506231
933,MINAS GERAIS,BULL24975375,1/½,I,83.6,110.8108938547486,27.54,24.36,27.3552129050279,7086.86,30.47,33.52,,167.043057683653,27.3199431156951,12.7
935,PARANÁ,BULL24006655,>5d,C,12.18,23.4888888888889,25.1602,25.56,13.51196075555556,14.068,27.97,30.35,22.0,143.699145141938,13.51307684529738,12.655871
937,ARACATUBA,BULL24985517,1/½,I,58.37,85.2014233340522,26.5,25.47,22.6142063834376,3406.35,29.57,32.25,,156.679924833391,22.5907764256679,12.67
938,MATO G. DO SUL,SCS19001BT,fr,D,106.34,82.936082255671,26.13,24.99,22.0232684227263,6704.11,28.98,32.13,24.17,153.789229099916,22.0579724183998,12.62
939,MATO G. DO SUL,SCS19001BT,2d,D,42.62,66.01273677335081,28.32,27.24,20.81487864141084,1665.87,32.4,34.93,23.93,173.501715531765,20.72314964946178,12.47
940,PIRACICABA,SCS19001BT,1,I,17.1,110.1705882352941,26.7987,23.8703,26.5279708411765,512.6700000000001,29.4356,32.08,23.47,159.681663670098,26.4979957940604,12.662707
941,RIB. PRETO,SCS19001BT,1/½,C,19.47,102.9906291834003,26.6606,25.14,25.3397721820616,691.7,29.66,31.87,31.2,157.705604070363,25.2578445899097,
942,SÃO CARLOS,SCS19001BT,2d,I,24.7,91.5110236220473,26.7,24.7,23.6881204724409,1021.79,29.57,33.81,20.82,160.303876698971,23.7917930434531,12.73
943,ASSIS,SCS120BT,2d,A,36.79,99.3590157321501,26.58,24.78,24.7369444937475,2177.63,29.45,31.49,23.6,156.785902998205,24.6483539778137,12.57
944,RIB. PRETO,BULL24015177,2d,B,37.1,87.5139442231076,27.476435,25.2992,23.6868664936255,1907.4,30.694849,33.04,29.34,165.557048165172,23.5956983702098,12.5933133
945,MATO G. DO SUL,BULL24015177,2d,E,53.41,107.871794252596,28.36,24.8,27.6846255397247,3982.051,31.59,33.91,27.494805,173.96056953865,27.5274503998427,12.48
946,S. J. RIO PRETO,BULL24015177,1,I,34.8,106.8412280701754,27.39,24.95,26.596065,2174.38,30.48,33.087498,21.942448,165.070784890586,26.5174212206889,12.53
947,MATO G. DO SUL,SCS19004,1,D,28.29,50.3707796193984,26.94,25.33,17.73259447513812,637.06,30.05,32.56,21.41,160.663669545054,17.70434090152433,12.52
948,MINAS GERAIS,SCS19004,4d,I,36.33,105.0152075626798,25.16,23.53,24.2408013152487,2275.06,27.41,30.57,25.2,144.959599922536,24.3672647842456,12.8
949,MATO G. DO SUL,SCS19004,3d,E,171.54,57.5583552714053,26.71,25.05,18.70163406042372,7280.38,29.69,32.1,24.91,158.414950824831,18.670424346723,12.52
950,GOIAS,SCS19004,5d,C,12.3,68.4666666666667,27.25,25.32,20.61116666666667,28.94,30.43,33.88,24.1,164.574816383579,20.6153912984594,12.75
951,SÃO CARLOS,SCS19004,4d,I,64.56,70.4467275494673,25.8,25.45,20.06564840182649,3083.96,28.71,31.63,22.03,150.36470175756,20.08696402608742,12.6
952,MATO G. DO SUL,SCS19004,2d,D,84.07,57.1105869293742,26.63,24.52,18.59967886776745,3263.12,29.43,31.85,23.84,157.741499537523,18.5744845841048,12.53
953,MATO G. DO SUL,SCS19005,3d,B,158.67,97.1686779845913,27.0,25.4,24.7753016976887,12503.69,30.16,32.68,23.44,161.229875002735,24.7097111697887,12.52
954,RIB. PRETO,SCS19005,4d,I,17.74,137.222996515679,26.77,24.3,30.4954365853659,730.78,29.53,31.841934,26.31,158.965774081874,30.4034946157787,12.51
956,RIB. PRETO,SCS19005,2d,C,15.2,121.3875,26.8585,26.46,28.2533416875,362.04,30.32,33.16,21.1,160.093368136062,28.1995633069834,
957,MATO G. DO SUL,SCS16,>5d,I,14.3,71.83913043478259,25.71,24.55,20.2039447826087,149.63,28.35,30.72,23.2,149.001315806397,20.19803960627583,12.64
958,MATO G. DO SUL,SCS16,>5d,A,109.64582,117.910524382918,25.29,23.74,26.0755086904898,10353.72,27.62,29.78,24.70115,144.889552802673,26.0744022223425,12.53
959,SÃO CARLOS,SCS16,2d,C,38.17,100.0633549866259,25.78,25.89,24.1351303171571,2316.618,28.82,31.5,24.96,149.839028786711,24.1385673230559,12.68
960,GOIAS,PS321832847,3d,I,172.86021,70.8212585324861,26.61,26.81,20.59378587159621,9474.0,30.13,32.887367,24.109235,157.613237846784,20.56515390913809,12.54
962,MATO G. DO SUL,PS321832847,>5d,D,28.95,53.5439528023599,26.82,25.38,18.15681380530973,716.17,29.93,32.39,24.95,159.466478826455,18.12634043629644,12.52
963,S. J. RIO PRETO,PS321832847,>5d,I,32.29,66.14046328240511,26.11,26.35,19.63921936914736,1110.51,29.36,32.3,,153.164502928038,19.64271158755441,12.71
964,PARANÁ,SCS14,fr,I,431.1,60.0662848962062,26.304198,25.50189,18.87549656279742,20156.58,29.34038,31.621082,24.929727,154.374191334694,18.84339844256039,12.60961974
965,GOIAS,SCS14,1/½,B,355.52,123.458188751747,28.31,24.76,30.1788305854099,38300.117,31.52,34.73,28.6,174.408830322974,30.1017940650884,12.7
966,ARACATUBA,SCS14,1,E,23.16,59.2179211469534,27.7095,25.28,19.41769932258065,538.952,30.97,32.86,22.0,167.261259652208,19.33111391543461,
967,S. J. RIO PRETO,SCS14,5d,I,426.66693,66.27580154511,28.62,26.15,21.02063821679727,22518.38,32.38,34.686531,24.7320175,176.25388473198,20.91501125072633,12.46
968,PIRACICABA,SCS14,2d,A,55.95,52.9729237770193,27.3,25.53,18.26885733788396,1812.76,30.56,34.3,23.3,165.295083923131,18.28094778897421,12.78
971,RIB. PRETO,SCS14,3d,D,67.72,65.0988872936109,29.2137,25.18,21.1402831620603,2970.67,32.75,35.01000000000001,26.3,181.954295741463,21.02438399464096,
972,RIB. PRETO,SCS14,3d,B,19.64,70.0890052356021,28.8057,26.13,21.76226395287958,455.8,32.6,34.67,,177.778708654821,21.62992027500124,
978,S. J. RIO PRETO,SCS14,2d,A,16.64,110.6637931034483,27.49,24.18,27.2830215517241,469.8,30.35,33.18,28.85,166.363379075668,27.2300764958709,12.56
981,MATO G. DO SUL,SCS14,5d,D,84.29,79.0845206805921,27.53,25.12,22.4182260616959,4861.54,30.7,33.48,23.16,166.555241006355,22.3682642615847,12.54
982,MATO G. DO SUL,SCS14,5d,C,141.38,85.617947132478,27.11,25.17,23.1236718117174,9536.69,30.21,32.98,22.42,162.573517012337,23.0849132149655,12.55
990,PARANÁ,SCS14,3d,B,36.45,115.83472392638,26.7794,25.13,27.3461491879755,2550.759,29.8,31.36,26.0,158.05207207258,27.1652765825322,12.487458
991,PARANÁ,SCS14,3d,A,29.34,102.1812572087659,26.7879,25.48,25.3359141347751,1575.743,29.92,31.38,26.0,157.975465077978,25.1642509623663,12.469279
992,ARACATUBA,SCS14,4d,I,122.32,52.1653734590283,27.621384,24.88439,18.27438722306889,4443.044,30.734295,33.81676,23.0,167.766532090897,18.2564209338486,12.6961034
993,ARACATUBA,SCS14,4d,I,496.78,59.8229650563142,26.907281,24.339745,19.12910378347657,23195.617,29.712988,32.828886,23.995155,161.158690135528,19.13321082619693,12.7232039
994,PIRACICABA,SCS14,5d,D,18.81,62.970778267254,28.087183,25.284762,20.19976237637739,359.111,31.429167,33.918333,25.519842,171.495344943468,20.12960186177272,12.6003969
995,PIRACICABA,SCS14,5d,C,13.35,34.6525925925926,28.14,26.19,15.65612844444444,42.581,31.81,34.16,26.0,171.739716666763,15.61851872250835,12.57
996,PIRACICABA,SCS14,4d,B,44.88,59.5267639902676,28.08,24.97,19.64230364963504,1574.68,31.31,33.46,24.4,171.101711879953,19.56158951096611,12.56
997,ASSIS,SCS14,fr,D,32.246836,105.4656654501474,26.28,23.77,25.346897026281,1904.384,28.8,31.64,25.687867,155.03916597494,25.3692508332818,12.6
998,ARACATUBA,SCS14,1/½,I,38.09,123.942660022997,27.6652,25.2,29.5360415779226,2932.584,30.89,33.0,29.6,167.097073762724,29.3619789987824,
999,ARACATUBA,SCS14,4d,I,216.5,90.6577506112469,27.35,25.06,24.0739647188264,16097.51,30.47,33.45,25.0,165.074779926694,24.0405178643454,12.69
1000,MATO G. DO SUL,SCS14,5d,E,20.92,74.0486547085202,26.21,26.17,20.81711383408072,565.474,29.43,31.8,23.314533,153.501491985084,20.77997721692294,12.51
1001,MATO G. DO SUL,SCS14,5d,B,31.46,67.1322713257965,27.16,25.07,20.35805233299075,1084.874,30.24,32.61,23.344544,162.619487793831,20.30399446800196,12.5
1002,RIB. PRETO,SCS14,>5d,B,82.46,70.62560317910871,27.215536,24.8344,20.92019975693443,4142.76,30.230658,33.22,22.16,163.851335022598,20.90237610925272,12.69419706
1005,GOIAS,SCS14,2d,C,521.39,108.0248728871788,26.19,24.54,25.6259294626907,48926.11,28.924204,31.876123,26.28,154.202297814446,25.6549575718969,12.7192098
1006,S. J. RIO PRETO,SCS14,4d,I,254.18199,80.1814944207866,27.19,25.55,22.3567690025175,16524.33,30.43,33.196648,26.205738,163.271516373124,22.3139180496181,12.54
1007,ARACATUBA,SCS14,5d,I,12.5,41.9,27.93,24.82,16.76307,26.95,31.08,33.57,25.6,170.067673263572,16.72622343058081,12.61
1008,ARACATUBA,SCS14,5d,I,31.86,88.7049345417926,26.85,25.57,23.3906827794562,1535.36,30.02,33.04,23.5,160.331521383559,23.3777596382104,12.71
1009,RIB. PRETO,SCS14,3d,B,39.83,78.704419690981,25.82,24.54,21.21855080129357,1868.384,28.47,31.68,24.9,151.022846716431,21.2734383140077,12.77
1010,ARACATUBA,SCS14,3d,I,15.01,96.6777408637874,26.71,26.08,24.4560956810631,266.88,30.01,33.76000000000001,26.9,159.673597150996,24.5046665919754,12.8
1011,S. J. RIO PRETO,SCS14,4d,D,54.8,99.7519392523364,26.83,24.95,25.0136125911215,3767.783,29.8,33.38,24.0,160.821929809381,25.0594129440483,12.79
1012,S. J. RIO PRETO,SCS14,4d,C,13.03,95.5398058252427,26.23,25.33,23.887714368932,98.046,29.2,32.34,26.0,154.663823883465,23.9181081455113,12.74
1013,S. J. RIO PRETO,SCS14,4d,D,40.17,122.46936457224,26.28,24.65,27.7750252609159,3123.922,29.05,32.13,23.0,155.176525089948,27.816619748348,12.74
1014,S. J. RIO PRETO,SCS14,4d,C,22.59,116.143531633617,26.253168,24.766551,26.8437525248725,1114.88,29.052515,32.16354,23.08385,154.940309240957,26.8863086171546,12.7441925
1015,S. J. RIO PRETO,SCS14,5d,B,49.51,83.975899760064,27.672997,25.508637,23.2807806101178,2711.816,31.004812,34.180752,24.365745,168.25492572583,23.2465888710586,12.69914585
1016,S. J. RIO PRETO,SCS14,>5d,B,68.8,66.21202464788729,26.151644,25.979907,19.67189273336127,3091.243,29.299437,32.93731,24.322064,154.342706155038,19.71668629452389,12.8093456
1017,MATO G. DO SUL,SCS14,2d,I,124.03,103.4899580469517,26.98,24.48,25.7051957154334,10261.62,29.84,31.81,24.0,160.523709451373,25.5884279466837,12.56
1018,MINAS GERAIS,SCS14,1,E,108.31671,102.1002640144166,27.83,25.59,26.2628717934821,8690.161,31.22,33.48,22.0,168.778038032676,26.1257426184063,12.58
1019,PARANÁ,SCS14,2d,C,172.14,109.1959847633321,26.841288,24.825738,26.4251360231622,15576.965,29.781557,32.029747,21.683001,159.497453236998,26.3361602174535,12.5961606
1020,PARANÁ,SCS14,>5d,C,36.95,51.4496993987976,27.6761,26.64,18.18417432745491,996.27,31.39,33.18,22.0,166.691160988868,18.10251980066183,12.500835
1021,PARANÁ,SCS14,4d,D,27.89,43.7368785399622,27.2288,26.59,16.83314575909377,516.299,30.82,32.92,24.0,162.789239759702,16.78557978738691,12.555372
1022,ASSIS,SCS14,5d,A,216.75,87.5658608058608,26.45,26.04,22.9192668864469,15484.11,29.68,31.79,24.1,155.488386631881,22.8428234514823,12.58
1023,MATO G. DO SUL,SCS14,3d,I,44.21,88.0800993480286,27.04,25.53,23.4424469419435,2462.54,30.24,32.91,28.7,161.75522246019,23.3933922026573,12.65
1024,MATO G. DO SUL,SCS14,1/½,B,35.87,118.538332635107,27.32,25.09,28.3216725596984,2555.07,30.44,32.82,28.96,164.141209857436,28.2088708232991,12.5
1025,MATO G. DO SUL,SCS14,1/½,A,28.13,118.567265964042,27.32,25.09,28.3261051456913,1730.93,30.44,32.82,29.96,164.141209857436,28.2132727749685,12.5
1026,GOIAS,SCS14,5d,C,33.47383,127.31329064261,26.17,24.66,28.3398932840579,2488.218,28.93,31.57,23.359675,153.640375766842,28.3330178175304,12.57
1027,S. J. RIO PRETO,SCS14,3d,E,29.78,63.0826771653543,27.56,26.22,19.94846456692913,920.25,31.1,34.44,24.1,167.24506707319,19.93033364281354,12.73
1028,S. J. RIO PRETO,SCS14,3d,E,181.16,64.849668952471,26.19,24.79,19.49936802435564,8952.05,28.99,32.14,23.8,154.385039857198,19.52500222023733,12.76
1030,S. J. RIO PRETO,SCS14,5d,I,123.99,85.4977319403518,26.265693,25.542783,22.4849608005735,8243.011,29.306013,32.57465,25.790741,155.102873133081,22.5177366094294,12.7553888
1031,ARACATUBA,SCS14,1/½,B,30.35,125.124795640327,27.4,25.21,29.4212185286104,2087.84,30.57,32.64,,164.537207066931,29.2557403769928,12.56
1032,MATO G. DO SUL,SCS14,5d,A,24.05338,27.8011006041459,24.4616,28.0016,13.96906995288624,202.45667,27.7944,30.36,26.22,137.008619515671,13.97527377335251,12.69030476
1033,MINAS GERAIS,SCS14,5d,I,278.35,82.1291158250422,28.13,26.35,23.3118263825793,18690.89,31.85,35.22,23.7,172.628137154341,23.2647092352575,12.71
1034,RIB. PRETO,SCS14,4d,I,29.25,89.655652173913,24.99,25.76,22.0874692173913,1351.56,27.82,30.91,28.85,142.911096372793,22.1659865656312,12.63
1035,ASSIS,SCS14,5d,D,18.46,55.752786377709,27.28,25.32,18.68542575851393,294.643,30.46,32.68,25.776389,163.556641132717,18.63102534360287,12.48
1036,ASSIS,SCS14,5d,E,27.926781,23.8244232779995,26.49,26.37,13.71335893298213,200.325,29.84,33.36,28.233461,157.331691126302,13.71846343158487,12.63
1037,MATO G. DO SUL,SCS14,5d,B,16.2809563,106.3043964265648,26.16,24.59,25.3535025340016,415.713,28.89,31.22,24.790605,153.190698079926,25.3149035634728,12.52
1038,RIB. PRETO,SCS14,1,B,24.46,42.4959871589085,27.71,25.44,16.79091958266453,391.98,31.03,33.65,22.0,168.043179838939,16.75869080860353,12.63
1039,S. J. RIO PRETO,SCS14,1/½,B,32.95,118.183818615752,27.08,25.19,28.0125198472554,2236.551,30.18,33.18,30.0,162.533029265094,27.9841718751644,12.7
1040,GOIAS,SCS14,>5d,B,28.5,87.5501818181818,27.12,26.22,23.4231874909091,1258.578,30.56,34.09,23.5,163.287320019107,23.429784534229,12.76
1041,GOIAS,SCS14,3d,E,168.03,55.6043068640646,27.44,24.9,18.73250497981158,6815.58,30.52,33.47,26.0953045,165.916344648761,18.71141552345969,12.57
1042,MATO GROSSO,SCS14,4d,I,45.76,116.334449052133,26.94,24.54,27.5875666883886,3534.331,29.81,32.13,24.06734,160.550170127497,27.498900156853,12.51
1043,ASSIS,SCS14,1/½,D,15.0,60.0113333333333,26.42,25.28,18.92323426666667,156.034,29.41,31.94,29.959185,155.784149989393,18.90326875319077,12.54
1044,GOIAS,SCS14,>5d,E,50.685726,58.900502784929,25.26,26.69,18.21900666928159,1826.38,28.42,31.72,26.731074,145.516725696973,18.26200156538548,12.64
1045,GOIAS,SCS14,4d,E,348.18,51.0587185436373,27.3,26.34,17.97598393717651,13142.76,30.83,34.11,27.352381,164.716871234519,17.96492529041399,12.59
1046,S. J. RIO PRETO,SCS14,4d,D,16.0,103.635,26.96,25.51,25.708596,378.54,30.14,32.97,27.73,161.174464679359,25.6696020708931,12.56
1047,S. J. RIO PRETO,SCS14,4d,C,30.0,103.6355555555556,26.96,25.51,25.7086791111111,1661.44,30.14,32.97,27.79,161.174464679359,25.6696849455957,12.56
1048,S. J. RIO PRETO,SCS14,1,I,57.7,103.8689277899344,27.21,23.79,25.973263916849,4210.41,29.9,32.5,22.98,163.520558491581,25.9200312467535,12.55
1049,SÃO CARLOS,SCS14,>5d,I,19.72,52.7836787564767,,,12.0,326.85,,,24.52047,,,
1050,SÃO CARLOS,SCS14,5d,I,69.67,55.4227501300503,26.72,25.03,18.3918288191434,2516.19,29.7,32.8,22.67,159.273554834444,18.39502277234032,12.6
1051,ARACATUBA,SCS14,2d,I,158.65,101.0395090351176,27.49667,23.845775,25.7981588847924,13069.644,30.253683,32.926573,25.321186,166.300726517214,25.7388609328546,12.6501659
1052,S. J. RIO PRETO,SCS14,4d,I,112.42,87.4867456681936,27.276693,26.149627,23.5318783914207,7592.379,30.733868,33.856697,26.219076,164.370426666849,23.5019476451545,12.7035361
1053,ARACATUBA,SCS14,3d,B,80.46,68.5304995617879,26.5752535,25.322633,20.23946361594698,3882.078,29.617458,32.344656,27.618673,157.462016105648,20.22304043771711,12.6688976
1054,S. J. RIO PRETO,SCS14,fr,D,34.43,138.954525189478,28.46,24.35,32.8967148461881,2859.59,31.56,33.83,27.6,174.908033988902,32.6819121046125,12.48
1055,PIRACICABA,SCS14,3d,D,217.13,82.8024911032028,27.930443,25.134204,23.2791504877758,14535.715,31.213598,33.756414,25.755224,170.083997621556,23.1927408351589,12.61174995
1056,S. J. RIO PRETO,SCS14,2d,I,100.9456,106.1393391016532,28.29,24.71,27.3352983396593,8385.28,31.48,33.97634,26.0948925,173.495507652645,27.2030803583059,12.5
1057,S. J. RIO PRETO,SCS14,2d,I,586.9,104.8731431553314,27.06,23.95,25.9866953591929,53404.77,29.77,32.52,24.45,162.253075135864,25.9544753566218,12.57
1058,GOIAS,SCS14,1/½,C,189.54,91.9545454545455,26.42,24.33,23.5294454545455,14207.13,29.13,32.92,,157.300620515502,23.6174450675804,12.83
1059,S. J. RIO PRETO,SCS14,2d,I,30.21,95.4085667215816,27.99,25.03,25.3370298187809,1530.87,31.22,33.63,24.02,170.523661125901,25.2222313659691,12.49
1060,ARACATUBA,SCS14,1/½,C,20.85,124.4,26.1,25.88,27.8484,1006.74,29.21,31.77,28.1,152.717675424047,27.8166667176629,12.66
1061,RIB. PRETO,SCS14,4d,B,196.51,97.7020161508861,28.2909,24.925,25.9616297491247,15824.879,31.5514,34.64,24.01,174.084000808867,25.8909256551217,
1062,PIRACICABA,SCS14,>5d,D,121.61,84.9966700118602,26.02,26.75,22.2341331356628,8013.165,29.38,32.38,26.0,152.320541218698,22.242932243227,12.72
1063,PARANÁ,SCS14,2d,C,67.14,93.3264417845484,27.2733,25.7,24.4212314330794,4496.34,30.58,32.7,23.0,163.335580220373,24.307584254723,12.562232
1064,RIB. PRETO,SCS14,3d,A,133.06,87.2591194449034,27.8004,24.725,23.8912419087725,9122.869,30.8979,33.97,23.95,169.467300251553,23.8508503582981,
1066,GOIAS,SCS14,4d,A,70.94,83.2910756701731,26.5,24.9,22.3372059721751,4213.896,29.39,32.38,24.2,157.106263941699,22.3447816428838,12.71
1067,MINAS GERAIS,SCS14,4d,I,116.1,77.5342939481268,30.41,27.44,24.0648635158501,6834.12,35.1,38.23,25.5,193.841285043972,23.9168402259768,12.63
1068,PIRACICABA,SCS14,1/½,C,116.68,120.921570500573,28.07,24.98,29.5036963794421,11413.91,31.3,33.76000000000001,30.2,171.34078587585,29.3556486423931,12.6
1069,MINAS GERAIS,SCS14,3d,A,18.44,129.340062111801,28.15,24.63,30.9504200310559,767.67,31.28,33.71,26.4,172.109810667663,30.7872951284523,12.6
1070,S. J. RIO PRETO,SCS14,2d,I,406.11,129.348988860978,27.971935,25.124938,30.7429042240326,46260.41,31.233648,34.359991,26.20586,171.082279375929,30.6681446304648,12.6933913
1071,S. J. RIO PRETO,SCS14,2d,C,56.44,100.9112061206121,26.999358,25.4487095,25.3361101081485,3963.214,30.169184,33.479889,24.876484,162.055937888476,25.341654423224,12.74329376
1072,S. J. RIO PRETO,SCS14,2d,B,134.65,130.120489196902,28.058619,25.109235,30.9685193210666,14499.478,31.33533,34.381872,27.055603,171.822121504607,30.8782671766109,12.67739254
1073,S. J. RIO PRETO,SCS14,2d,B,68.84,103.4314039408867,26.618651,25.765928,25.3660378465185,5208.961,29.806416,33.187899,30.335196,158.49881021301,25.394591893445,12.7538548
1075,GOIAS,SCS14,>5d,I,49.56,61.6485623003195,28.04,26.43,19.96362939297125,1876.8,31.76,33.93980000000001,24.323836,170.587896407687,19.87366105487367,12.45
1076,MINAS GERAIS,SCS14,2d,C,210.88,98.5515888978278,27.8,24.41,25.6751510458568,17225.38,30.79,34.34,25.1,169.995937499699,25.6747994300008,12.76
1077,RIB. PRETO,SCS14,4d,A,121.75,93.3123735763098,27.2,25.23,24.3594807835991,8936.033,30.34,33.06,24.6,163.360253883428,24.3074615083744,12.65
1079,S. J. RIO PRETO,SCS14,1/½,E,437.27,95.0736708444047,27.39,25.25,24.7850379429539,35340.74,30.57,33.76000000000001,24.1,165.642142653304,24.7636167866096,12.71
1081,ARACATUBA,SCS14,3d,I,148.83,91.3352188847475,27.421418,25.392485,24.2346157254319,10867.438,30.664503,33.61826,26.4369,165.672697429812,24.1916570872037,12.67961735
1082,MATO G. DO SUL,SCS14,3d,B,20.52,78.8450704225352,26.62,25.53,21.77274929577465,581.52,29.73,32.16,23.54,157.524821276637,21.72761692646367,12.51
1086,S. J. RIO PRETO,SCS14,1/½,I,235.81,137.047853089674,27.0,24.25,30.7571779634511,27998.96,29.79,32.47,27.93,161.566340515147,30.7029497758983,12.56
1087,GOIAS,SCS14,4d,E,171.36,90.7575301204819,27.81,25.38,24.4515655120482,12562.8,31.13,33.31,23.173622,168.525730657336,24.3275799468756,12.47
1088,MATO G. DO SUL,SCS14,4d,E,326.13,66.4215261197593,27.81,25.57,20.60404327953395,17107.434,31.19,33.38,24.969276,168.514987095922,20.51778445837453,12.47
1089,MATO G. DO SUL,SCS14,2d,C,34.554953,97.871160981803,28.03,25.0,25.765147105383,1948.82,31.26,33.57,23.262946,170.798306170868,25.6361949128363,12.48
1090,ASSIS,PS321801842,>5d,D,12.81,51.541975308642,26.92,25.19,17.89966271604938,44.029,29.99,32.82,24.061985,160.843176463827,17.8855532085925,12.56
1091,SÃO CARLOS,SCS115,>5d,I,22.17,35.1740412979351,26.98,24.16,15.47147138643068,247.68,29.74,32.86,25.339868,161.875840557842,15.47322891865016,12.61
1092,RIB. PRETO,SCS115,>5d,I,17.29,67.71455576559549,25.620374,24.7744,19.58853086771267,306.73,28.302298,31.03,22.29,148.557520346986,19.60824158258361,12.7026458
1093,GOIAS,SCS115,4d,B,80.56,67.6209159859977,26.59,26.36,20.11509164235706,3825.37,29.95,33.16,27.4,157.962015601471,20.11854100691627,12.73
1094,PIRACICABA,SCS115,>5d,B,12.8,17.675,27.82,25.7,12.897785,16.54,31.24,33.39,24.9,168.552126937357,12.8884333203695,12.56
1096,MATO G. DO SUL,BULL24855536,>5d,C,63.85,69.1261523625844,27.51,26.11,20.86026623143684,2973.991,31.0,33.19,22.392582,165.608822141898,20.77508097791517,12.46
1097,MATO GROSSO,BULL24855536,5d,B,146.05138,93.6118416684707,27.23,25.23,24.4294834861081,10952.18,30.37,33.03,24.241167,163.579777590472,24.3707048088556,12.53
1098,S. J. RIO PRETO,BULL24855536,>5d,I,48.59,68.88138835747469,28.68,25.94,21.48781557802678,2093.29,32.38,34.487967,24.586045,176.643545153955,21.36515343245351,12.44
1099,RIB. PRETO,BULL24855536,1/½,I,56.38,96.3663812528166,23.63,23.65,21.81181013970257,3756.18,25.65,28.87,24.3,130.764007832186,22.0196895638827,12.74
1100,RIB. PRETO,BULL24855536,3d,I,12.91,38.4835164835165,27.25,27.16,16.03873626373626,36.1,31.04,33.22,24.39,163.010960187995,15.99930125333041,12.45
1101,MINAS GERAIS,PS321813250,>5d,A,35.658825,72.7900011940576,28.53,25.94,22.0485871973777,1450.22,32.2,34.65,26.0,175.569516738534,21.94339111784688,12.59
1102,MINAS GERAIS,PS321813250,>5d,B,163.30472,70.7054521498074,27.586471,25.468823,21.1501082747486,8894.412,30.884117,33.342354,24.941176,166.699849950696,21.08172463886296,12.6117647
1103,MINAS GERAIS,PS321813250,>5d,A,17.8523703,72.6068963202824,27.675,25.875,21.50013099820427,366.694,31.13,33.4,24.5,167.285674451464,21.41138277150501,12.58
1104,S. J. RIO PRETO,PS321813250,>5d,I,13.22,80.1065573770492,27.31,23.69,22.4271139344262,95.09,29.98,32.25,24.16,164.098813853407,22.3589265926882,12.51
1105,SÃO CARLOS,PS321813250,>5d,I,81.52809,53.0157966370139,25.82,24.05,17.66838309523532,2863.75,28.33,31.365276,26.388722,150.904255839437,17.69726870952608,12.63
1106,ARACATUBA,BULL24865547,4d,C,36.59,67.2033346888979,25.94,26.96,19.69534485563237,1369.45,29.34,31.38,24.7,150.472165581982,19.64412530171863,12.58
1107,ARACATUBA,BULL24867515,5d,E,18.5,57.1163076923077,28.1239,24.54,19.274508336,305.256,31.22,33.52,24.6,171.732555683479,19.2065431306945,
1108,ARACATUBA,BULL24867515,5d,B,39.11,68.7185540391,27.3607,25.62,20.71236693028403,1549.64,30.66,32.73999999999999,24.0,164.128416723245,20.6285038248001,
1109,RIB. PRETO,BULL24867515,>5d,A,22.6,86.577358490566,27.211,25.41,23.343962,802.52,30.41,33.72,23.5,164.053167492362,23.3397235817039,
1110,PARANÁ,BULL24867515,2d,C,55.22,57.4769551133734,27.3119,25.77,18.96338589000463,1977.514,30.65,32.83,28.0,163.759895412064,18.90157795166468,12.570121
1112,PIRACICABA,BULL24867515,2d,D,37.77,57.9813736903376,28.061,27.24,19.38506842840512,1196.94,32.08,34.57,26.9,171.006820696771,19.31135204177074,12.59
1113,MATO G. DO SUL,BULL24867515,4d,D,42.07,33.2291320252744,26.83,27.41,15.14828027934819,650.36,30.6,33.12,24.95,159.362319022342,15.12837412607589,12.49
1114,MATO G. DO SUL,BULL24867515,5d,C,23.17,60.7663384064458,26.25,25.28,18.94920322291853,556.72,29.2,31.89,22.78,154.364139683226,18.9425778127347,12.56
1115,SÃO CARLOS,BULL24867515,2d,D,29.15,53.7448979591837,26.394,26.47,18.0087606122449,727.925,29.75,32.12,22.74,155.200659913267,17.97789693576711,12.62
1117,MATO G. DO SUL,BULL24867515,>5d,B,28.566647,66.3533643229073,27.18,25.47,20.25084070421734,912.453,30.39,32.5,24.999975,162.467357421402,20.17840709663057,12.47
1118,PARANÁ,BULL24867515,>5d,D,30.87,47.4753577106518,25.018,29.03,16.61818206677266,681.42,28.81,31.09,23.0,141.782145500773,16.60406803609578,12.620542
1119,ARACATUBA,BULL24867515,>5d,D,107.16,67.403499369483,27.3778,25.86,20.51983932604035,5284.197,30.76,32.73999999999999,23.6,164.151424064025,20.42972132719717,
1120,PARANÁ,BULL24867515,2d,D,50.06,63.2874408828166,26.552,25.37,19.46334839726747,1964.0,29.6,31.88,25.0,156.731402646915,19.42290325714081,12.604421
1121,MATO G. DO SUL,BULL24867515,fr,E,25.97,108.9792412312097,25.85,25.24,25.4316249105225,1366.8,28.71,31.25,26.004823,150.429372158635,25.4247754760572,12.55
1122,ASSIS,BULL24867515,4d,D,65.51801,77.8064453442869,26.32,24.89,21.42348297330189,3533.83,29.18,31.75,24.649143,154.939501997181,21.40634052571711,12.55
1123,MINAS GERAIS,BULL24867515,4d,B,13.9684101,79.3000001371665,26.74,26.16,21.92002002021835,144.474,30.08,33.01000000000001,25.0,159.112734267943,21.90068703641153,12.7
1124,S. J. RIO PRETO,BULL24867515,1/½,I,48.63,124.309036309036,27.511403,25.167036,29.420707227311,4125.88,30.695826,33.677921,,166.584026488388,29.3611830436814,12.6848567
1125,PARANÁ,BULL24867515,1/½,E,229.63,60.0231172172954,26.9691,25.45,19.18862843937417,10463.271,30.13,32.54,29.0,160.810829786208,19.14635992202607,12.613339
1126,PARANÁ,BULL24867515,5d,D,201.25,39.1144676354029,27.095666,26.574603,16.09310947191852,5143.413,30.650484,32.767563,25.439073,161.547679920349,16.0549057271499,12.5606351
1127,PARANÁ,BULL24867515,3d,B,128.76,36.3096608427544,27.549287,25.710455,15.7799789331665,2850.396,30.919203,33.122948,29.667547,166.042366593572,15.74471768730497,12.5689354
1128,PARANÁ,BULL24867515,5d,E,336.94,37.0246353172893,26.320177,25.80924,15.58357207104035,8143.505,29.45548,31.724987,24.26507,154.472864959575,15.56533148822278,12.60604453
1129,MATO G. DO SUL,BULL24867515,3d,E,243.74,33.78665746094759,26.59,26.97,15.17867332355226,5060.84,30.15,32.73,26.07,157.216116474528,15.16377378743962,12.51
1130,MATO GROSSO,BULL24867515,>5d,D,73.00999999999999,51.0570234387805,28.48,26.74,18.43659746271103,2394.869,32.42,34.32,24.283848,174.442911269567,18.34453659291924,12.41
1131,MATO G. DO SUL,BULL24867515,5d,E,158.03615,54.6540346345751,27.24,25.64,18.50047487830924,6241.031,30.52,32.53,26.288258,162.902845956061,18.43661521786576,12.45
1132,GOIAS,BULL24867515,5d,D,42.703506,55.7832734802338,28.29,26.15,19.13229524993009,1356.3,31.98,34.31,27.028218,173.146299139241,19.05551248554095,12.47
1133,PARANÁ,BULL24867515,fr,C,56.5,63.6141797752809,25.476206,25.108749,18.95563319172719,2308.831,28.226458,30.599306,26.045138,146.726791111667,18.95381281698428,12.6491861
1134,PARANÁ,BULL24867515,5d,C,98.33,32.1548940113518,26.655028,27.352717,14.95370536073393,1751.972,30.359367,32.362492,26.375577,157.156984761336,14.92562364287213,12.54864025
1135,ASSIS,BULL24867515,1,E,485.11462,70.4012728247544,23.83,25.47,18.90887057516845,27642.496,26.33,29.22,23.715387,131.882677014022,19.00130092725781,12.65
1136,RIB. PRETO,BULL24867515,2d,E,90.19,57.1639595856248,29.5315,25.92,19.91791957475381,3543.37,33.41,35.46,28.6,184.682950284189,19.79904578776156,
1137,RIB. PRETO,BULL24867515,2d,I,18.65,85.5187969924812,26.94,26.58,22.9837082706767,500.9,30.46,32.77,25.86,160.283593944233,22.9016314405016,12.48
1138,PARANÁ,BULL24867515,5d,D,174.87,42.693694357463,25.820113,26.284661,16.24190324407601,5011.082,28.985655,30.86762,26.721085,149.227419079795,16.21201645869872,12.55324405
1139,MATO G. DO SUL,BULL24867515,3d,A,435.9725,72.6922854666281,26.5213,26.1224,20.81330884946547,25743.86,29.7975,31.77,24.93,155.993503552892,20.73929482297205,12.55321795
1140,MINAS GERAIS,BULL24867515,>5d,E,27.729626,76.3699983712264,27.24,26.13,21.8099877517749,1024.516,30.68,33.23,23.0,163.435977162133,21.74793360327157,12.63
1141,MINAS GERAIS,BULL24867515,>5d,A,128.881424,99.7671545137917,27.86,25.95,25.9198707058874,10270.35,31.38,33.88,25.0,169.272045821399,25.8033199463069,12.61
1142,MINAS GERAIS,BULL24867515,>5d,E,152.15164,86.6846130377069,27.733334,25.363334,23.75037961583,10479.171,31.03,33.293333,24.333333,167.892203094958,23.6427488637425,12.5833333
1143,MINAS GERAIS,BULL24867515,>5d,C,200.27934,104.9045640376687,26.90625,25.135,25.848586576865,17504.01,29.9625,32.50875,23.5625,160.408946717829,25.7878684941095,12.6425
1144,GOIAS,BULL24867515,5d,D,143.36,79.0612058465286,27.45,25.76,22.3609563032887,8821.16,30.81,33.62,26.1,165.743198010707,22.3102042492996,12.66
1148,MATO G. DO SUL,BULL24867515,5d,E,235.95,37.9584728734092,27.47,26.54,16.01577575351641,5825.4,31.09,33.6,24.76,165.5181876179,15.98509770885421,12.49
1149,ARACATUBA,BULL24867515,3d,B,35.86,89.3115255658005,27.4228,25.36,23.9236019649623,1856.653,30.65,33.04,24.8,165.090984550859,23.8356975659973,
1150,ARACATUBA,BULL24867515,3d,E,41.76000000000001,124.422379032258,27.7706,24.36,29.7296837076613,3357.69,30.74,32.71,25.9,168.033184201959,29.5416217759627,
1151,PARANÁ,BULL24867515,>5d,D,20.75,51.0332571428571,27.3445,25.19,17.98945814228572,353.541,30.5,32.86,26.0,164.338489650935,17.94626743929941,12.598933
1152,PARANÁ,BULL24867515,2d,B,135.08,79.0753331166721,27.136355,25.455242,22.1527605379721,8267.632,30.339472,32.236944,24.512645,161.810647722006,22.048599100378,12.53357923
1154,PARANÁ,BULL24867515,3d,B,34.91,41.66394587516371,27.616711,25.8333845,16.63253269852073,691.601,31.041327,32.937193,25.764456,166.32784730619,16.57797290952134,12.5217536
1155,PARANÁ,BULL24867515,1,E,79.21,70.0801666418688,26.1728,24.83,20.23158585781878,3915.568,28.98,31.3,23.696776,153.267147686169,20.20481947863421,12.623286
1157,PARANÁ,BULL24867515,5d,E,270.53,44.4091401384752,27.1686125,26.323485,16.91601688218727,8390.735,30.65557,33.100864,26.188007,162.624630425495,16.88161475576591,12.6087255
1158,PARANÁ,BULL24867515,2d,E,57.83,71.32965306567749,24.961158,24.968547,19.68981007469431,2731.078,27.567199,29.923073,23.701055,141.879211293784,19.70568854650401,12.6619071
1159,PARANÁ,BULL24867515,5d,E,219.56,45.1584987473502,27.445095,25.96771,17.12136163210204,6894.378,30.87797,32.852066,24.199256,164.771462873662,17.06567236032717,12.53563
1160,PARANÁ,BULL24867515,5d,E,80.25,32.4280586080586,26.9282,29.38,15.04954144512821,1406.215,31.4,33.76000000000001,29.0,159.887303009579,15.02105049326741,12.583155
1163,ARACATUBA,BULL24867515,3d,C,43.09,58.0791251206176,26.56,26.44,18.70912061756192,1444.6,29.94,32.57,26.0,157.058172313879,18.68415367181932,12.65
1164,SÃO CARLOS,BULL24867515,4d,C,93.32,69.77065912444661,27.168,27.007,20.76265357599607,4709.91,30.885,33.033,23.106,162.217142443555,20.67814333075508,12.563
1165,ARACATUBA,BULL24867515,>5d,C,28.21,49.3571869216533,26.69,25.2,17.48777075879087,617.56,29.71,31.89,25.2,157.941873959121,17.45197786518725,12.59
1166,MATO G. DO SUL,BULL24867515,4d,E,333.6726,51.3135567033064,27.18,26.21,17.96779790756191,12658.094,30.63,32.5,27.790404,162.112762133643,17.90146658603091,12.43
1167,MATO G. DO SUL,BULL24867515,3d,D,33.07,65.1355007119127,27.83,25.98,20.41134976269578,1131.565,31.35,33.39,24.99731,168.495818035625,20.31548365064331,12.44
1168,ASSIS,BULL24867515,>5d,E,419.23,34.2169167301034,26.98,26.61,15.32809412616949,9059.395,30.52,33.08,26.312532,160.92607273517,15.30867815689859,12.51
1171,GOIAS,BULL24867515,>5d,I,86.6,57.0522788203753,27.63,26.87,19.04167117962467,3372.9,31.41,33.74063,25.143224,166.805311626011,18.97433206225015,12.47
1172,MATO GROSSO,BULL24867515,3d,C,35.11,57.3729987018607,28.04,25.69,19.27782899177845,1060.57,31.51,33.61,26.352468,170.585708672421,19.19550915372741,12.45
1173,GOIAS,BULL24867515,fr,E,264.18,114.957887223412,28.84,25.61,29.3381082084226,25975.92,32.45,34.5,26.192075,178.140015350342,29.1054249637364,12.43
1179,RIB. PRETO,SCS12,>5d,I,35.73,64.952802359882,26.69818,25.7496,19.78309820589971,1268.57,29.896006,32.56,21.21,158.492548712551,19.75719097917111,12.6554309
1180,RIB. PRETO,SCS12,>5d,A,97.04,73.1699200376294,26.813275,23.7424,21.06126847245414,5213.89,29.41488,32.47,21.96,160.302108311296,21.07162810681384,12.7229226
1181,S. J. RIO PRETO,SCS12,>5d,C,31.25,68.67740259740259,25.93,24.95,19.89516218181818,1103.04,28.72,31.15,24.0,151.093387061513,19.8834518971217,12.54
1182,RIB. PRETO,SCS12,2d,A,87.15,122.920159680639,26.524182,24.78,28.1102458667066,8347.65,29.38577,32.07,22.68,157.01058078795,28.0845967763816,12.6697396
1183,RIB. PRETO,SCS12,5d,A,37.45,105.6125736738703,27.1660795,24.888,26.1973573453752,2394.44,30.188437,32.6,24.82,162.746993893204,26.1118140719421,12.612537
1184,GOIAS,SCS12,5d,C,54.97,78.7595997207354,28.27,26.22,22.8617868745636,2880.66,31.97,35.15,24.0,173.790133014114,22.8010445187868,12.68
1185,MINAS GERAIS,SCS12,3d,I,394.42,98.8143925526908,27.11,24.65,25.1176547147116,33211.56,30.05,32.32,27.1,162.085643539749,25.029593974783,12.6
1188,MATO G. DO SUL,SCS12,4d,I,30.89,71.85865537321331,25.26,24.57,19.93725770248809,1142.73,27.82,29.9,25.1,144.391654865126,19.92478644286099,12.62
1189,GOIAS,SCS117,>5d,B,63.85,95.3395949855352,28.51,25.01,25.7593671321119,4333.158,31.84,34.52,24.377608,175.731771803937,25.6453395484042,12.51
1190,MATO G. DO SUL,SCS117,>5d,D,48.95,91.8857916102842,27.06,25.41,24.0308002165088,2963.78,30.23,32.79,28.155993,161.840107663985,23.9700956157077,12.52
1193,GOIAS,SCS19,5d,E,248.01,74.11480869454681,28.65,25.72,22.3421156476421,14671.716,32.26000000000001,35.16,25.4,177.181933656205,22.2602442088505,12.64
1194,S. J. RIO PRETO,SCS114,>5d,C,19.64,52.7670157068063,25.89,26.34,17.66253848167539,323.46,29.09,31.84,26.59,150.887852907801,17.66204328097693,12.56
1195,RIB. PRETO,SCS114,5d,B,20.78,65.4151480637813,26.9933,24.98,20.00869339464692,480.985,30.0106,33.22,26.37,161.968311873827,20.01057958361579,
1196,PARANÁ,SCS125,>5d,D,47.97,29.26647206005,26.2708,26.92,14.46406369474562,633.075,29.74,31.76,23.0,153.584641509792,14.44466725676103,12.561546
1197,MINAS GERAIS,BULL2493509,5d,D,28.82,62.2847800237812,27.81,24.32,19.95002372175981,857.79,30.78,34.04,23.5,169.810775285944,19.93548012063604,12.72
1198,RIB. PRETO,PS321801816,>5d,D,20.09,86.044499381953,26.8556,26.1,22.9997546501854,611.02,30.2,32.67,23.6,159.720274235234,22.9378737543127,
1199,PIRACICABA,PS321801816,>5d,I,125.75,65.77008351648351,26.927995,27.144092,20.02679537883648,6128.347,30.631105,33.319443,25.777129,160.498242387522,19.98476289522809,12.6459551
1200,MATO G. DO SUL,PS321801816,4d,A,508.84604,114.122532766891,26.96,24.28,27.2775309019269,50751.176,29.75,31.55,24.448282,160.150862015489,27.1295412606199,12.44
1201,MATO G. DO SUL,PS321801816,3d,A,29.066502,112.501789997739,27.71,24.57,27.7888312086449,1727.214,30.74,32.54,25.393256,167.237326220049,27.601629159578,12.43
1202,MINAS GERAIS,PS321801816,>5d,D,12.5351225,69.9400043915178,27.76,26.96,21.13134469210321,43.005,31.61,33.98999999999999,27.0,168.07655343615,21.04307619150351,12.59
1203,MINAS GERAIS,PS321801816,>5d,A,91.412025,67.870002055734,26.24,26.96,19.95588829273652,4448.75,29.71,32.14,23.0,153.749975778483,19.9195714381441,12.63
1204,MINAS GERAIS,PS321801816,>5d,C,12.6718951,74.1600008691833,28.48,26.02,22.2439681432414,53.765,32.16,34.42,25.0,174.892841240327,22.1254191530825,12.56
1205,RIB. PRETO,PS321801816,3d,C,103.01,86.8429842874409,28.0874,26.16,24.0402902542578,6823.46,31.73,34.19,23.9,171.358558057155,23.9268700567409,
1206,RIB. PRETO,PS321801816,4d,C,82.51,67.0198553396681,27.9219,25.82,20.76020634732662,3891.45,31.41,34.02,23.8,169.98851980581,20.69250550504397,
1208,GOIAS,SCS19004M,>5d,B,70.97,79.4366627098525,26.67,24.27,21.89295841953536,3988.74,29.4,32.27,21.8,158.668268937957,21.89081858260695,12.7
1210,SÃO CARLOS,BULL24855156,>5d,E,206.99,50.5035437714755,27.718,27.01,18.05198701000051,7519.806,31.57,33.65,25.336,167.361769129522,17.9819786780924,12.54
1212,MATO G. DO SUL,BULL24855156,2d,E,43.98999999999999,76.0143794935918,28.82,24.79,22.7672186308221,2059.82,32.14,34.45,19.9506497,178.313428720452,22.6464509409914,12.47
1214,RIB. PRETO,BULL24855156,5d,A,34.79,83.6906537955244,27.5959,25.12,23.1808026752962,1645.83,30.78,32.93,23.3,166.494090283558,23.075782339973,
1216,RIB. PRETO,BULL24855156,3d,D,152.24,82.7100399315459,27.62,25.15,23.0449082373075,9928.376,30.82,33.54,24.89,167.337516175318,22.9839219716239,12.64
1217,RIB. PRETO,BULL24855156,>5d,C,181.52,63.2295894289759,27.5775,25.67,19.98028929329873,8696.44,30.94,33.07,22.9,166.233577038319,19.90132282783541,
1218,PIRACICABA,BULL24855156,>5d,E,17.83,61.6689536878216,27.0,25.88,19.45034305317324,301.57,30.31,33.32,29.1,161.686822989629,19.43478787874902,12.69
1219,RIB. PRETO,BULL24855156,>5d,D,20.94,93.6447427293065,27.9277,25.496,25.0041296876958,741.904,31.3055,34.35,24.3,170.52895787738,24.9430559810438,
1220,RIB. PRETO,BULL24855156,>5d,D,34.52,69.3727797513322,26.32,25.99,20.21578206039076,1304.035,29.51,32.29,23.3,155.020217275571,20.20546742573899,12.68
1221,RIB. PRETO,BULL24855156,1/½,D,20.08,98.4232673267327,27.1818,26.01,25.1206075990099,710.3,30.57,32.62,29.7,162.354302489715,24.9941100777931,
1222,MATO G. DO SUL,BULL24855453,>5d,B,52.25851,62.715960426752,26.57,25.24,19.38931543417777,2053.749,29.58,31.89,29.29669,156.952948153383,19.35142798228801,12.51
1223,MATO G. DO SUL,BULL24855453,>5d,C,30.66,61.587459807074,26.71,24.4,19.29431533762058,937.302,29.49,31.51,28.928022,158.037089469228,19.24160830439741,12.48
1224,ASSIS,BULL24855453,5d,I,27.19,36.1032916392363,26.51,26.76,15.49738761685319,378.129,29.99,33.04,23.83,156.982340066947,15.49455162517257,12.57
1225,RIB. PRETO,BULL24855453,2d,D,24.67,127.340173638516,28.0932,24.35,30.5619248239937,1473.36,31.12,33.76000000000001,23.4,171.833170115046,30.4351855942639,
1226,GOIAS,BULL24855453,>5d,C,279.15,57.9875575519371,28.3,25.65,19.49597188096575,12297.576,31.81,33.81,22.753331,172.951407278322,19.40176210527712,12.43
1227,S. J. RIO PRETO,BULL24855453,3d,C,27.62,83.8409731113956,26.648515,26.571135,22.5236357223688,1134.156,30.092741,33.033646,28.68805,158.203404780848,22.5033948716554,12.6912829
1228,GOIAS,BULL24855453,3d,D,118.29,74.7728384608148,28.61,26.14,22.4265684683413,6684.125,32.36,34.72,25.787827,176.214719100211,22.3082240349656,12.46
1229,RIB. PRETO,BULL24855453,3d,I,16.24827,75.94367589630599,28.57,25.11,22.5954670960179,283.65,31.95,34.260965,25.11,175.905371864618,22.4807119761747,12.47
1230,S. J. RIO PRETO,BULL24855453,>5d,I,183.88,52.5906446357924,27.79,26.4,18.40926278799162,6988.72,31.45,33.88,27.27,168.480482030147,18.35164363852319,12.48
1231,ARACATUBA,BULL24855453,2d,I,12.66,90.1378787878788,27.12,25.31,23.8144472727273,63.571,30.27,33.61,28.0,163.242656746508,23.8177803804154,12.74
1232,S. J. RIO PRETO,BULL24855453,4d,D,27.09,63.6104705102717,26.697592,26.314532,19.58549638488005,790.802,30.075184,33.505978,27.577903,159.202409166657,19.5971855973367,12.76065165
1233,RIB. PRETO,BULL24855453,4d,B,23.78,75.6698641765705,26.2,24.57,21.04112071307301,762.031,28.94,31.89,24.8,154.290457239115,21.05961408603655,12.72
1234,GOIAS,BULL24855453,5d,D,62.76,71.3521276595745,27.43,24.64,21.15803329787234,3024.714,30.42,33.39,23.1,165.881799257505,21.13321219401643,12.69
1238,SÃO CARLOS,PS321803280,5d,B,37.01000000000001,28.3292682926829,25.267,28.437,14.16640402439024,420.395,28.946,31.499,22.714,144.510450669645,14.16379870056897,12.657
1239,SÃO CARLOS,PS321803280,5d,B,27.55,55.7825723472669,25.983,26.59,18.12211709131833,692.819,29.28,31.88,22.16,151.562281153008,18.11039567153119,12.66
1245,SÃO CARLOS,PS321803280,>5d,I,16.35,57.6390804597701,25.36,25.24,18.09738114942529,210.53,28.12,31.313805,23.438876,146.578982987379,18.14206103275503,12.64
1247,SÃO CARLOS,PS321803280,2d,I,52.84,97.2541625857003,25.62,24.13,23.6116169441724,3493.78,28.12,31.20574,24.737502,149.074095652103,23.6861372370122,12.64
1248,SÃO CARLOS,PS321803280,4d,I,28.91,85.4476641040804,25.4,24.37,21.84198698994678,1254.0,27.93,31.058182,24.42215,147.022275755608,21.91707075626641,12.65
1249,RIB. PRETO,SCS19005HP,>5d,I,23.23,46.7043633125557,26.903549,26.34,17.17218179142476,401.73,30.336496,32.77,21.51,160.102929866084,17.13981788572652,12.61287373
1250,RIB. PRETO,SCS19005HP,5d,A,16.67,61.8415417558887,26.654701,26.7488,19.30412891811563,244.76,30.16178,32.86,22.42,157.98170036432,19.2759530143039,12.654667
1251,RIB. PRETO,SCS19005HP,3d,D,82.15,79.7988310762652,26.52,25.31,21.8443902722737,4768.088,29.54,32.47,23.5,157.166998105537,21.84215278240579,12.7
1252,RIB. PRETO,SCS19005HP,3d,B,137.19,86.0520329099768,26.31,25.06,22.5968459094177,9282.574,29.21,32.23999999999999,24.89,155.339064654997,22.6145491331172,12.72
1253,RIB. PRETO,SCS19005HP,3d,A,52.69,103.2310887195871,26.36,24.93,25.1007843401327,3724.193,29.24,32.1,27.0,155.63929611123,25.1043693671426,12.7
1254,RIB. PRETO,SCS19005HP,3d,A,25.75,103.5665454545455,27.819817,26.1248,26.4856599241309,1271.04,31.38976,33.85,23.24,168.828508317026,26.3602447353795,12.5972071
1255,PIRACICABA,SCS19005HP,2d,I,85.73297,102.9369309279146,26.773,24.6839,25.4341128059808,6717.05,29.6539,32.09,24.18,159.087826685023,25.375715535593,12.6269184
1256,S. J. RIO PRETO,SCS19005HP,3d,I,41.25,71.5774700854701,27.0802145,26.328397,20.98441028256222,1754.641,30.533747,33.55249,28.0,162.389717280198,20.95983888242332,12.6936647
1257,RIB. PRETO,DIVERSAS,2d,C,39.93,112.614393125671,27.402499,24.7896,27.4971308950376,2822.16,30.44023,33.11,23.41,165.27863794128,27.4220371355914,12.6447905
1258,SÃO CARLOS,DIVERSAS,4d,B,31.06,54.5882476390346,25.504,27.13,17.75111696117524,823.732,28.85,31.51,23.41,147.041701931331,17.75118944344824,12.68
1259,SÃO CARLOS,DIVERSAS,3d,B,15.51,61.254415954416,25.525,29.08,18.66165975783476,184.883,29.48,32.04,26.22,146.863158363368,18.64260609895562,12.65
1262,RIB. PRETO,DIVERSAS,4d,C,57.99,102.7084148727984,27.7484255,24.9928,26.2851471384736,4183.68,30.921497,33.33,24.82,168.238954289349,26.1721878849704,12.5983027
1263,RIB. PRETO,DIVERSAS,4d,B,33.6,84.8722222222222,27.249193,25.0584,23.1124258100556,1586.04,30.342733,33.1,22.19,163.888698250462,23.0684669719517,12.65921926
1264,MATO G. DO SUL,DIVERSAS,2d,E,12.25,99.44,26.71,23.46,24.862424,33.86,29.21,31.3,24.49,158.236144501882,24.7868884752446,12.5
1265,MATO G. DO SUL,DIVERSAS,2d,B,69.83,112.907314542625,26.42,24.56,26.5508347570465,5847.47,29.2,31.49,23.54,155.599211057931,26.4902107582954,12.52
1266,PARANÁ,DIVERSAS,5d,I,31.51,44.9548436699129,26.1622,27.41,16.6671308702204,654.949,29.76,31.97,25.0,152.713800607922,16.63720130123335,12.590701
1267,S. J. RIO PRETO,DIVERSAS,4d,I,16.43421,56.0100942445216,25.43,26.68,17.91055565703925,207.15,28.62,32.946133,23.504484,148.148881266685,17.991925095833,12.74
1268,MINAS GERAIS,DIVERSAS,5d,C,14.52,74.9960317460318,28.53,25.18,22.413244047619,170.75,31.93,35.09,26.5,176.375135711706,22.3549812675529,12.68
1269,RIB. PRETO,DIVERSAS,3d,C,44.23,92.7476574619919,26.81,24.9,23.958728070121,2614.497,29.77,32.59,24.3,159.836889602451,23.937482521865,12.68
1270,PIRACICABA,DIVERSAS,>5d,I,20.92399,74.469814511222,26.8619,25.2808,21.2842013628433,569.48,29.9472,32.42,22.95,159.889968103317,21.23865887548477,12.6263627
1271,MATO G. DO SUL,DIVERSAS,5d,A,18.63,28.1266968325792,23.8506,30.0016,13.91111033484163,118.92,27.5771,30.5,26.29,131.38138437663,13.92522739329552,12.75292283
1272,MATO G. DO SUL,DIVERSAS,1/½,C,95.43,126.057293539494,27.08,24.7,29.1998398657557,9527.8,30.02,32.62,29.14,162.170241384251,29.1280113024602,12.54
1273,GOIAS,DIVERSAS,5d,C,12.38,77.8947368421053,28.27,26.22,22.7210736842105,37.04,31.97,35.15,24.0,173.790133014114,22.6611182386143,12.68
1274,PIRACICABA,DIVERSAS,2d,C,40.19,127.077084072366,26.382035,25.484202,28.5504265082671,3256.023,29.435364,32.209812,25.350718,155.670321730387,28.5331616924717,12.68204033
1275,MATO G. DO SUL,DIVERSAS,fr,C,23.98,93.1435726210351,25.07,25.02,22.6054649415693,984.1,27.71,30.29,26.42,143.174085730539,22.6439339514739,12.58
1276,SÃO CARLOS,DIVERSAS,3d,I,69.15,68.45354330708659,25.57,24.71,19.66074582677165,3238.32,28.22,31.5,28.04,148.731193842011,19.7189603729896,12.66
1277,ASSIS,DIVERSAS,4d,I,51.1,84.3234782608696,24.81,24.75,21.26463756521739,2839.848,27.33,30.57,22.9,141.571441319973,21.37105731953463,12.68
1278,GOIAS,DIVERSAS,3d,E,27.71,75.9284532145131,29.03,25.98,22.8870155824316,1016.316,32.82,34.8,25.13481,179.834768766154,22.7294171628357,12.42
1279,MATO G. DO SUL,DIVERSAS,2d,E,14.6318882,54.2624334878662,27.83,25.14,18.69014322112923,123.23,31.07,33.14,24.166681,168.62216445106,18.61923380783856,12.45
1280,GOIAS,DIVERSAS,5d,D,39.44,69.0821428571429,27.43,24.64,20.80777464285714,1578.334,30.42,33.39,23.1,165.881799257505,20.78390284833107,12.69
1282,MINAS GERAIS,DIVERSAS,1/½,I,13.0,73.1,28.71,25.36,22.20981,73.1,32.21,34.71,30.6,177.397695506514,22.105799195448,12.59
1286,S. J. RIO PRETO,BULL2492579,5d,I,48.77,62.8479738917596,26.63,25.43,19.43905858036443,1881.68,29.71,32.48999999999999,22.06,158.021892225377,19.4249173635013,12.56
1288,S. J. RIO PRETO,BULL2492579,5d,I,34.7,56.3920704845815,26.8,24.97,18.57002643171806,1019.7,29.78,32.31,24.59,159.410431188081,18.54385425146386,12.53
1289,ARACATUBA,BULL2492579,5d,I,15.01,43.5229235880399,25.55,26.8,16.2713561461794,106.884,28.81,31.83,26.0,147.917801250231,16.28452646306541,12.74
1292,GOIAS,BULL2492579,4d,E,561.4425,61.421100479122,26.1,25.05,18.96837516755621,27166.053,28.96,31.71,24.868413,153.051731690666,18.97093180463856,12.58
1293,ASSIS,BULL2492579,3d,E,121.17,44.1813318677292,26.54,26.81,16.67916565356783,3525.236,30.04,33.02,28.031734,157.185882054225,16.67227505289601,12.56
1294,MATO G. DO SUL,BULL2492579,fr,D,40.0,92.6864285714286,26.76,24.72,23.9093168571429,2271.22,29.65,31.91,26.54,158.756221720709,23.8412354012807,12.5
1295,MATO G. DO SUL,BULL2492579,fr,B,16.15,101.3734939759036,24.02,24.1,22.7426939759036,382.9,26.21,29.16,25.34,133.96491546981,22.9004306380126,12.68
1296,MATO G. DO SUL,BULL2492579,>5d,B,32.69,78.8907684871919,26.79,24.65,21.89314465925568,1395.97,29.67,32.02,25.34,159.15253044218,21.84314584611229,12.51
1297,MATO G. DO SUL,BULL2492579,>5d,D,15.0626774,75.0134927041288,27.54,26.5,21.79229676622161,204.99,31.18,34.08,24.333454,166.580638155991,21.74066591464209,12.54
1298,ASSIS,BULL2492579,3d,I,155.54,25.370280061307,25.49,25.07,13.80365078027031,1931.17,28.23,30.95,23.83,147.279289772118,13.80872199074792,12.58
1299,ASSIS,BULL2492579,3d,I,324.49,79.9478927325674,26.99,25.32,22.1853891206119,21245.037,30.11,33.86,22.31,162.430779153328,22.2214544455869,12.66
1300,MATO G. DO SUL,BULL2492579,5d,D,329.1,68.2871018606118,25.96,24.67,19.85767941974141,17860.64,28.68,31.18,23.21,151.497150292114,19.85189030775727,12.55
1301,MINAS GERAIS,BULL2492579,4d,B,52.12072,104.7407583911754,27.028571,25.275714,25.9376107207563,3732.826,30.145714,32.845715,22.714286,161.714713351968,25.8846560585789,12.6628571
1302,GOIAS,BULL2492579,5d,D,38.61,66.3889515219842,27.43,26.42,20.39221521984216,1459.29,31.01,34.5,23.6,166.133630624585,20.383166563948,12.74
1303,S. J. RIO PRETO,BULL2492579,>5d,I,43.74144,58.1447243729333,27.31,25.97,19.06475730149609,1476.7,30.71,32.900389,25.864306,163.730217524069,19.00154906669337,12.47
1304,RIB. PRETO,BULL2492579,>5d,I,30.62,81.2561761546724,26.808,24.73,22.2554545649839,1301.55,29.71,32.33,23.1,159.620882381361,22.2236578343117,
1305,MATO G. DO SUL,BULL2492579,4d,E,17.34,74.1685393258427,26.37,24.52,20.9336191011236,343.98,29.13,31.52,23.31,155.251089050836,20.90571096312672,12.53
1306,MATO G. DO SUL,BULL2492579,4d,D,81.02,74.187337003767,26.37,24.52,20.93632032744132,4304.17,29.13,31.52,23.31,155.251089050836,20.908403750961,12.53
1307,MINAS GERAIS,BULL2492579,3d,C,14.2309277,110.5200013429391,27.76,26.96,27.5267522116472,231.791,31.61,33.98999999999999,27.0,168.07655343615,27.3766622541308,12.59
1308,MINAS GERAIS,BULL2492579,5d,E,28.420649,69.7299959337783,27.59,26.15,21.00010636607603,959.964,31.12,33.33,23.0,166.382998657583,20.91252988474677,12.57
1309,ARACATUBA,BULL2492579,4d,C,68.41,68.2497784080837,26.2,26.68,19.98746853394788,3185.05,29.58,31.82,24.0,153.194029151746,19.94213285233022,12.6
1310,ARACATUBA,BULL2492579,5d,E,93.17,71.7362079586054,26.8818,25.31,20.88982299598374,4860.788,29.98,32.09,25.3,159.661771863008,20.82075431154476,
1311,ARACATUBA,BULL2492579,5d,D,123.42,67.7426494345719,27.0624,24.97,20.39618082843296,6222.846,30.09,32.34,25.3,161.573231308185,20.33760819760831,
1312,SÃO CARLOS,BULL2492579,5d,I,17.24,45.7041984732824,26.04,24.7,16.73206946564885,188.61,28.78,32.06,23.14,153.13581197451,16.75686941847677,12.65
1316,MATO G. DO SUL,BULL2492579,5d,B,92.49,87.1167846937508,27.26,24.82,23.4628213442664,6058.15,30.28,32.61,25.48,163.551981865584,23.3840975917083,12.5
1317,GOIAS,BULL2492579,4d,C,19.79,64.70089858793321,25.64,25.43,19.1884025673941,422.54,28.51,31.41,23.1,148.842556484643,19.21172569181067,12.72
1318,PARANÁ,BULL2492579,1/½,C,27.29,90.7102681491171,25.9589,25.83,22.9870876206671,1215.48,29.02,31.06,30.0,150.784909256927,22.9237974226636,12.57801
1319,ASSIS,BULL2492579,4d,B,36.68,90.1462722852512,26.01,24.92,22.9482927471637,1940.65,28.82,31.1,25.0,151.66978517002,22.9146730619189,12.62
1320,ARACATUBA,BULL2492579,4d,D,65.84,63.5047176820208,27.72,25.07,20.09654161961367,2785.014,30.91,33.81,27.0,168.482051007298,20.05956385943444,12.67
1321,RIB. PRETO,BULL2492579,>5d,D,14.45,107.9591836734694,26.538,25.36,25.950546122449,247.1,29.58,32.27,23.1,157.065058501456,25.9203245933438,
1322,MATO G. DO SUL,BULL2492579,4d,E,15.26,26.4815950920245,26.72,28.05,14.13169079754601,59.21,30.68,33.46,23.8,158.504043489567,14.12161223716026,12.52
1324,S. J. RIO PRETO,BULL2492579,1/½,I,13.86,114.064516129032,26.36,26.15,26.656464516129,201.84,29.61,32.05,20.69,154.999032369869,26.5951270457505,12.51
1326,ARACATUBA,BULL2492579,1/½,C,75.82,132.961297398935,26.3,24.51,29.2974655280476,7731.75,29.04,31.44,,154.604545089783,29.2496307890451,12.64
1328,MATO GROSSO,SCS120,5d,E,96.4816,76.9528181284445,29.12,26.26,23.1199224635897,5499.318,33.03,34.87,24.953438,180.519623484261,22.9458244552472,12.4
1329,MATO GROSSO,SCS120,5d,B,193.11,89.144166528629,24.82,25.41,21.88988214897024,13983.58,27.52,29.91,23.450425,140.532643029823,21.91554361825751,12.56
1330,MATO GROSSO,SCS120,>5d,C,21.815171,117.762701434341,27.61,25.91,28.5095576939006,1050.079,31.06,33.42,23.618641,166.762409934937,28.3680905552078,12.48
1331,GOIAS,SCS120,>5d,I,49.40466,51.0090432582464,25.63,25.99,17.31693259609899,1471.12,28.67,31.26962,25.37267,148.320367949082,17.31772713030581,12.55
1332,MATO G. DO SUL,SCS120,5d,B,43.25176,50.2967231285534,27.05,26.09,17.76365683084729,1208.84,30.43,32.77,25.052037,161.418368271733,17.72223388002278,12.49
1333,MATO G. DO SUL,SCS120,5d,A,43.722553,95.5333146105864,27.76,24.63,25.1648503826284,2661.89,30.82,32.7,25.818788,167.798589903411,25.0143726262874,12.44
1334,MINAS GERAIS,SCS120,4d,A,303.4,102.7282429649966,27.81,24.74,26.344135212766,26450.21,30.91,33.12,,168.635057508348,26.2112235544537,12.57
1335,MINAS GERAIS,SCS120,4d,B,42.23999999999999,70.182208994709,27.01,24.58,20.73314957010582,1771.43,29.9,32.19,26.5,161.173032485539,20.67921655244816,12.61
1336,GOIAS,SCS120,5d,E,49.37321,45.3249405122011,25.17,26.64,16.38889466545689,1257.46,28.29,31.49,26.36666,144.574966114593,16.4180528591759,12.63
1337,ARACATUBA,SCS120,5d,D,58.59,59.5925735136295,26.14,25.25,18.72958989482722,2229.338,29.06,33.03,25.0,154.699454478014,18.79143427759972,12.86
1338,ARACATUBA,SCS120,4d,D,92.23,59.60309111305,26.14,25.25,18.73107708338527,3831.196,29.06,33.03,25.0,154.699454478014,18.79293513329943,12.86
1339,RIB. PRETO,SCS120,4d,I,35.8772,95.8699680029484,27.26,23.41,24.7985571172499,2014.58,29.84,32.648623,35.030346,164.281987666998,24.7718854330565,12.58
1341,RIB. PRETO,SCS120,3d,B,23.28,85.5797872340426,26.632951,23.2632,22.7668942118617,841.98,29.06121,31.79,21.87,158.306202210945,22.7651792297022,12.68395334
1342,ARACATUBA,SCS120,>5d,I,29.43,71.85829030407339,28.21,25.4,21.7030288582903,1055.33,31.62,34.12,26.4,172.654919293773,21.61652879786414,12.6
1343,RIB. PRETO,SCS120,4d,I,31.47,101.01489470981,26.944111,25.1272,25.3024846719671,1745.12,29.997442,32.52,28.22,160.74240797082,25.2402897844061,12.6326556
1345,MINAS GERAIS,SCS120,>5d,I,21.66,50.2670807453416,32.44,30.69,19.82179130434783,381.66,39.21,44.56,22.9,214.193809557994,19.73736683656398,12.77
1347,ARACATUBA,AIC456911099,5d,I,19.29,43.24471879286691,25.55,26.8,16.23365939643347,239.774,28.81,31.83,26.0,147.917801250231,16.24671347900823,12.74
1348,ARACATUBA,AIC456911099,3d,I,51.74,63.6829391041772,28.03172,25.114841,20.28566408495219,2065.88,31.3,34.13656,24.0,171.354600280313,20.23591410225788,12.65
1349,MINAS GERAIS,AIC456911099,>5d,I,86.67,51.3290478103656,27.26,26.4,18.00161269586179,2948.7,30.79,34.08,24.4,164.342589027555,17.99148896741959,12.72
1350,MINAS GERAIS,AIC456911099,>5d,I,19.67,81.6336375488918,27.04,24.94,22.4728990873533,546.09,30.05,32.94,24.1,162.076074640673,22.450342986289,12.68
1351,GOIAS,AIC456911099,4d,C,154.23,82.0852140898545,28.41,26.85,23.5009836321451,9980.22,32.37,35.79,20.5,175.243567095852,23.4409603487043,12.7
1352,MINAS GERAIS,AIC456911099,3d,C,16.48,105.3303571428571,28.31,24.2,27.22218125,430.12,31.33,34.7,24.8,174.652574102879,27.1804228312267,12.72
1353,GOIAS,AIC456911099,5d,I,53.58,59.3114478114478,26.78,26.95,18.99263198653199,1979.21,30.38,33.408772,25.952222,159.477169503484,18.97735840834414,12.56
1354,MINAS GERAIS,AIC456911099,5d,C,21.78,51.1871165644172,29.27,26.61,18.76761503067485,395.25,33.35,38.16,25.8,184.56723669823,18.76241241969291,12.83
1355,S. J. RIO PRETO,AIC456911099,>5d,C,360.33,58.784514684351,26.54,26.52,18.80246843510464,16308.45,29.95,33.43,24.4,157.736778977281,18.81822447611261,12.77
1356,S. J. RIO PRETO,AIC456911099,>5d,B,100.88,57.9552205220522,26.63,26.56,18.72324876237624,4096.5,30.07,33.61,24.5,158.63575754362,18.73867857433524,12.77
1357,S. J. RIO PRETO,AIC456911099,>5d,C,199.75,64.8090545938748,26.8,25.7,19.81574007989348,9926.9,30.01,32.66,23.5,159.443891831833,19.78637253328066,12.65
1358,RIB. PRETO,SCS124,>5d,I,27.89,77.7350534927628,27.56,24.86,22.2283743234739,1056.53,30.65,33.36,23.67,166.800122419617,22.1757943279397,12.54
1359,PIRACICABA,AIC456PS321955000,5d,C,22.53,79.9525166191833,27.58,27.89,22.5870020892688,727.54,31.71,34.67,25.0,166.826317940612,22.5208379429464,12.66
1360,MATO G. DO SUL,AIC456PS321955000,>5d,A,28.47429,89.5031883012864,25.337,24.8088,22.3366002237426,1288.81,27.9727,30.04,24.0,145.071756755573,22.3134854214101,12.6040608
1361,GOIAS,AIC456PS321955000,>5d,C,63.06,61.3450842146494,26.57,26.91,19.18957877007442,2531.56,30.11,33.32,23.8,157.687710826312,19.18897235976387,12.73
1362,MINAS GERAIS,AIC456PS321955000,5d,A,14.9499075,136.22999704228,26.58,25.74,30.1127335687644,378.467,29.75,32.14,24.0,157.074048136573,30.0225485709181,12.63
1364,GOIAS,AIC456PS321955000,4d,B,100.21,78.438612402222,27.35,25.13,22.1983270037411,5872.55,30.49,33.66,26.4,165.261855260732,22.1825049977132,12.71
1365,GOIAS,AIC456PS321955000,4d,C,41.91,70.3881644934804,29.08,26.57,21.97269849548646,1758.39,33.1,36.3,22.9,181.416011531537,21.89188994913278,12.66
1369,MATO G. DO SUL,AIC456PS321955094,2d,I,45.81,111.29,23.6,25.13,23.51764,3368.9949,25.97,28.58,22.6,129.43171729593,23.6597952103129,12.75
1370,PIRACICABA,AIC456PS321955094,5d,A,22.59,82.7167138810198,27.52,25.49,22.9752339943343,760.89,30.81,33.98,24.0,166.809923164441,22.9476490423625,12.71
1371,GOIAS,AIC456PS321955094,2d,I,295.09,89.0986612031509,26.58,25.91,23.2409848034194,21837.86,29.81,32.26643199999999,22.699448,157.125360089201,23.1889709695026,12.51
1372,GOIAS,AIC456PS321955094,3d,D,179.69,117.04210149681,26.42,24.91,27.1470710358399,17626.51,29.3,32.11,24.4,156.152165490926,27.1420463984827,12.69
1373,MINAS GERAIS,AIC456PS321955094,1,A,12.9,171.955555555556,27.62,24.37,36.9850577777778,155.96,30.57,32.76000000000001,,166.855737435291,36.7700355124273,12.57
1374,ARACATUBA,AIC456PS321955094,3d,I,40.95,109.6174784110535,27.13,24.15,26.7695244835924,2838.026,29.91,32.36,24.0,162.546600351498,26.6959795096699,12.62
1375,MINAS GERAIS,AIC456PS321955094,3d,B,55.99,119.601500340987,27.52,24.41,28.6997528529211,4745.39,30.46,32.68,26.4,165.938558542362,28.564019859487,12.58
1376,ARACATUBA,AIC456PS321955094,5d,I,28.5,38.4886060606061,26.92,26.76,15.95210002424242,449.062,30.5,33.68,24.0,160.974768587225,15.94613395807697,12.72
1377,S. J. RIO PRETO,AIC456PS321955094,3d,D,39.79,90.5082403742353,27.27,25.89,23.9882083051457,2193.744,30.64,33.73999999999999,23.0,164.322748873382,23.9585909830157,12.7
1378,ARACATUBA,AIC456PS321955094,1/½,D,12.53,112.432075471698,27.736933,25.153068,27.8049284274906,65.229,30.961065,33.805765,29.396664,168.572376810948,27.7248887646603,12.6598332
1379,ARACATUBA,AIC456PS321955094,fr,I,66.66,153.510830589096,25.3953705,23.669789,30.9559000550368,7746.982,27.732318,30.281685,25.67369,146.390554116624,31.0177189363723,12.6965262
1380,S. J. RIO PRETO,AIC456PS321955094,1/½,C,14.13,128.115023474178,26.6,26.03,28.9527934272301,259.325,29.86,32.98999999999999,30.0,158.023954304162,28.9555748818202,12.72
1381,RIB. PRETO,AIC456PS321955094,3d,I,13.98127,119.486612122527,27.86,24.17,29.0473766826329,224.96,30.79,33.404816,25.21,169.624386239097,28.9425112647333,12.53
1382,S. J. RIO PRETO,AIC456PS321955094,4d,B,32.56,83.3554474708171,27.59,25.6,23.1243142607004,1479.068,30.93,33.85,26.0,167.200305703707,23.0743872610956,12.67
1383,S. J. RIO PRETO,AIC456PS321955094,>5d,C,20.59,70.4400465657742,25.17,27.35,19.69655413271246,514.0,28.5,32.03,28.6,144.804721244978,19.76111409371115,12.82
1384,RIB. PRETO,AIC456PS321955094,2d,I,13.4,92.3857142857143,27.6,23.68,24.5401714285714,124.54,30.32,32.88,23.7,167.173566564569,24.4737379865547,
1385,PIRACICABA,SCS111,>5d,A,20.7,17.70574712643678,27.82,25.7,12.9026491954023,61.64,31.24,33.39,22.0,168.552126937357,12.89324684841039,12.56
1387,ASSIS,SCS116,4d,C,58.88,93.9168088737201,26.12,25.81,23.5666534129693,3852.26,29.21,31.37,25.2,152.453503799939,23.5055028264239,12.59
1388,S. J. RIO PRETO,AW,3d,B,25.9,108.3882014388489,26.51,25.55,25.985928028777,1351.796,29.6,32.52,28.0,157.026674147958,25.9788602817797,12.7
1389,PIRACICABA,PT35961007,2d,D,26.39,116.427519110493,26.830716,24.67815,27.487348785123,1514.712,29.724243,32.479927,24.969174,159.993432338514,27.4545869837577,12.67030823
1390,PIRACICABA,PT35961007,4d,I,13.99,56.4819095477387,27.38,27.37,18.84131768844221,100.519,31.27,34.03,25.0,164.812348409323,18.79738505972104,12.64
1391,GOIAS,AIC456873396,4d,C,123.37,81.2836850139176,26.3,24.74,21.90756695699021,7728.124,29.1,32.04,24.2,155.195044051088,21.92108032758963,12.71
1392,S. J. RIO PRETO,AIC456873396,>5d,I,97.99,46.7784626119316,27.24,25.67,17.30023770205838,3002.6,30.53,32.92,24.41,163.322429022055,17.26276144009023,12.5
1393,GOIAS,AIC456873396,5d,C,123.1,67.1723492349235,26.85,25.57,20.19309386138614,6141.648,30.018684,32.878555,23.58,160.161901477907,20.17444017164941,12.67942727
1394,ARACATUBA,BULL24835054,4d,E,25.33,64.1230307576894,27.5608,25.43,20.11076057014254,706.8,30.84,32.81,24.4,165.923931962412,20.02298184002132,
1395,ARACATUBA,BULL24835054,>5d,D,101.7,51.9997547380156,27.2553,25.98,18.1020825845485,3599.978,30.65,32.76000000000001,23.0,163.121399488116,18.04481891519031,
1396,MATO G. DO SUL,BULL24928064,5d,I,22.19,44.2939156035329,27.81,25.62,17.10566805691855,341.075,31.21,33.16,24.14242,168.245742399529,17.04578681846173,12.43
1397,S. J. RIO PRETO,BULL24928064,1/½,I,13.86,97.9247311827957,25.76,24.93,23.8232430107527,171.82,28.51,31.63,21.41,150.295784184022,23.883028079726,12.63
1398,GOIAS,SCS19001,4d,C,146.4,55.6821354166667,27.06,26.05,18.57852959375,5882.879,30.44,34.06,26.84,162.836649750985,18.58886696021886,12.77
1399,GOIAS,SCS19001,4d,A,104.72,55.6176121656601,27.06,26.05,18.5688123921484,4056.225,30.44,34.06,27.8,162.836649750985,18.57913448920598,12.77
1402,PIRACICABA,SCS19001,3d,B,23.9,107.6531092436975,26.42,25.34,25.7931783529412,1150.272,29.43,32.21,26.0,156.056148909255,25.7794185488433,12.68
1405,SÃO CARLOS,SCS19001,3d,D,55.22,80.0009023600185,27.247,26.353,22.368097582832,2950.999,30.766,33.304,23.965,163.460056087734,22.2994204854649,12.623
1406,PARANÁ,SCS19001,>5d,D,49.1,36.6852291105121,26.4222,26.58,15.56015311277628,927.822,29.82,32.18,23.0,155.441878875819,15.54089564409193,12.611967
1407,PARANÁ,SCS19001,1/½,E,13.8,81.8927777777778,26.2661,25.29,21.97097357055556,137.807,29.23,31.58,31.0,154.122719920418,21.93335168057111,12.6226
1408,PARANÁ,SCS19001,2d,E,80.64,67.6340326340326,25.960468,25.56717,19.76677132298368,3830.72,28.943338,31.47833,24.516691,151.417862485931,19.75637791130937,12.6572589
1409,PIRACICABA,SCS19001,1/½,I,41.0,134.24124137931,28.42064,25.345101,32.0727941784276,3556.996,31.856058,34.581444,29.842947,174.887244138336,31.911538928325,12.6262821
1410,ARACATUBA,SCS19001,2d,D,36.25,68.3677113402062,28.924,25.65,21.5396714672165,1378.917,32.57,34.71,23.8,179.026869103049,21.41492234365905,
1411,MATO G. DO SUL,SCS19001,3d,E,63.82,53.2388074102663,27.52,26.19,18.40026291007333,2148.995,31.04,33.07,24.0347185,165.519995320134,18.33098152063201,12.44
1412,MATO G. DO SUL,SCS19001,3d,E,46.92,58.3298109965636,27.56,26.01,19.20891859106529,1629.837,31.03,33.38,22.605394,166.266327380423,19.14712979066898,12.48
1413,MATO G. DO SUL,SCS19001,4d,A,45.31,104.9937256079256,27.04,25.02,25.986256331432,3109.621,30.08,32.46,25.671481,161.502501744601,25.9027946249359,12.51
1414,MATO G. DO SUL,SCS19001,4d,D,121.91,40.4807569829861,27.14,26.62,16.31198660722409,3142.32,30.71,33.46,25.35,162.636446359575,16.29024002154768,12.53
1415,MATO G. DO SUL,SCS19001,2d,E,30.05,82.3562326869806,26.75,24.9,22.3775443213296,1281.93,29.7,32.09,25.73,158.788173922802,22.3274629202096,12.52
1416,S. J. RIO PRETO,SCS19001,4d,I,33.71,73.9286043298019,27.64,25.98,21.68563371718102,1356.47,31.12,33.96,24.85,167.537484105677,21.63221931163334,12.54
1417,MATO G. DO SUL,SCS19001,1/½,D,222.67,84.6860018037689,26.34,25.84,22.4231726586605,15324.76,29.48,32.12,29.4,155.077086302084,22.3997013530313,12.54
1418,MINAS GERAIS,SCS19001,3d,I,19.96,97.9497487437186,26.4,24.78,24.3767638190955,696.16,29.24,33.23999999999999,25.3,157.245545543921,24.4838181456443,12.86
1419,MINAS GERAIS,SCS19001,3d,I,149.16,80.8603091280257,26.79,25.41,22.184439720035,9456.88,29.9,33.14,27.7,160.020819898757,22.1927594156122,12.74
1420,MINAS GERAIS,SCS19001,2d,B,35.377121,163.414581804149,27.6525,24.58,35.7001674168945,3551.637,30.6675,33.315,23.0,167.645115525732,35.5669400771873,12.6425
1421,MATO G. DO SUL,SCS19001,2d,E,16.12,85.0825242718447,26.57,26.1,22.6481237864078,313.1,29.85,32.18,24.32,156.866097423759,22.5871800811392,12.5
1422,MATO G. DO SUL,SCS19001,2d,D,190.47,76.6369697988457,27.04,26.09,21.7214002577464,11547.76,30.43,32.89,22.77,161.452652311582,21.6601665738211,12.5
1423,S. J. RIO PRETO,SCS19001,4d,I,36.19,74.6886730053741,26.53,26.77,21.10866418768086,1528.439,30.01,33.58,26.0,157.692203661318,21.13325091475675,12.78
1424,S. J. RIO PRETO,SCS19001,4d,I,54.55,64.19927144535839,26.78,25.22,19.71505231962397,2233.079,29.83,33.47,27.0,160.366550764557,19.74462585677065,12.79
1425,PARANÁ,SCS19001,3d,D,312.44,69.7176807349221,28.32612,25.931055,21.42305781800027,17352.7,31.94187,33.612999,25.501495,172.813926180564,21.28180684901914,12.47623757
1426,MATO G. DO SUL,SCS19001,3d,A,84.3037,55.5936196902786,26.3704,26.8032,18.2645775239718,3163.98,29.8267,32.26000000000001,25.73,155.00484310817,18.23409874432554,12.6229567
1427,PARANÁ,SCS19001,4d,E,78.31,48.8340069371136,27.059336,26.556143,17.54695686692324,2454.463,30.599323,32.943419,25.385681,161.452818980531,17.50494617110007,12.5950557
1428,RIB. PRETO,SCS19001,3d,B,71.07,99.6622143219909,28.6121,24.784,26.5625347053834,5190.207,31.8881,34.95,22.95,177.11163389496,26.474051437554,
1429,MATO GROSSO,SCS19001,4d,D,193.97,45.3224707369347,27.66,27.37,17.21829891740397,6075.69,31.63,34.04,25.162705,167.110057740577,17.16865036006461,12.47
1430,ARACATUBA,SCS19001,4d,I,34.12,67.0130198915009,26.68,24.66,20.07591132007233,1228.888,29.53,32.79,24.0,159.128040212126,20.09395780278721,12.75
1431,MATO G. DO SUL,SCS19001,fr,D,20.01,87.9001248439451,27.38,25.74,23.6734392009988,619.96,30.72,33.57,23.579326,165.126302486696,23.6223054756319,12.55
1432,GOIAS,SCS19001,4d,E,111.8649,63.7992407742861,28.94,26.27,20.77479138716406,5184.926,32.82,35.15,28.410332,179.301035137447,20.66606660087193,12.45
1433,S. J. RIO PRETO,SCS19001,>5d,I,44.21,50.8151816206147,26.932886,26.479497,17.79622682209935,1262.237,30.418194,34.212961,24.588455,161.73992463007,17.81218237037334,12.7935382
1434,MATO G. DO SUL,SCS19001,>5d,D,56.81,37.3157777281857,27.31,26.66,15.87584557018523,1146.4,30.95,33.36,24.91,163.881875118441,15.8450077914385,12.48
1435,MATO G. DO SUL,SCS19001,>5d,B,14.7,37.3185185185185,27.31,26.66,15.87626518518519,80.36,30.95,33.36,24.91,163.881875118441,15.84542406781356,12.48
1436,ASSIS,SCS19001,>5d,A,66.27000000000001,44.6725815367606,26.0,25.97,16.57416141514649,1785.141,29.11,32.17,25.374157,152.317275725455,16.58452763215606,12.6
1437,MATO G. DO SUL,SCS19001,4d,I,129.54,86.2605070614259,27.09,25.14,23.2059105155692,8740.58,30.18,32.23,25.8,161.583781822156,23.108167486279,12.56
1438,MINAS GERAIS,SCS19001,4d,C,56.759884,55.8013199498015,26.89,27.15,18.52201654052544,1972.542,30.58,33.1,22.857142,159.964168358167,18.48102587936236,12.63
1439,MINAS GERAIS,SCS19001,4d,B,19.8397045,69.23621343125879,27.48,25.72,20.86016583915886,460.715,30.84,33.22,24.0,165.576209071754,20.79012068039453,12.6
1440,GOIAS,SCS19001,3d,C,136.96,86.1883802816901,29.84,27.59,25.2352070422535,9282.58,34.44,38.37,24.4,189.080114131411,25.1372868475062,12.72
1441,GOIAS,SCS19001,3d,D,44.79,49.2202805733455,28.99,26.22,18.32372566941141,1232.453,32.86,35.16,25.74547,179.752062213157,18.24377882233103,12.45
1442,S. J. RIO PRETO,SCS19001,2d,I,32.82,129.706532180596,28.04,25.14,30.8801277617675,2462.65,31.32,33.85,25.9,171.110410070154,30.7283346031903,12.5
1443,PARANÁ,SCS19001,3d,C,35.83,83.9248845992447,26.935591,26.180008,22.7424065909652,1725.97,30.32404,32.76005,25.599748,160.42901051303,22.6757394523298,12.61340827
1444,PARANÁ,SCS19001,5d,I,30.55,44.9653369272237,26.1622,27.41,16.66861694630728,623.507,29.76,31.97,25.0,152.713800607922,16.63867784735032,12.590701
1445,PARANÁ,SCS19001,3d,B,73.6,66.7147727272727,27.414827,26.8895235,20.43418755935227,3382.43,31.151905,33.082222,25.984127,164.33628522484,20.3350452241941,12.525022
1446,PARANÁ,SCS19001,fr,B,36.6,89.3639837398374,26.2158,25.95,22.9979092004878,1915.154,29.37,31.38,26.0,153.164931119638,22.9210814357749,12.566691
1447,MINAS GERAIS,SCS19001,3d,D,23.508207,119.830003405396,29.26,26.53,30.6114585877713,1252.93,33.31,36.27,24.0,182.905927916138,30.4287867891995,12.64
1448,MATO G. DO SUL,SCS19001,3d,A,12.63,86.4444444444444,25.93,25.06,22.3701111111111,58.9,28.76,31.58,25.14,151.530886416764,22.3872993221368,12.59
1449,GOIAS,SCS19001,4d,D,75.22999999999999,92.1764984975486,26.91,25.74,23.9543159259845,5081.56,30.15,33.58,22.6,161.290775457781,23.9696116341887,12.75
1450,GOIAS,SCS19001,3d,D,17.06,92.0849802371542,26.28,26.72,23.4361351778656,417.23,29.69,32.95,24.8,155.040550394467,23.4553996514525,12.75
1452,PARANÁ,SCS19001,5d,C,81.12,32.2761284722222,26.413864,27.147055,14.92257358245139,1413.486,29.994392,32.335396,24.574371,155.270041717915,14.90496177209308,12.6093018
1453,PARANÁ,SCS19001,5d,B,17.4,28.517037037037,26.395,26.21,14.37762748148148,101.192,29.67,31.82,25.0,154.993169620099,14.3618234786585,12.583155
1454,PARANÁ,SCS19001,3d,C,74.71000000000001,28.5668792856004,26.106434,26.578141,14.33699589228289,1050.909,29.43237,31.84013,26.263857,152.512730977856,14.32785745220018,12.6283415
1455,PARANÁ,SCS19001,3d,E,37.31,60.7189253259581,26.222342,25.717314,18.92897217858238,1245.076,29.306862,31.792189,23.979684,153.809092224409,18.9087865746229,12.64179176
1456,PIRACICABA,SCS19001,2d,I,86.88225,111.9964611106103,26.775,24.9989,26.7744771290927,7499.96,29.7535,32.44,24.11,159.346467870892,26.7341253442375,12.66181517
1457,PARANÁ,SCS19001,1/½,E,17.27,135.05844402277,25.966213,25.92715,29.1866044067059,660.518,29.059269,31.534365,31.915054,151.353456553876,29.1486195327148,12.6456035
1458,ARACATUBA,SCS19001,4d,C,36.13,85.2195192706175,27.1182,26.67,23.0694733623705,1778.787,30.71,33.21,23.9,162.161590916047,22.9947594997841,
1459,MATO G. DO SUL,SCS19001,1,B,40.85,110.6977469670711,26.65,24.9,26.4592199306759,2859.43,29.58,32.4,23.03,158.329208368069,26.4423631814035,12.57
1461,PIRACICABA,SCS19001,2d,I,214.95,111.509682187731,27.556622,25.1478815,27.4803451113466,20207.49,30.749037,33.644117,24.171851,166.922165973348,27.4162554998428,12.6731259
1462,PIRACICABA,SCS19001,2d,D,24.96,84.4131172839506,28.660606,25.428885,24.0644641629969,950.474,32.166338,34.472038,25.971336,176.722649716823,23.9280805532675,12.5591401
1464,ASSIS,SCS19001,5d,E,19.2666492,23.7735145381726,26.62,26.28,13.72128782548083,97.554,29.97,33.23999999999999,28.233412,158.31622566562,13.72265621004472,12.6
1466,MATO G. DO SUL,BULL24935744,5d,A,12.56476,54.0001416530916,27.1107,26.5112,18.34651540477371,35.72,30.6479,32.84,24.32,161.779699946828,18.29076861452433,12.5717914
1467,MATO G. DO SUL,BULL24935744,2d,A,101.68201,86.0963544416545,24.635,24.8176,21.36207438370304,6657.11,27.1343,29.15,24.64,138.386649026243,21.36478994294145,12.61414164
1468,GOIAS,BULL24935744,4d,C,215.28,57.8131887052342,25.78,25.44,18.31305740358127,9324.905,28.69,30.91,22.545445,149.360423933487,18.29291902229578,12.51
1469,S. J. RIO PRETO,SCS19002,5d,D,45.01,78.7337170554378,26.6,25.36,21.74312269009391,2214.88,29.65,32.25,23.11,157.550269364769,21.71311049313125,12.54
1472,ARACATUBA,SCS19002,>5d,C,17.37,51.2346368715084,26.6413,25.76,17.74446088826816,222.69,29.83,31.99,23.3,157.389253342229,17.70429455990209,
1473,RIB. PRETO,SCS19002,2d,I,41.82,85.4674714956405,26.94,26.58,22.9760402414487,2202.8,30.46,32.77,25.86,160.283593944233,22.894020711369,12.48
1474,RIB. PRETO,SCS19002,3d,I,377.05,86.4422955759485,27.6994,26.73,23.6869937516505,27187.16,31.45,33.73999999999999,23.8,167.437125251386,23.5710964214394,
1475,MINAS GERAIS,SCS19002,1/½,I,32.52,115.106725146199,27.81,24.32,28.301173245614,2127.75,30.78,34.04,,169.810775285944,28.2713522325163,12.72
1476,S. J. RIO PRETO,SCS19002,2d,D,239.26,70.5535509988559,26.68,25.87,20.59566128663205,13318.88,29.91,33.01000000000001,24.7,158.769396374676,20.59386933569592,12.72
1477,MINAS GERAIS,SCS19002,3d,I,95.2,102.1465144230769,27.07,24.37,25.5850797235577,7512.19,29.91,33.22,26.2,162.891736223458,25.6023640757911,12.75
1478,S. J. RIO PRETO,SCS19002,2d,I,38.53,102.8564643799472,26.127519,25.483106,24.8357642680053,2422.422,29.161217,32.20483,27.202814,153.564905325099,24.8620867781205,12.7237255
1479,S. J. RIO PRETO,SCS19002,2d,I,14.13,102.8971830985916,27.031468,24.863121,25.6631809903662,205.611,30.020882,32.832056,31.394125,161.920574631508,25.6273579225262,12.6781762
1480,S. J. RIO PRETO,SCS19002,1/½,I,21.32,93.8805793991416,26.1,27.1,23.545161695279,775.127,29.59,32.81,31.0,153.247680506938,23.5654419186929,12.74
1481,S. J. RIO PRETO,SCS19002,4d,C,68.9,71.8738137082601,25.49,26.7,20.07697746924429,3418.82,28.7,32.29,26.4,147.974072220582,20.14128626928861,12.82
1482,MINAS GERAIS,SCS19002,3d,I,17.55,47.8324324324324,28.71,25.22,17.98759945945946,210.87,32.16,33.88,20.5,176.589799742344,17.89765287833513,12.48
1483,MINAS GERAIS,SCS19002,4d,D,16.32,86.599537037037,28.42,24.72,24.2492439814815,334.27,31.63,35.08,25.0,175.688737772944,24.2111040560386,12.72
1484,MATO G. DO SUL,SCS19002,3d,D,142.91,82.3495531281033,26.75,24.9,22.3765590863952,9221.46,29.7,32.09,23.9,158.788173922802,22.3264824399594,12.52
1485,GOIAS,SCS19002,4d,C,61.94,74.7801361633961,28.88,27.01,22.5972869843813,3147.24,33.02,37.1,26.5,180.229308642393,22.5614589032434,12.77
1488,ARACATUBA,SCS19002,4d,D,38.62,65.6535687453043,26.9556,25.47,20.02421312727273,1440.258,30.12,32.27,25.7,160.387396245727,19.9615133654068,
1489,RIB. PRETO,SCS19002,3d,B,77.37,81.6095150680741,27.9662,24.769,23.1139943947988,4562.374,31.1088,34.37,24.19,171.216269980963,23.0829673443224,
1490,ARACATUBA,SCS19002,2d,E,88.91,87.8239370693018,28.248,24.9,24.3198732950202,5843.619,31.49,33.29,23.8,172.315804550583,24.1557754754579,
1492,PIRACICABA,SCS19002,3d,D,49.04,76.7429805615551,27.37,25.11,21.95099611231102,2410.08,30.51,33.37,25.0,165.130010133671,21.91409326947499,12.67
1493,S. J. RIO PRETO,SCS19002,3d,I,54.87,103.8761371588524,27.19,24.12,25.9559852344297,3950.73,29.98,32.80693,23.864966,163.538914733894,25.9228101149949,12.57
1495,ARACATUBA,BULL24OUTRAS,fr,I,16.4,165.235,26.071188,23.266099,33.5619849318,686.234,28.409832,31.040516,26.711884,152.902662871149,33.5912195450605,12.68559414
1497,RIB. PRETO,BULL24966928,4d,C,58.51,52.1384648462696,27.9426,25.95,18.39911489658138,1878.84,31.48,33.79,29.5,169.855771276319,18.3360883261553,
1499,PARANÁ,BULL24966928,4d,D,48.92,47.0201787648971,26.7760935,25.988802,17.17461435816834,1304.945,30.067059,32.605606,27.003632,159.058598701768,17.15001841545118,12.63341534
1500,PARANÁ,BULL24966928,>5d,C,93.81,34.4600904534898,25.553176,27.262809,15.04405558892067,1849.46,28.94469,31.01334,26.937627,146.812473719767,15.02790035400468,12.5885571
1505,GOIAS,BULL24966928,5d,I,386.29,77.3995564936279,27.01,25.47,21.81647342969355,24490.4,30.19,32.546957,24.808248,161.135232101514,21.75337803701326,12.5
1509,SÃO CARLOS,BULL24966928,3d,C,24.1,48.2690082644628,27.561,26.53,17.64382037603306,450.855,31.21,33.52,23.64,166.170176544553,17.59159940722808,12.58
1510,SÃO CARLOS,BULL24966928,3d,C,121.16,78.5274093074386,27.278,26.002,22.1640575939905,7274.132,30.685,33.223,23.065,163.799024784461,22.0987958543058,12.623
1529,PARANÁ,BULL24966928,3d,D,33.9,119.58100456621,26.6761,26.1,27.7886958111416,2368.024,29.98,31.87,26.0,157.366886346247,27.6387156637913,12.537193
1530,PARANÁ,BULL24966928,3d,C,24.49,112.87614091273,26.6761,26.1,26.8046833164932,1271.943,29.98,31.87,26.0,157.366886346247,26.6640505111089,12.537193
1531,ARACATUBA,BULL24966928,3d,I,341.92,89.6262518186227,26.977056,24.267505,23.6261272055761,25622.453,29.770098,32.263361,24.516927,161.135336074224,23.5768171531526,12.63128316
1532,ARACATUBA,BULL24966928,3d,D,261.9,86.3164705882353,26.878181,23.926166,23.0569390069294,18583.686,29.546774,32.207113,24.897049,160.441160157664,23.0316231129405,12.66240364
1533,MATO G. DO SUL,BULL24966928,3d,E,138.0311,67.5069740722726,27.99,25.33,20.87556515415639,7007.605,31.32,33.36,26.569505,170.08673611764,20.77491636285207,12.44
1534,ASSIS,BULL24966928,4d,E,22.87,76.5225390984361,26.88,24.62,21.60095381784729,713.36,29.76,32.38,23.240305,160.315644461068,21.56970196864898,12.54
1535,SÃO CARLOS,BULL24966928,2d,A,12.86,12.0,,,,12.0,,,,,,
1536,MATO G. DO SUL,BULL24966928,>5d,E,84.32,91.7475801991151,25.58,25.17,22.8297213910398,5779.345,28.37,30.99,27.286583,147.991767215231,22.845014362416,12.57
1538,MATO G. DO SUL,BULL24966928,4d,B,111.40541,97.4727826181694,26.43,24.43,24.3337225318018,8508.457,29.17,31.3,24.146479,155.518033633248,24.2668856905218,12.5
1539,MATO G. DO SUL,BULL24966928,5d,B,46.5,113.540579710145,25.71,24.64,25.9212134782609,3515.15,28.37,30.53,29.179138,148.729804968473,25.8836236601538,12.51
1540,MATO G. DO SUL,BULL24966928,5d,A,35.526869,108.7718653935634,25.28,24.23,24.8513037242652,2288.739,27.75,30.17,28.142385,145.06167034147,24.8766260513274,12.56
1541,MATO G. DO SUL,BULL24966928,3d,C,256.54,68.7080232272839,26.87,25.47,20.43248305389711,13879.38,30.01,32.68,22.28,160.1598074695,20.40184980333029,12.54
1542,MATO G. DO SUL,BULL24966928,5d,D,125.95,43.5286529179465,26.78,26.72,16.65993490127249,3604.69,30.31,33.28,22.69,159.44992037407,16.64889736225289,12.56
1543,MATO G. DO SUL,BULL24966928,5d,C,185.62,43.8181085128441,26.87,26.56,16.73135273585992,5536.26,30.36,33.25,22.73,160.240632012532,16.71673651538733,12.55
1544,MATO G. DO SUL,BULL24966928,5d,B,23.01,72.5267938237966,25.18,24.41,19.97743142597639,678.4,27.67,30.24,23.08,144.285923539204,20.00684281984789,12.58
1545,S. J. RIO PRETO,BULL24966928,3d,D,23.74,73.6586030664395,26.67,25.32,21.04531706984668,735.872,29.73,32.94,23.0,158.874650043095,21.05608574752939,12.73
1546,PIRACICABA,BULL24966928,4d,I,169.68,89.6574708269914,27.203,25.3486,23.8062652898275,12257.03,30.3796,32.73999999999999,23.49,162.980473787901,23.7247617386293,12.60136485
1547,MATO G. DO SUL,BULL24966928,1,A,407.10736,69.1544655609554,26.3334,26.5488,20.19217816671398,22594.15,29.7005,31.68,24.32,154.173249204673,20.12583607535761,12.5560031
1548,PARANÁ,BULL24966928,>5d,B,21.15,36.3185792349727,25.123787,26.212758,15.19151854022404,234.515,28.110085,30.4836,25.0,143.258823241593,15.19202809328995,12.651382
1549,MATO G. DO SUL,BULL24966928,4d,I,113.6,64.6,26.84,25.94,19.80584,5356.16,30.13,32.48999999999999,25.6,159.472208682274,19.75703817668763,12.61
1550,RIB. PRETO,BULL24966928,>5d,B,36.98,67.6349079263411,26.7323,25.28,20.19630154043235,1401.76,29.79,31.84,23.1,158.179923409398,20.13270657956143,
1551,MINAS GERAIS,BULL24966928,4d,C,208.7,83.0674123029995,28.05,24.62,23.4063196746314,13990.96,31.16,34.16,28.3,171.763972253279,23.3540120872888,12.67
1552,PARANÁ,BULL24966928,1/½,C,15.79,28.109234828496,26.0401,26.13,14.26175267915567,73.054,29.21,31.28,30.0,151.552625688268,14.24808601814552,12.579382
1553,PARANÁ,BULL24966928,fr,B,58.11,73.3826068098027,26.163887,26.005636,20.69416306619475,2842.352,29.32352,31.316055,25.9718275,152.646364400176,20.63324048520425,12.5648118
1554,PARANÁ,BULL24966928,fr,E,112.65,97.8007749627422,25.7328,25.73022,23.7828488240835,8647.848,28.713406,30.96824,24.296704,148.920240170833,23.7478627147423,12.61884964
1555,PARANÁ,BULL24966928,fr,C,19.38,95.440379403794,25.7714,25.96,23.4909084092141,627.79,28.83,31.13,25.0,149.308013749568,23.4570327624453,12.623286
1556,MINAS GERAIS,BULL24966928,>5d,I,17.68,86.9705985915493,26.8345,24.9,23.1215134480634,437.833,29.794687,32.425426,21.0,159.85930316793,23.0851004658291,12.6528
1558,MINAS GERAIS,BULL24966928,5d,I,66.6,74.2347985347985,28.06,25.11,21.99490864468864,3410.02,31.33,33.47,25.3,170.885374741553,21.88819928716653,12.56
1559,ARACATUBA,BULL24966928,4d,I,66.66,50.4866630076839,27.111607,24.883095,17.81595326113557,2115.681,30.108856,32.62106,23.329689,162.347338818296,17.78636736320184,12.6329689
1560,ARACATUBA,BULL24966928,1,I,253.33,71.8030083288443,26.24,25.71,20.51594838602743,14444.26,29.33,32.08,20.7,154.273357747421,20.50837479834167,12.68
1561,PARANÁ,BULL24966928,1,C,49.99,53.8509607791524,24.495442,26.026518,17.22946253060174,1601.918,27.288535,29.640648,23.133602,137.349160875499,17.24598281550017,12.6683015
1562,GOIAS,BULL24966928,2d,D,47.653896,62.2587431118327,28.44,25.06,20.2625373675853,1803.92,31.78,34.09,21.948435,174.676863721201,20.17593470400247,12.47
1563,S. J. RIO PRETO,BULL24966928,>5d,B,42.85,77.4949108589951,27.11,25.09,21.89628103079417,2032.518,30.19,33.22,26.0,162.861159721785,21.88063820806294,12.7
1565,S. J. RIO PRETO,BULL24966928,2d,D,30.2,115.215164835165,26.496982,25.527427,26.9630838674242,1890.516,29.5838,32.850904,23.276523,157.275726622631,26.9946580699032,12.7435044
1566,S. J. RIO PRETO,BULL24966928,4d,I,52.46,62.1731833910035,26.307121,26.3914995,19.17833805730277,2042.007,29.616776,32.694616,27.481261,155.158588922788,19.18272213602033,12.72296846
1568,GOIAS,BULL24966928,2d,D,99.45,87.8527844482562,26.36,25.53,22.8924598467696,6645.326,29.42,31.7,22.705534,154.896407385848,22.839090387869,12.5
1569,RIB. PRETO,BULL24966928,2d,I,45.34,118.260347930414,25.88,24.1,26.7489362927415,3554.72,28.42,30.68,32.86,150.528558575669,26.7200928325493,12.53
1570,ARACATUBA,BULL24966928,5d,C,52.72,49.4969548133595,27.461287,25.4244,17.79751179995383,1538.876,30.715826,33.58908,24.169729,165.961936279323,17.77310376764311,12.6664217
1571,MATO G. DO SUL,BULL24966928,>5d,A,36.5,71.6971428571429,27.0545,26.2512,20.98710637142857,1474.58,30.4931,32.32,26.81,160.867601083118,20.88697044865906,12.5193776
1572,RIB. PRETO,BULL24966928,>5d,A,45.69,92.8408726625111,28.8211,24.844,25.5983240314337,2735.529,32.1586,35.26000000000001,23.96,179.117189823451,25.5098994622343,
1573,S. J. RIO PRETO,BULL24966928,1/½,I,12.83,133.746987951807,27.23,23.95,30.5420662650602,113.05,29.97,32.41,26.59,163.505639324252,30.4453552454405,12.53
1574,PARANÁ,BULL24966928,fr,C,217.25,103.5490913520097,27.6983,25.11,26.3716510077125,18802.451,30.9,32.84,27.0,167.230000664838,26.2111655114378,12.530333
1575,RIB. PRETO,BULL24966928,>5d,B,32.1,82.5272636815921,26.49,24.88,22.2194005074627,1429.598,29.38,32.41,24.3,157.057504029786,22.2305088357023,12.72
1576,S. J. RIO PRETO,BULL24966928,5d,B,72.43,57.883071322191,26.415047,26.539475,18.61406629613735,2784.714,29.793865,33.255121,25.596623,156.542857611096,18.63207024488319,12.7719325
1577,S. J. RIO PRETO,BULL24966928,5d,D,22.66,59.4515009380863,26.9,26.63,19.07027363977486,517.8330000000001,30.43,34.26000000000001,28.0,161.438393823963,19.09107608472388,12.8
1578,GOIAS,BULL24966928,>5d,D,109.99,73.07919175426059,27.47,26.05,21.44895096438412,5997.15,30.93,33.79,21.1,165.943457000512,21.40274192944808,12.66
1579,S. J. RIO PRETO,BULL24966928,fr,C,42.33,105.3816683151995,26.61,25.39,25.6430617408506,2844.266,29.68,32.63,26.0,158.022728546196,25.6358460035813,12.7
1582,PARANÁ,BULL24966928,3d,I,91.01,49.355182888242,27.024,25.71,17.61224267712948,2963.433,30.28,32.54,24.0,161.130069364476,17.5707810152462,12.5883
1583,PARANÁ,BULL24966928,3d,C,37.1,51.5046215139442,27.0798,25.84,17.95721791505976,1003.566,30.39,32.65,24.0,161.642295051697,17.91156222849524,12.586242
1584,PARANÁ,BULL24966928,3d,B,94.99,39.6381612242439,27.0903,25.77,16.17068144322208,2305.691,30.38,32.57,24.0,161.672145159661,16.13666287870115,12.576295
1585,RIB. PRETO,BULL24966928,5d,I,18.69,82.4962630792227,25.8301,24.52,21.74970368011958,483.62,28.48,30.96,24.0,150.271257287096,21.74760693000603,
1586,GOIAS,BULL24966928,4d,B,302.36,72.126181292189,27.72,26.12,21.45183569913211,17470.238,31.267052,34.748009,24.35,168.902723866801,21.43396162045352,12.7352873
1587,ARACATUBA,BULL24966928,1/½,C,14.36,124.449152542373,26.1,25.88,27.8553305084746,277.38,29.21,31.77,28.6,152.717675424047,27.8235833491668,12.66
1588,PARANÁ,BULL24966928,>5d,B,107.49,64.1855901141481,27.306797,25.56087,19.98794234202472,4995.202,30.576464,32.133192,24.839842,163.01959853419,19.88104686830846,12.47659314
1589,PARANÁ,BULL24966928,>5d,A,178.25,68.50551578947369,26.855066,25.385479,20.39393166416674,9406.042,29.974625,31.620163,24.753397,158.849674377926,20.29781659424094,12.49941188
1590,S. J. RIO PRETO,BULL24966928,>5d,E,132.48,39.8413014608234,27.54,26.33,16.32653824701195,3366.32,31.11,33.95,24.1,166.545566572635,16.30274970838248,12.65
1591,S. J. RIO PRETO,BULL24966928,>5d,C,104.71,64.14690971847699,25.74,26.03,19.16498539531874,4846.54,28.81,32.1,28.8,150.114305557138,19.20223422271823,12.77
1592,MATO G. DO SUL,BULL24966928,2d,A,287.08914,86.7788880360744,26.201,25.0424,22.6193498900029,20582.86,29.0771,31.08,21.95,153.123528269842,22.5530605197463,12.57106084
1594,ARACATUBA,BULL24966928,>5d,I,58.93,49.2714681440443,27.51,26.64,17.78080470914128,1761.15,31.18,33.91,24.0,166.108484908257,17.74384948598505,12.64
1595,PARANÁ,BULL24966928,4d,D,20.6,52.4797674418605,26.195187,25.643114,17.74617868553721,360.126,29.251453,31.652906,26.673587,153.46662716308,17.72653616834588,12.6299952
1596,PARANÁ,BULL24966928,4d,C,95.79,59.4009070294785,26.566766,25.88462,18.90477920886168,3983.722,29.77854,31.891897,26.272158,156.615178968475,18.85489065333605,12.5754033
1598,ASSIS,BULL24966928,5d,I,197.78,66.8700021530843,27.25,26.48,20.36767532834536,10205.749,30.81,34.14,24.13,164.27435732108,20.35529431406718,12.59
1599,PARANÁ,BULL24966928,4d,B,36.63,41.868574908648,27.7037,25.6,16.69047139792936,747.663,31.07,33.21,26.0,167.449202842695,16.64304615959664,12.557087
1600,PARANÁ,BULL24966928,1,A,19.8,71.3792307692308,26.0804,26.23,20.36083320923077,475.158,29.29,31.23,22.0,151.76748226286,20.29928558332074,12.557087
1604,SÃO CARLOS,BULL24966928,4d,E,68.05,53.0757181088314,26.464,27.668,17.94119186726137,2314.294,30.221,32.549,23.6,155.666085437691,17.90118762723788,12.6
1605,SÃO CARLOS,BULL24966928,4d,B,30.01,52.5494169905608,26.123,28.0,17.7267941615769,742.295,29.9,32.44,23.45,152.627563936663,17.7023657304345,12.64
1606,ARACATUBA,BULL24966928,2d,C,89.23,85.0235400751003,27.9256,24.71,23.6294368982002,5651.608,31.04,32.95,23.8,169.397136769746,23.4936961246116,
1610,S. J. RIO PRETO,BULL24966928,3d,I,116.72,59.9525210084034,27.49,25.77,19.42784550420168,5033.588,30.87,33.42,,165.846095216804,19.37730811294462,12.62
1612,MATO G. DO SUL,BULL24966928,>5d,I,100.58,59.143486114247,26.81,25.24,18.98195029351998,4187.97,29.87,31.67,24.1,158.623972532894,18.91236521312023,12.53
1613,S. J. RIO PRETO,BULL24966928,5d,I,41.41,55.6065963957837,27.21,25.46,18.63256331179871,1294.47,30.43,32.87,24.11,163.119442901144,18.58980455414588,12.51
1615,GOIAS,BULL24966928,3d,D,173.39212,112.628952640315,27.42,25.26,27.5169844971365,16252.72,30.61,32.8,27.659191,164.856085719662,27.3817478106678,12.47
1616,ARACATUBA,BULL24966928,3d,I,37.09,98.9784774810682,26.52,25.12,24.6292749302511,2194.29,29.48,32.05,29.1,156.794923960616,24.5940420330814,12.65
1622,MATO G. DO SUL,BULL24966928,4d,C,39.39,70.86016794450529,26.4,25.5,20.47586418400876,1624.18,29.46,31.99,22.23,155.564409798047,20.45022527156685,12.53
1624,S. J. RIO PRETO,BULL24966928,2d,C,64.91,113.712908712909,25.78,25.43,26.0160388206388,5393.63,28.69,31.57,30.9,150.132824896201,26.0498914089235,12.72
1625,RIB. PRETO,BULL24965902,>5d,I,29.69,94.8032786885246,27.12,24.39,24.5198557377049,1476.79,29.98,32.655437,23.54,162.672889577818,24.4762092665174,12.55
1626,RIB. PRETO,BULL24965902,5d,I,113.32,88.7871101460719,27.71,24.35,24.0632550039479,7792.07,30.67,33.28236,24.093596,168.179961083412,23.9926078743212,12.53
1627,MATO G. DO SUL,BULL24965902,5d,B,44.86,70.4517041996348,27.01,26.1,20.77360080036519,1932.723,30.39,32.58,25.171534,160.87224455656,20.70183640235574,12.47
1628,MINAS GERAIS,BULL24965902,>5d,I,51.46,73.2098327420172,27.2,25.64,21.30389457678662,2427.34,30.47,33.64,22.9,163.772285694006,21.28995622220375,12.72
1629,S. J. RIO PRETO,BULL24965902,4d,B,24.08,64.0325331125828,26.61,24.34,19.60195308774835,640.553,29.35,32.51000000000001,27.0,158.413636538731,19.6182723913352,12.74
1630,PIRACICABA,PT35013377,>5d,I,34.69,89.7241075363596,27.2519,24.7268,23.854403157338,1775.56,30.2412,32.92,23.64,163.87500773548,23.8043494333179,12.6502115
1631,RIB. PRETO,SCS19003,3d,I,79.36788,85.1311420219844,27.65,24.98,23.4450237264406,4938.69,30.8,33.002,25.210261,167.081157498723,23.3412621539728,12.47
1638,S. J. RIO PRETO,SCS19003,4d,B,90.45,64.357361376673,26.13,27.05,19.3980951625239,4119.435,29.61,32.81,26.0,153.517283078561,19.40947153118917,12.74
1639,S. J. RIO PRETO,SCS19003,4d,I,85.3,61.7905866302865,27.16,25.63,19.54825293315143,3661.65,30.42,32.81,24.19,162.570697838244,19.49700337469777,12.5
1640,MATO G. DO SUL,SCS19003,4d,I,65.87,94.5801002413217,27.12,25.45,24.4861111564878,4460.59,30.31,32.35,25.9,161.821484218,24.3722731850261,12.56
1641,S. J. RIO PRETO,SCS19003,>5d,C,33.42,52.2282913165266,28.51,26.51,18.64169089635854,873.69,32.38,34.96,24.29,175.439944865339,18.5749097147999,12.48
1642,S. J. RIO PRETO,SCS19003,>5d,B,44.42,49.5410240592227,28.5,26.1,18.19426896977175,1229.08,32.22,34.78,24.27,175.376143594438,18.13330773738183,12.49
1643,ASSIS,SCS19003,2d,C,43.77,127.912181303116,25.99,25.17,28.216114164306,3694.53,28.86,30.95,24.7,151.219998430683,28.1372936991168,12.59
1644,GOIAS,SCS19003,3d,I,567.07715,82.0126099588138,27.61,25.7,22.9289684145708,38874.4,30.99,33.483744,23.61306,166.930964165094,22.8471211646337,12.5
1645,S. J. RIO PRETO,SCS19003,3d,C,79.17,94.2289712669347,27.09,26.03,24.4083517641804,5535.32,30.46,33.58,22.6,162.626983216427,24.3859018749286,12.71
1646,PIRACICABA,SCS19003,5d,I,127.25912,84.7100814234917,25.9049,25.3408,22.1102641118551,8392.5,28.8092,31.39,22.55,150.97914674653,22.1051850761076,12.667533
1647,PARANÁ,SCS19003,2d,E,23.88,77.146127946128,26.6019,25.11,21.51257245656566,785.936,29.58,31.68,25.0,157.024883271857,21.44780960100068,12.576981
1648,MINAS GERAIS,SCS19003,>5d,A,14.5545158,85.5199993673948,28.48,26.02,24.1160958957467,199.808,32.16,34.42,24.0,174.892841240327,23.975881584942,12.56
1649,S. J. RIO PRETO,SCS19003,fr,I,16.52,122.003097345133,25.24,24.91,26.5644100884956,509.214,27.88,31.0,26.0,145.427232222475,26.6774088146605,12.78
1650,RIB. PRETO,SCS19003,4d,I,50.19,73.2673474731605,27.04,26.72,21.21460905996334,2351.8,30.63,32.48,25.46,160.706649450536,21.11086196345547,12.42
1652,RIB. PRETO,SCS19003,>5d,I,14.83,64.9505300353357,27.79,24.88,20.36088869257951,161.85,30.93,33.306751,23.27,168.612604675832,20.29272042779982,12.5
1653,MATO G. DO SUL,SCS19003,2d,A,88.16518,75.66360586294161,26.861,25.696,21.46104846729175,4860.95,30.0772,32.06,27.31,159.272609544579,21.37590536845298,12.5500315
1654,MINAS GERAIS,SCS19003,4d,D,12.032703813,65.4800024694368,27.63,26.22,20.35892438597298,13.749,31.19,33.59,22.0,166.956095516827,20.28705237089421,12.6
1655,MINAS GERAIS,SCS19003,4d,A,29.53056,130.777608929777,26.91,24.44,29.7097414914298,2094.238,29.745,32.59,24.0,160.873924748997,29.6828888136775,12.69
1656,MINAS GERAIS,SCS19003,3d,B,13.8666855,189.099998901797,27.54,26.2,39.5213398293392,342.59,31.07,33.56,25.0,166.201518921593,39.3090888316694,12.62
1657,ASSIS,SCS19003,3d,A,22.84,136.696494464945,26.62,24.49,30.2306274907749,1363.71,29.41,31.27,25.9,156.978604328221,30.0783237321495,12.54
1658,ASSIS,SCS19003,3d,B,46.71,87.123595505618,25.91,24.9,22.4496921348315,2619.54,28.69,30.92,21.0,150.668850563057,22.4173026389281,12.62
1659,PIRACICABA,SCS19003,2d,D,32.33,83.1721593703886,28.43,24.27,23.6935857845548,1458.93,31.49,33.5,25.1,174.347497625364,23.5546219743762,12.53
1660,ARACATUBA,SCS19003,4d,I,45.55,80.3093889716841,27.77,26.06,22.7723906408346,2303.78,31.3,33.96,25.1,168.572540718337,22.6953745862137,12.63
1661,PARANÁ,SCS19003,fr,E,225.18,69.06063889670699,25.255122,24.952767,19.56345729973797,12176.187,27.918481,30.424591,26.426697,144.831568242489,19.57945414956798,12.677814
1662,PARANÁ,SCS19003,fr,C,43.25,85.26464,25.840039,25.062344,22.1398547492096,2301.52,28.648218,31.076458,27.022002,150.227597269641,22.1271951520252,12.64752996
1663,GOIAS,SCS19003,5d,I,29.68,58.5475113122172,26.89,27.01,18.93092443438914,834.96,30.54,32.62629099999999,22.390031,159.514683344066,18.86644139167607,12.45
1664,MINAS GERAIS,SCS19003,2d,B,34.459791,163.660004316158,27.0,24.73,34.7490006474237,3418.252,29.94,32.52,23.0,161.38768259578,34.6561365872568,12.65
1665,MINAS GERAIS,SCS19003,2d,A,46.63,131.974588507075,25.9,23.84,28.6764678024834,4166.72,28.37,30.69,26.3,150.826893242954,28.655699390539,12.64
1667,PIRACICABA,SCS19003,1/½,A,42.7,107.3908794788274,28.55,25.75,27.7871905537459,2940.5,32.15,34.37,29.9,175.546667822355,27.6008604794061,12.55
1668,PARANÁ,SCS19003,3d,E,28.26,58.7063960639606,26.602291,24.7606325,18.82020386887208,771.446,29.472248,31.643515,24.122532,157.155886563412,18.77970832884606,12.59144014
1669,RIB. PRETO,SCS19003,5d,B,23.08,96.1583935018051,27.912,25.103,25.3912835740072,944.475,31.156,34.15,23.27,170.385814454194,25.3294956979399,
1670,RIB. PRETO,SCS19003,5d,A,46.6,96.1132658959538,27.8471,25.041,25.3295133597977,2922.319,31.0578,34.11,23.25,169.841379464509,25.2765539202824,
1671,S. J. RIO PRETO,SCS19003,5d,C,50.24,119.382583682008,27.29,26.49,28.4187970449791,4118.31,30.86,33.83,24.0,164.293454604958,28.353664633339,12.68
1673,MINAS GERAIS,SCS19003,3d,I,19.16,117.881284916201,26.06,24.61,26.8869086592179,770.11,28.78,32.03,28.1,153.304782715351,26.961531958706,12.77
1674,MATO GROSSO,SCS19003,5d,E,39.11,75.78535595721141,29.18,26.31,22.9583241534489,1741.221,33.13,34.92,24.654812,181.034150527463,22.781903460319,12.39
1675,RIB. PRETO,PS321911049,>5d,I,28.71,102.6181926989826,27.86,25.01,26.3720453620586,1526.23,31.06,33.336626,24.373483,169.149905641978,26.2406404320917,12.48
1676,ASSIS,PS321911049,5d,D,302.19,33.925586684586,26.64,25.83,15.20990589062339,6374.586,29.85,32.65,26.021997,158.080195184633,15.2028939824219,12.56
1677,RIB. PRETO,SCS17,>5d,D,72.75,65.63901234567899,27.215,25.24,20.16117572839506,3270.57,30.36,33.15,24.1,163.575643759934,20.13036782694332,
1679,RIB. PRETO,SCS17,>5d,A,83.63,77.9058495043976,26.45,24.68,21.52339525338545,4732.836,29.27,32.28,22.8,156.690566275675,21.53595468567067,12.72
1680,ASSIS,PT35001499,3d,A,35.18,116.805004314064,25.41,24.49,26.054351078516,2441.38,27.97,30.7,22.9,146.627891061933,26.1096767035392,12.71
1681,MINAS GERAIS,AIC456PS321974039,1/½,C,216.87,120.732806169766,28.65,23.97,30.1040122272661,22288.09,31.65,34.48999999999999,,177.35977550229,29.9800324179666,12.64
1683,RIB. PRETO,PS32187365,4d,C,134.78,77.5935494380192,26.69,25.08,21.63569241244503,8065.576,29.68,32.54,25.7,158.724249508423,21.62416431388701,12.69
1684,GOIAS,PT35049365,1/½,C,15.97,125.847858942065,28.31,24.69,30.5685857934509,463.976,31.49,34.39,27.7,174.108065690962,30.4556561961558,12.66
1685,MINAS GERAIS,BULL24988082,4d,I,39.54,103.7524691358025,27.2743,23.55,26.0145473932099,2538.863,29.89837,33.044428,23.0,164.767880505147,26.0168302409905,12.7238
1686,PARANÁ,BULL24988082,1,D,12.23,35.7347826086957,25.6754,24.99,15.24582646086957,17.459,28.43,31.23,23.0,149.126566094765,15.25466923613619,12.710408
1687,S. J. RIO PRETO,BULL24988082,3d,D,13.14,68.4298245614035,26.51,25.55,20.18796754385965,76.33,29.6,32.52,28.0,157.026674147958,20.18382977889311,12.7
1688,GOIAS,BULL24988082,4d,C,24.05,91.549377593361,27.21,25.1,24.0994603319502,970.57,30.31,33.56,25.6,164.030721955494,24.0939493066289,12.73
1689,PARANÁ,BULL24988082,4d,E,37.38,45.4001182033097,26.9406,26.7,16.99017806028369,859.695,30.5,32.7,27.0,160.154861793982,16.948389896314,12.575609
1690,RIB. PRETO,PT35022994,2d,A,24.0,113.435,27.632299,24.6176,27.85662249065,1229.22,30.659245,33.16,24.88,167.2889233096,27.7517319359093,12.6163682
1691,GOIAS,PT35022994,1/½,I,46.91,127.30641649957,27.6,24.53,29.987800973933,4037.347,30.59,33.54,29.1,167.47936821512,29.9277687885027,12.68
1692,GOIAS,PT35022994,2d,I,88.39,78.2595889514334,25.96,26.4,21.24983861762011,5073.57,29.19,33.0,26.4,152.64774786562,21.31926196052083,12.83
1693,RIB. PRETO,PT35022994,4d,A,279.22,74.6560886161216,27.19,25.38,21.51745986078886,16754.96,30.38,33.1,23.79,163.244540520313,21.47639133354534,12.65
1694,RIB. PRETO,PT35022994,2d,I,20.83,95.8924122310306,27.45,26.42,24.9613776896942,752.77,31.04,33.36,24.65,165.141869235709,24.8474408237527,12.47
1695,RIB. PRETO,PT35022994,1,C,226.04,63.1938422724724,25.35,24.36,18.83437794337507,10969.53,27.87,30.88,20.3,146.41731961342,18.88133905897794,12.76
1696,RIB. PRETO,BULL24985476,5d,A,39.43,105.3740430185928,25.3632345,23.436,24.4777923307054,2573.25,27.627257,30.13,23.18,146.065054323646,24.5181961497061,12.68449193
1699,SÃO CARLOS,BULL24985476,4d,A,25.58,57.2168630338733,26.528,26.89,18.56910586156112,626.045,30.05,32.47,22.732,156.468143864449,18.53239627387671,12.62
1700,SÃO CARLOS,BULL24985476,3d,C,27.62,92.9016645326504,26.214,25.2,23.4993625966709,1275.684,29.14,31.69,23.54,153.875283352153,23.4779465792306,12.66
1701,ARACATUBA,BULL24985476,fr,D,68.72999999999999,113.865996827076,26.9538,24.78,27.2328374335272,5790.858,29.9,32.05,26.9,160.45339018803,27.1223525738624,
1702,ARACATUBA,BULL24985476,fr,D,19.13,110.1318373071529,27.7209,24.48,27.4272080112202,711.68,30.72,32.78,26.3,167.651566578133,27.2743742080489,
1703,S. J. RIO PRETO,BULL24985476,3d,I,68.08,86.9736091298146,27.73,25.4,23.7933487161198,4216.52,31.03,33.35649,24.061615,167.92583264515,23.6903224299784,12.48
1704,RIB. PRETO,BULL24985476,4d,I,13.57685,101.2285252243397,27.17,23.52,25.5359672765323,152.7,29.77,32.473711,,163.298907154936,25.5001783534892,12.57
1705,RIB. PRETO,BULL24985476,3d,B,53.8,99.716028708134,24.799256,23.4776,23.2269990673876,3678.53,26.978473,29.59,23.37,140.908705745054,23.3073597338616,12.72024035
1706,SÃO CARLOS,BULL24985476,1/½,I,398.43,124.363843386901,26.71,24.18,28.5287213622131,43432.76,29.43,32.63,28.42,159.420285905227,28.5647099175071,12.63
1707,ARACATUBA,BULL24985476,fr,I,14.39,165.148117154812,26.071189,23.266097,33.549761014795,378.024,28.409832,31.040518,26.71189,152.902675124483,33.5789793973907,12.6855945
1708,S. J. RIO PRETO,BULL24985476,1/½,I,25.57,116.556079587325,25.65,26.2,26.2719048636699,1430.826,28.75,32.04,31.0,149.242643973814,26.349552806101,12.78
1711,ARACATUBA,BULL24975201,3d,D,18.26,87.408945686901,25.6123,25.08,22.264891913738,484.06,28.38,31.3,24.6,148.65868307624,22.3052872097396,
1712,RIB. PRETO,BULL24975201,5d,I,38.18,88.3418640183346,26.7,24.68,23.2222540106952,2010.63,29.57,32.72,23.73,159.193148577912,23.2369993331655,12.61
1715,ARACATUBA,BULL24975201,4d,I,322.63,59.8050381482793,27.162965,25.375804,19.24866120266024,14861.679,30.341923,33.43319,26.917538,163.381966255467,19.23682067180414,12.70876306
1716,ARACATUBA,BULL24975201,4d,C,20.27,54.6824667472793,26.75,25.33,18.2956638452237,364.984,29.83,32.67,27.0,159.231369575583,18.2841980360662,12.68
1720,ARACATUBA,BULL24975201,3d,C,17.88,52.5501700680272,27.64,24.95,18.34204659863946,250.435,30.78,33.53,27.0,167.585271713252,18.30900922805261,12.65
1721,ARACATUBA,BULL24975201,3d,I,255.21,82.894001069035,27.168902,24.482959,22.7538415460409,17254.13,30.063982,32.884258,25.23376,163.281116250356,22.7249236171776,12.6748798
1722,ARACATUBA,BULL24975201,5d,C,69.05,68.94373356704651,26.0486,24.86,19.99979735390009,3260.64,28.84,31.75,22.0,152.778848149472,20.01647322089923,
1723,MATO G. DO SUL,BULL24975201,>5d,E,12.65895647,116.231467671909,25.56,24.58,26.1337870163108,80.684,28.18,30.43,24.3522215,147.435089475283,26.116598150285,12.53
1724,MATO G. DO SUL,BULL24975201,>5d,B,25.100166,116.730886616246,25.56,24.58,26.2015082251629,1383.992,28.18,30.43,24.35238,147.435089475283,26.184236999697,12.53
1725,RIB. PRETO,BULL24975201,>5d,B,27.27,86.762278978389,27.9248,25.28,23.9057434027505,1153.62,31.23,34.35,23.8,170.608291277966,23.8579173208089,
1726,ARACATUBA,BULL24975201,>5d,B,58.7,58.0592291220557,27.0021,25.45,18.90985161211992,2162.966,30.17,32.82,22.3,161.386489601003,18.88062655227218,
1727,MATO G. DO SUL,BULL24975201,3d,A,36.03987,77.4999382276194,26.4313,26.1032,21.45249258544243,1586.61,29.6812,31.48,24.95,154.937697627503,21.36241036499956,12.52772963
1728,ARACATUBA,BULL24975201,2d,D,31.63,110.1437595517066,28.18,24.34,27.8796602954661,1938.562,31.22,34.09,24.0,172.89723823378,27.7910598617498,12.66
1729,S. J. RIO PRETO,BULL24975201,2d,B,47.75,121.126993006993,27.35,25.44,28.7509934265734,3913.29,30.59,33.66,25.0,165.112804108621,28.7087399032426,12.7
1730,RIB. PRETO,BULL24975201,4d,B,216.88,73.81122120265519,27.12,25.14,21.34585664584147,12675.883,30.21,32.82,25.2,162.498696099626,21.30250819532517,12.64
1731,RIB. PRETO,BULL24975201,4d,A,15.02,82.4403973509934,26.9,24.71,22.495619205298,224.73,29.81,32.35,25.1,160.402211980224,22.4535107796533,12.64
1732,PARANÁ,BULL24975201,1/½,E,31.94,73.06298896690069,26.6121,25.65,20.9225850108325,1229.596,29.76,31.99,31.0,157.206912549435,20.86676809892386,12.593788
1733,SÃO CARLOS,BULL24975201,3d,I,18.11,79.949263502455,27.1,24.32,22.2603387888707,427.17,29.93,32.78,28.62,162.687906863384,22.2391322900935,12.57
1734,SÃO CARLOS,BULL24975201,2d,I,31.04,92.061974789916,26.94,24.4,23.9612590336134,1536.38,29.77,32.94,25.7,161.515221853341,23.9704839227309,12.61
1735,ARACATUBA,BULL24975201,1/½,C,95.05,135.424804334738,26.29,24.59,29.6374045394341,10262.43,29.05,31.48,,154.535282838838,29.5923893951801,12.64
1736,MINAS GERAIS,BULL24975201,3d,C,87.88425,115.997983771336,27.136666,25.646667,27.7418274502013,7903.809,30.393333,32.963333,25.0,162.544653390942,27.6563404202125,12.64
1737,ASSIS,BULL24975201,2d,I,51.8,143.045979899498,25.12,24.6,29.1932325628141,5227.63,27.66,29.98,22.3,143.378261024079,29.2165929533923,12.65
1738,ASSIS,BULL24975201,5d,A,44.9,85.7954407294833,25.87,25.57,22.2354276291793,2439.87,28.84,30.79,25.4,149.864499129478,22.1737714742093,12.57
1739,ARACATUBA,BULL24975201,fr,D,34.1,165.200814479638,26.067911,23.271342,33.5521542322706,3397.738,28.407537,31.028063,26.679112,152.858680706356,33.579664610741,12.6839556
1740,ARACATUBA,BULL24975201,2d,C,12.28,131.964285714286,24.91,26.14,27.4873892857143,45.59,27.83,30.49,22.6,141.601470192156,27.5475477991232,12.71
1742,S. J. RIO PRETO,BULL24975201,3d,I,64.45,110.9155767397521,26.26,26.18,26.1053612430887,5200.122,29.5,32.89,24.0,155.071537827244,26.1520036792252,12.77
1743,MATO G. DO SUL,BULL24975201,2d,B,65.88,123.463066072754,24.86,23.28,26.3341502969562,6017.63,27.0,29.71,23.234741,141.635537407044,26.4495744713783,12.63
1744,ASSIS,BULL24975201,fr,D,37.235481,114.25808654093,26.21,23.93,26.5308740974662,2592.532,28.76,31.58,25.652417,154.33434957788,26.5548382368819,12.6
1745,ASSIS,BULL24975201,fr,D,18.424519,114.258083445625,25.68,23.46,25.9889058153614,668.959,28.01,30.9,25.421183,149.512592899874,26.0617741995796,12.63
1746,RIB. PRETO,BULL24975952,4d,I,52.1,61.4438902743142,26.94,26.38,19.38691720698254,1994.7,30.4,33.0,25.86,160.620167683465,19.34835926349143,12.52
1747,S. J. RIO PRETO,BULL24975952,2d,B,63.85,63.2646094503375,29.77,25.0,21.10972109932498,2670.07,33.35,35.48999999999999,28.42,187.139645850192,20.9784655437805,12.44
1749,S. J. RIO PRETO,BULL24975952,4d,B,35.63,71.7029200169276,27.65,24.94,21.34350698264917,1422.78,30.78,33.07,24.82,167.184552313357,21.26497091462709,12.49
1750,S. J. RIO PRETO,BULL24975952,>5d,C,18.64,65.8012048192771,27.78,24.85,20.48983012048193,369.24,30.91,33.6,23.96,168.858774369654,20.43919104756255,12.53
1751,S. J. RIO PRETO,BULL24975952,2d,I,44.49,87.8142197599261,28.06,25.58,24.1757636934441,2475.204,31.5,34.98999999999999,27.0,172.198607488539,24.1453324333703,12.73
1752,MINAS GERAIS,BULL24975952,4d,I,67.91,92.5798604900733,27.25,25.76,24.2884287247362,4517.22,30.57,33.61,25.5,164.092721896386,24.2556103119663,12.7
1753,S. J. RIO PRETO,BULL24975952,1/½,I,39.94,133.514137437366,28.060139,24.349474,31.515339377092,3407.105,31.079987,34.281384,28.001383,172.105368942062,31.4550658060858,12.7001799
1754,GOIAS,SCS19007,fr,C,14.66,114.266917293233,27.11,25.69,27.4525312030075,284.03,30.38,33.64,,163.008027513492,27.4431254603365,12.73
1755,S. J. RIO PRETO,SCS19007,1,B,30.12,16.11313465783664,27.0,25.56,12.6169701986755,86.53,30.2,33.16,20.3,161.682807815236,12.61566554450715,12.69
1756,MINAS GERAIS,BULL24987935,1/½,D,124.67,111.8059820715364,26.14,23.66,26.1125658649152,11257.14,28.6,31.66,28.8,153.996440904351,26.1720942351216,12.75
1757,GOIAS,BULL24987935,2d,C,201.51,93.7817001741333,25.63,24.87,23.1468457337344,15510.45,28.345228,31.272003,26.07,148.864555536078,23.1930160453175,12.7367754
1758,GOIAS,BULL24987935,1/½,B,86.0,135.239337837838,28.31,24.76,32.1003360013514,9131.711,31.52,34.73,29.1,174.408830322974,32.0151567080211,12.7
1759,GOIAS,BULL24987935,3d,A,178.67,93.1910781784364,26.87,25.55,24.0731133251335,13544.117,30.04,33.2,25.1,160.668819625054,24.0705817568736,12.72
1760,S. J. RIO PRETO,BULL24975033,3d,I,215.87502,85.724186513875,28.26,25.37,23.9875527271561,15042.52,31.67,34.08015,25.484005,173.038584797067,23.8724386615095,12.48
1761,S. J. RIO PRETO,BULL24975033,3d,I,43.73,93.1818468326505,28.22,25.08,25.1676955562559,2587.9,31.52,33.96,25.38,172.726938756776,25.0481097240333,12.49
1762,S. J. RIO PRETO,BULL24975033,3d,I,14.37,56.6126582278481,26.51,25.97,18.47329670886076,117.732,29.73,32.91,31.0,157.238888973101,18.47949291514935,12.74
1763,RIB. PRETO,BULL24975033,1,B,21.25,91.9589189189189,27.1689,24.63,24.1288884518919,751.62,30.11,32.58,23.4,162.872899719992,24.0636339557731,
1764,PIRACICABA,VIC456654,4d,C,52.1,69.2281795511222,25.561,26.86,19.76071342892768,2306.85,28.84,31.87,24.54,148.022939333844,19.78434519526862,12.73
1765,SÃO CARLOS,VIC456654,4d,D,26.98,79.911214953271,26.178,26.174,21.62845205607477,1029.31,29.392,31.979,25.165,153.443392579113,21.60559263716007,12.652
1766,SÃO CARLOS,VIC456654,4d,B,321.99,72.2156456659892,26.088,26.56,20.48318016142456,18678.248,29.4,31.956,24.12,152.507524550327,20.46075131172778,12.65
1767,SÃO CARLOS,VIC456654,3d,B,79.96,81.4310771041789,25.87,26.973,21.63009039434962,4730.536,29.252,31.745,24.537,150.326578078068,21.60416330809558,12.647
1768,SÃO CARLOS,VIC456654,3d,D,62.75,67.3745418719212,24.95,26.33,19.17100317241379,2822.258,27.93,30.66,24.446,142.031337281974,19.2004257309826,12.71
1769,SÃO CARLOS,VIC456654,3d,C,321.31,84.3897998771459,25.653,26.23,21.88337937722673,22402.889,28.767,31.326,24.0,148.456751317766,21.87807691977855,12.665
1770,PIRACICABA,VIC456654,3d,E,39.83,68.40937836866689,24.758,27.17,19.19670849227452,1581.873,27.93,30.98,21.919,140.465124990708,19.24663784277893,12.76
1771,SÃO CARLOS,VIC456654,5d,E,52.42,71.82041068777829,26.771,26.658,20.83607286269174,2429.941,30.275,32.884,23.193,158.9975287061,20.79345253728741,12.638
1772,SÃO CARLOS,VIC456654,2d,B,171.75,93.4053771517997,26.277,26.004,23.6222456959624,13016.509,29.46,32.159,24.127,154.524538121945,23.602263779203,12.674
1776,PIRACICABA,VIC456654,5d,C,21.46,64.67727272727271,25.561,26.86,19.14356495454546,510.327,28.84,31.87,24.54,148.022939333844,19.16531747245416,12.73
1777,PIRACICABA,VIC456654,5d,B,37.57,71.5567852952679,25.889,26.573,20.27184190965976,1534.867,29.157,32.227,24.298,151.191670843028,20.28980845528783,12.73
1786,PARANÁ,VIC456654,fr,D,76.9,99.8712788906009,23.41186,24.70272,22.0277473272049,5714.846,25.642083,28.10026,24.1514635,127.538001555535,22.1524719571491,12.7347403
1787,S. J. RIO PRETO,VIC456654,4d,C,26.05,66.3473309608541,27.21,26.07,20.26622903914591,775.58,30.63,32.89,23.96,162.846259662855,20.19809159810409,12.48
1788,RIB. PRETO,VIC456654,4d,D,21.49,115.102212855638,25.5244,25.31,25.9439556754478,990.44,28.34,30.62,22.8,147.040391547979,25.9229631934884,
1789,RIB. PRETO,VIC456654,4d,C,94.02,107.6293586930017,25.4133,25.36,24.8270527695684,7855.52,28.22,30.53,23.0,146.023581014969,24.8165891022011,
1790,RIB. PRETO,VIC456654,4d,I,36.97,95.4281137364838,27.6183,25.22,25.0300530877052,2095.2,30.84,33.36,24.4,167.099216306748,24.9396350584788,
1793,PARANÁ,VIC456654,2d,B,52.76,112.87065750736,26.29883,25.734914,26.4233238368597,4123.488,29.405071,31.084951,26.000747,153.576143957059,26.2808787283052,12.51281923
1798,S. J. RIO PRETO,VIC456654,>5d,C,50.85,64.1163449163449,25.74,26.03,19.16078579150579,2036.72,28.81,32.1,28.8,150.114305557138,19.19801278629727,12.77
1799,S. J. RIO PRETO,VIC456654,4d,I,29.65,68.31184135977341,27.1,26.6,20.50308804532578,1005.904,30.66,34.33,23.0,163.172247208233,20.51278760279045,12.77
1800,S. J. RIO PRETO,VIC456654,5d,C,16.12,62.0097087378641,25.94,26.12,18.97135339805825,218.04,29.08,31.97,23.96,151.545788109705,18.97864421896204,12.58
1801,PIRACICABA,VIC456654,1/½,B,25.7,161.813649635036,26.932,24.67,34.3701741635036,2064.447,29.84,32.5,28.8,160.843618911011,34.298805773945,12.66
1802,PARANÁ,BULL24036152,2d,D,42.92,59.8832470892626,25.9637,24.9,18.68627297380336,1492.55,28.75,31.19,23.0,151.428995473725,18.67631304167604,12.646953
1803,MATO G. DO SUL,BULL24036152,3d,D,18.58,24.4559270516717,29.06,23.78,14.1249811550152,93.96,32.07,33.51000000000001,25.400033,179.742274714823,14.08938553732932,12.37
1804,PARANÁ,BULL24036152,fr,E,199.96,79.2266599276442,25.732914,25.061216,21.23217939293584,12647.923,28.520046,30.907253,25.659909,149.169008375759,21.22141427868934,12.6439896
1805,PARANÁ,BULL24036152,fr,E,169.96,80.1330146872626,24.649,24.7,20.61814502779185,10774.291,27.12,29.88,24.0,139.498096233921,20.68682966330374,12.740592
1806,PARANÁ,BULL24036152,4d,C,24.7,37.598031496063,26.422,25.0,15.6917481023622,337.095,29.33,31.68,23.0,155.632400457838,15.67670671077487,12.620542
1807,RIB. PRETO,VIC450470,4d,I,34.07,92.4898051653829,26.768,25.27,23.8867344268237,1788.41,29.83,32.56,23.1,159.290213650689,23.8553605995115,
1808,S. J. RIO PRETO,BULL24036088,3d,I,37.22,61.0747422680412,27.06,26.33,19.39065618556701,1249.665,30.53,34.91,24.0,163.499063677867,19.4347775038409,12.87
1809,PARANÁ,BULL24036088,>5d,B,38.86,51.2912509307521,25.0963,26.92,17.14570009564408,1067.363,28.28,30.26,26.0,142.429035453846,17.12471996067301,12.582812
1810,PIRACICABA,VIC456984,3d,B,15.68,46.9608695652174,27.01,25.18,17.24762652173913,140.656,30.09,32.57,26.0,161.310930726612,17.2200399737943,12.62
1811,PIRACICABA,VIC456984,2d,B,18.35,61.5014173228347,27.01,25.18,19.43016274015748,326.334,30.09,32.57,27.0,161.310930726612,19.39110269275889,12.62
1812,PIRACICABA,VIC456984,1/½,C,16.64,115.394396551724,25.5,29.35,25.9582435344828,491.75,29.54,32.93,30.0,147.426750015882,26.0023670948533,12.77
1814,PARANÁ,BULL24036066,>5d,B,32.53,48.4601558694593,25.5253,27.34,16.93134546181198,760.527,28.94,31.0,26.0,146.528587688263,16.90493327601229,12.582812
1815,GOIAS,BULL24036066,3d,C,72.28,57.4275049767751,26.34,25.3,18.51430421366954,2750.37,29.322708,32.385574,24.07,155.618980863569,18.52425196793913,12.73
1816,GOIAS,VIC457870,1/½,C,149.05,116.490434148121,26.62,24.67,27.2765014724553,14332.414,29.461931,32.40038,30.07,158.213758547851,27.2779391090935,12.7068747
1826,SÃO CARLOS,VIC457870,>5d,E,147.24,45.6596347234546,28.315,26.75,17.49156940513162,4564.129,32.22,34.5,23.93,173.263477143104,17.42806973487106,12.56
1827,ARACATUBA,VIC457870,5d,C,26.55,67.5062542955327,27.342,25.23,20.51576953402062,819.616,30.51,32.54,25.5,163.939140286245,20.43357255817291,
1828,ARACATUBA,VIC457870,5d,C,50.66,74.2309881013968,26.5551,24.54,21.0577825491464,2417.85,29.35,31.95,24.6,157.239872986747,21.03842080768664,
1829,ARACATUBA,VIC457870,5d,B,40.23999999999999,61.4826487252125,27.2646,24.93,19.55332839730878,1409.39,30.32,32.85,24.2,163.804310120296,19.51167935265581,
1830,S. J. RIO PRETO,VIC457870,3d,C,107.3,78.6254984260231,27.74,24.61,22.486853452256,6361.41,30.79,33.48,25.41,168.512265152101,22.4277076755446,12.54
1831,ARACATUBA,VIC457870,2d,I,95.03,106.0884017824883,26.959197,24.539452,26.0748693767939,7824.16,29.83379,32.613516,26.86484,161.251131077739,26.0428003873332,12.67594516
1832,RIB. PRETO,VIC457870,2d,A,42.51000000000001,151.425106522452,27.5402975,24.0536,33.6670763432809,4265.86,30.36834,32.92,22.42,166.549994161572,33.5481493990214,12.6293651
1833,S. J. RIO PRETO,VIC457870,3d,I,1003.37,71.8651462118079,26.85,25.18,20.88997421245347,59360.51,29.9,32.57,25.16,160.010361842521,20.86066195256512,12.54
1834,S. J. RIO PRETO,VIC457870,2d,I,385.26,118.979397738842,26.37,23.99,27.3729394550715,39943.13,28.97,31.72,25.0,155.748184151502,27.3780941665798,12.58
1835,SÃO CARLOS,VIC457870,2d,I,246.51,115.646027887937,25.47,24.06,25.9611199565051,24318.03,27.92,30.903387,29.964922,147.56099169644,26.0503583258856,12.64
1836,PARANÁ,VIC457870,>5d,B,17.5,64.9227272727273,27.2625,25.74,20.07733125,303.075,30.58,32.2,25.0,162.655794871862,19.97311554405948,12.486086
1837,S. J. RIO PRETO,VIC457870,3d,D,17.19,116.098458574181,27.630748,25.708887,28.2713677316146,552.271,31.014452,33.923323,24.370435,167.558485163964,28.1933985237032,12.66518265
1838,S. J. RIO PRETO,VIC457870,4d,C,44.66,124.628077158604,27.616983,25.714541,29.589107663086,3690.433,31.008802,33.922443,24.060656,167.431156402072,29.5059122761036,12.67
1839,S. J. RIO PRETO,VIC457870,2d,I,517.53,102.5237869167013,27.41,24.56,25.9497155638637,45774.49,30.37,32.93,24.89,165.261258894645,25.8737895427643,12.53
1840,S. J. RIO PRETO,VIC457870,2d,I,143.11,126.518274731142,27.20781,25.309586,29.4157216363901,15026.491,30.377048,33.344389,23.806099,163.684873079309,29.3706899678546,12.6832135
1841,S. J. RIO PRETO,VIC457870,2d,C,20.81,142.200340522134,26.76,25.41,31.217570261067,1159.065,29.86,33.07,31.0,159.708154314151,31.2316519895983,12.73
1842,S. J. RIO PRETO,VIC457870,>5d,D,17.88,53.8639455782313,25.35,27.43,17.58883673469388,258.16,28.75,31.5,23.83,145.649001273501,17.59507451589879,12.55
1844,S. J. RIO PRETO,VIC457870,4d,I,304.89,82.74985830858,27.159137,24.912476,22.7250679483035,20733.926,30.190342,33.27648,23.852546,163.410113277704,22.7122440608836,12.7077473
1845,S. J. RIO PRETO,VIC457870,>5d,B,52.12,86.5803838484546,27.41,25.53,23.4928371510469,3004.165,30.69,33.94,25.0,165.847856624952,23.474032201351,12.72
1849,RIB. PRETO,VIC457870,3d,B,53.21,76.5856830866295,26.78,25.27,21.54576396020383,2673.576,29.84,32.68,25.2,159.524034266202,21.52794052477797,12.68
1850,S. J. RIO PRETO,VIC457870,1/½,I,373.62,134.08066478624,26.86,23.96,30.1411867872352,44158.81,29.54,32.15,27.3,160.206517831678,30.093150222545,12.56
1851,S. J. RIO PRETO,VIC457870,3d,B,43.05,97.9379066022544,27.021128,24.90295,24.9088429512451,2680.372,30.01976,33.132734,26.04556,162.140802147263,24.902786232119,12.716139
1852,S. J. RIO PRETO,VIC457870,1/½,B,20.62,142.429234338747,27.07,24.03,31.6556856148492,1136.3,29.81,32.57,28.22,162.3464426912,31.6095714057675,12.57
1856,RIB. PRETO,BULL24015935,2d,I,15.07,120.260586319218,27.2152,23.88,28.4720647296417,344.36,29.93,32.32,27.6,163.317505435455,28.3817218588039,
1858,S. J. RIO PRETO,VIC450618,1/½,I,24.34,144.785251215559,26.37,25.3,31.0812405996759,1650.57,29.36,31.52,28.68,154.879309797294,30.9722650449394,12.49
1862,ARACATUBA,VIC450618,3d,I,15.03,99.519801980198,26.69,24.73,24.8566589108911,277.185,29.57,32.36,26.0,158.698481043068,24.8390220116852,12.68
1863,ARACATUBA,BULL24975242,fr,E,25.87,96.3032444124009,27.4969,24.22,25.0643894833454,1181.286,30.37,32.26000000000001,27.2,165.358491790221,24.9286184161081,
1864,ARACATUBA,BULL24975242,2d,D,23.55,67.2194805194805,27.770512,24.999661,20.70839480166234,649.785,30.955109,33.609194,26.4085,168.709858111406,20.65343695719335,12.63136166
1865,ARACATUBA,BULL24975242,2d,C,55.61,104.4585645494153,26.65,24.18,25.5451797064893,4044.118,29.35,32.26000000000001,27.0,158.538205666285,25.5487121475517,12.7
1866,S. J. RIO PRETO,BULL24975242,fr,I,95.95,148.450935080405,25.626928,24.401818,30.5940706787335,11467.056,28.209084,31.499798,22.041146,149.32653060346,30.73833351219,12.7910703
1869,ARACATUBA,BULL24975242,2d,E,205.22,100.7424697236311,27.1103,24.15,25.4092534026498,17158.82,29.89,32.18,25.3,162.175137183536,25.3269125647521,
1870,ARACATUBA,BULL24975242,3d,B,13.07,89.8626168224299,26.65,24.18,23.406873364486,95.313,29.35,32.26000000000001,30.0,158.538205666285,23.4098481576404,12.7
1871,ARACATUBA,BULL24975242,>5d,C,32.93,68.7329192546584,26.28,27.65,20.10146086956522,1199.42,29.99,32.23999999999999,25.5,153.842346672092,20.04713040063903,12.6
1872,ARACATUBA,BULL24975242,3d,D,33.34,72.4663074039363,27.585206,24.610399,21.42379856949672,1302.351,30.604406,33.11134,25.079904,166.850795698825,21.36325581446931,12.6234665
1873,MATO G. DO SUL,BULL24975242,4d,E,43.97,116.856740694401,26.82,24.44,27.5397689709102,3364.27,29.63,31.88,23.809649,159.34784956826,27.4504152540566,12.51
1874,ARACATUBA,BULL24975242,3d,C,65.72999999999999,40.5838451516844,26.5,27.35,16.14465754699423,1547.81,30.17,32.7,23.2,156.261515401459,16.12354881758264,12.63
1875,GOIAS,BULL24975242,3d,C,115.01,83.1601786234346,26.9,24.49,22.6028666148918,7342.21,29.75,32.83,26.9,161.028367609635,22.6048852590605,12.72
1876,S. J. RIO PRETO,BULL24975242,2d,I,80.84,128.660197559558,26.155295,25.225368,28.5135951121383,8042.888,29.080845,32.298782,24.993998,154.062640603612,28.57305571865,12.7581012
1877,ARACATUBA,BULL24975242,1/½,I,122.07,110.7195239393114,27.521044,24.641193,27.322300747211,10878.058,30.532625,33.192007,31.169035,166.407454143194,27.2430303656971,12.64211726
1878,ARACATUBA,BULL24975242,1/½,C,23.98,98.3559265442404,27.93,24.56,25.7564990984975,1046.544,30.99,33.53,30.229637,170.155528036283,25.6576671616668,12.62
1879,MINAS GERAIS,BULL24975242,3d,D,18.02,92.6594684385382,26.74,24.76,23.8892056478405,497.57,29.64,32.78,22.9,159.54644979559,23.9010182105058,12.73
1880,MINAS GERAIS,BULL24975242,2d,C,151.59,72.1048785729637,27.92,24.87,21.56869666881582,8402.04,31.08,34.45,27.0,170.874969584117,21.54916075513667,12.73
1881,PIRACICABA,BULL24975242,2d,C,24.51,115.762589928058,25.61,25.46,26.1220884892086,1310.07,28.49,31.29,23.0,148.440496719144,26.157419310649,12.71
1882,GOIAS,BULL24975242,1/½,C,63.18,73.8427119968738,23.12,23.57,18.87690957405236,3177.11,25.03,27.91,,125.597400525263,19.02517132427736,12.83
1883,RIB. PRETO,BULL24975242,2d,B,43.26000000000001,109.5514395393474,27.4576,24.577,27.0791113182342,3061.458,30.439,33.47,23.2,166.214564149393,27.0438527307064,
1884,RIB. PRETO,BULL24975242,2d,A,94.09,108.8258984041905,27.4938,24.606,27.0020110469485,7960.438,30.4919,33.5,23.27,166.527340443438,26.9622485664461,
1885,S. J. RIO PRETO,BULL24975242,BIS,I,40.88,157.075796398892,27.19,25.32,34.0370134729917,4201.789,30.36,33.59,23.0,163.787275714597,34.02065990751341,12.73
1886,RIB. PRETO,BULL24975242,3d,A,79.03,109.430210353573,27.3305,24.553,26.9365383982545,6542.747,30.2817,33.42,22.97,165.133154023702,26.9197954086354,
1887,ASSIS,BULL24975242,2d,I,30.87,118.931107578166,26.94,24.68,27.9755074721781,2029.79,29.85,33.25,23.87,161.714139728141,28.0090987812425,12.64
1888,ARACATUBA,BULL24975242,2d,C,183.27,97.806037251124,25.42,24.61,23.5151701991008,14708.0,28.02,30.56,25.6,146.472538751654,23.5385556693776,12.68
1889,PIRACICABA,BULL24975242,1,I,46.04,110.3149236192714,26.3138,24.2595,26.0726015370153,3358.64,28.9797,31.75,26.39,155.203544280628,26.0790455179589,12.69211924
1893,RIB. PRETO,BULL24005014,5d,A,27.01,79.3191205862758,26.839695,25.4528,21.98995217168554,1022.46,29.974134,32.77,22.72,160.011942413029,21.96403379951159,12.672715
1894,S. J. RIO PRETO,BULL24005014,1/½,I,18.49,97.9460708782743,25.76,24.93,23.8261793528505,569.79,28.51,31.63,21.41,150.295784184022,23.8859792696465,12.63
1895,S. J. RIO PRETO,BULL24005014,3d,I,12.74,87.3513513513514,26.66,25.42,23.0465081081081,67.75999999999999,29.75,33.41,23.0,159.226221204932,23.0936947221446,12.8
1896,RIB. PRETO,BULL24995198,>5d,C,50.23,76.8634580172639,25.25,24.18,20.59440818728747,2491.73,27.7,30.71,23.7,145.510826379753,20.65997388173331,12.76
1899,S. J. RIO PRETO,BULL24975375,3d,I,30.63,64.1863123993559,26.78,25.22,19.7131369726248,984.231,29.83,33.47,27.0,160.366550764557,19.74270316781405,12.79
1900,GOIAS,AIC456PS321013127,2d,D,25.73,112.586307356154,26.43,25.22,26.5146041514931,1393.05,29.41,32.14,24.1,156.11120990099,26.4956144525683,12.68
1901,PARANÁ,VIC45PS321077326,>5d,C,113.8,57.2828094302554,25.622428,25.477061,18.16861811101375,4621.79,28.507998,30.822119,26.265134,147.983446195209,18.15771247972702,12.6331083
1902,GOIAS,IFCG06125,4d,I,55.07977,91.8414197661687,24.59,26.41,22.0520347485606,3451.55,27.51,30.25285,24.450832,138.657520687611,22.1125162757618,12.59
1904,MINAS GERAIS,AIC456PS321015503,fr,I,48.97,113.938328374358,27.5,24.75,27.8004408980254,3780.66,30.54,33.92,,166.948504857892,27.7951915693196,12.74
1905,GOIAS,AIC456PS321015503,1/½,C,16.48,118.71875,25.49,26.81,26.396359375,490.1,28.74,33.15,28.5,148.761012902336,26.5949643456712,12.93
1906,RIB. PRETO,AIC456PS321015503,2d,I,32.15,111.0918114143921,23.36,22.96,23.2568297766749,2008.7,25.18,27.83,23.36,127.609165575691,23.4559216330016,12.68
1907,GOIAS,AIC456PS321015503,4d,D,40.33,107.5824214613484,26.42,24.91,25.7829851747264,2719.85,29.3,32.11,24.1,156.152165490926,25.7784130365197,12.69
1908,GOIAS,AIC456PS321015503,2d,C,18.48,95.0663580246914,26.91,25.74,24.3851939814815,550.27,30.15,33.57,23.8,161.280723024116,24.400205984906,12.75
1909,MATO G. DO SUL,SCS19001BT,fr,E,62.42,85.9662832209441,25.73,25.03,22.1555706862356,3741.38,28.51,31.75,24.22,150.130154848548,22.2169741548805,12.64
1910,PARANÁ,SCS120BT,2d,A,33.62,48.3443570767808,26.395,26.21,17.23177020120259,797.765,29.67,31.82,25.0,154.993169620099,17.19699481621357,12.583155
1911,PIRACICABA,SCS120BT,3d,C,52.81,86.2340112717471,26.43,23.99,22.7119678265131,3041.49,29.04,31.63,23.6,156.126413260037,22.6990817865021,12.67
1912,PIRACICABA,SCS120BT,3d,B,31.16,73.1988517745303,27.25,24.37,21.33282489561587,1184.57,30.13,33.02,23.9,164.136980871876,21.31060854180248,12.68
1913,MINAS GERAIS,SCS120BT,1/½,A,25.73,102.259286234523,26.14,24.18,24.7626630735615,1251.26,28.75,30.97,31.2,152.921186343427,24.7194456946799,12.62
1914,MATO G. DO SUL,SCS17515BT,1/½,D,55.64,63.7706232813932,27.24,25.3,19.88984298808433,2271.27,30.41,32.95,26.81,163.533820211418,19.84500032055567,12.52
1915,MATO GROSSO,SCS19004,>5d,B,13.14,83.5842105263158,27.62,26.13,23.1814536842105,93.606,31.15,33.29,23.439518,166.59424371145,23.066506887997,12.46
1916,MATO G. DO SUL,SCS19004,4d,E,54.78,32.0965404394577,26.83,26.96,14.98031694717158,871.73,30.45,33.16,24.91,159.619728202634,14.966645837486,12.52
1917,ASSIS,SCS19004,2d,I,179.17,97.7400251241251,26.52,25.26,24.449451648023,14345.16,29.52,32.33,27.16,157.043829233552,24.4360615625841,12.57
1918,MATO G. DO SUL,SCS19004,3d,B,29.35,70.7279538904899,25.97,24.63,20.20429515850144,1030.93,28.68,31.18,23.08,151.596984797035,20.1982452864117,12.55
1919,ASSIS,SCS19004,3d,I,13.35,74.9725925925926,28.12,26.16,22.1511819259259,97.013,31.77,35.11,24.43,172.534053304279,22.1092455359679,12.58
1920,MATO G. DO SUL,SCS19004,fr,D,97.59,84.8044164037855,24.75,23.3,21.28256309148265,6243.33,26.87,29.96,24.15,141.085940715074,21.39802657969462,12.69
1923,RIB. PRETO,SCS19005,4d,I,40.25,119.21982300885,27.1603,25.29,28.2548468276106,3040.96,30.31,32.75,22.7,162.672149646211,28.1550412174297,
1924,RIB. PRETO,SCS19005,5d,I,36.94,96.1106655974338,27.56,24.86,25.0876195669607,2109.72,30.65,33.36,23.03,166.800122419617,25.0203413312782,12.54
1925,RIB. PRETO,SCS19005,3d,C,41.8,97.9157718120805,28.6902,25.092,26.3395141469799,2572.29,32.0887,35.33,24.2,177.980248860431,26.2603211864052,
1927,SÃO CARLOS,PS321832847,3d,I,44.52,110.1722017220172,25.88,24.34,25.626301599016,3204.56,28.49,31.50951,27.306457,151.401063044109,25.6853092814299,12.62
1931,PIRACICABA,PS321832847,5d,I,86.51,54.771923231781,26.31,27.75,18.12066221446786,3198.936,30.05,32.73,26.0,154.57417416899,18.09817163239061,12.65
1932,S. J. RIO PRETO,PS321701143,1/½,I,14.25,125.636888888889,27.48,24.99,29.5909904,267.683,30.6,33.51000000000001,28.0,166.238167460481,29.5271454981325,12.68
1933,GOIAS,SCS14,1/½,D,221.55,129.663421617752,28.45,24.75,31.3556328561203,24668.37,31.68,34.73999999999999,29.2,175.583516006393,31.2477962135746,12.67
1934,GOIAS,SCS14,1/½,D,293.14,110.9254606245999,27.93,24.56,27.7588258774988,27823.904,31.0,33.89,27.9,170.525288568675,27.6821871923037,12.66
1935,ARACATUBA,SCS14,4d,B,60.37,89.7316518503205,27.1618,24.72,23.7855175902419,3771.88,30.13,32.63,21.7,162.827558723806,23.7240752841527,
1936,PARANÁ,SCS14,2d,B,76.65,76.0159938128384,25.155423,25.348695,20.42157477373272,4150.634,27.904224,30.164125,25.011786,143.534358534019,20.42030268208941,12.63771534
1937,PARANÁ,SCS14,4d,A,34.83,76.1248357424442,25.3311,25.11,20.54854597766097,1475.97,28.05,30.38,27.0,145.307991018583,20.54835302722188,12.645924
1938,S. J. RIO PRETO,SCS14,5d,I,85.06,75.4229400492746,26.56,24.73,21.23438007117438,4645.68,29.41,32.34,24.95,157.630530343351,21.23631639531042,12.59
1939,PIRACICABA,SCS14,5d,A,56.63,83.1790275599373,25.7,24.73,21.75152677571141,3188.72,28.39,31.23,27.1,149.442737105329,21.78304037233345,12.71
1947,S. J. RIO PRETO,SCS14,3d,B,57.24,91.1741821396994,27.36,24.9,24.1611543766578,3593.84,30.43,33.09,24.39,164.850821636917,24.1018387924839,12.54
1954,SÃO CARLOS,SCS14,3d,B,71.95,92.957364470392,26.214,25.2,23.5072797858215,4865.394,29.14,31.69,23.54,153.875283352153,23.4858490236804,12.66
1956,PARANÁ,SCS14,3d,E,105.66,60.3910847747171,26.420735,26.010991,18.9783500989873,4544.309,29.638994,31.754532,24.390684,155.2208343528,18.93061153667207,12.57880044
1957,RIB. PRETO,SCS14,3d,I,278.12918,87.562514414992,27.29,23.88,23.5535084540523,20121.39,30.02,32.69673,26.100901,164.349893884763,23.5119410527899,12.56
1958,ARACATUBA,SCS14,4d,D,90.5,51.8488662420382,27.56,24.89,18.20048358726115,3140.136,30.66,33.76000000000001,23.0,167.205517068659,18.18476388969538,12.7
1959,ASSIS,SCS14,fr,E,312.97,97.0295577632322,26.25,23.81,24.1167119812606,25603.346,28.77,31.45,25.7728815,154.564728036161,24.1222157775503,12.58
1960,ASSIS,SCS14,fr,D,118.60142,99.2777398274807,25.8,23.28,24.0443280961923,9315.931,28.1,31.23,25.024198,150.951494760885,24.1273724083801,12.66
1961,MATO G. DO SUL,SCS14,>5d,A,165.74,128.093664628594,26.07,24.04,28.3343786132431,17860.24,28.63,30.78,26.23996,152.190933828829,28.2752792558935,12.51
1962,MATO G. DO SUL,SCS14,>5d,C,27.697213,96.3898213013992,27.12,24.54,24.7597409807716,1336.685,30.02,32.23999999999999,24.260701,162.137283548172,24.6700585293077,12.49
1963,ARACATUBA,SCS14,1/½,B,77.65,127.362361005331,27.6941,24.27,30.1050842985377,7585.539,30.62,33.14,28.1,167.939889384143,29.9895938142649,
1964,ARACATUBA,SCS14,fr,E,29.38,106.1110471806674,27.9475,24.42,27.0083592491369,1647.65,30.97,33.19,28.1,169.987123831791,26.8683336648716,
1966,MATO G. DO SUL,SCS14,3d,E,65.99000000000001,87.2424708279311,27.25,25.25,23.4744768012595,4074.341,30.41,32.72,28.586807,163.380647925592,23.3902539854547,12.5
1967,MATO G. DO SUL,SCS14,2d,C,32.06,95.7886340977069,24.91,23.84,22.817112662014,1692.8,27.2,30.19,24.52,142.364188503909,22.9230372899985,12.66
1968,MATO G. DO SUL,SCS14,4d,C,112.68,82.8558800158919,25.28,24.91,21.40966086611045,7145.77,27.93,30.84,24.58,145.557392649543,21.46332658881137,12.62
1969,MATO G. DO SUL,SCS14,4d,A,360.97,94.394905006161,25.29,25.07,22.9502828753188,28765.35,27.99,30.72,24.56,145.412908237858,22.992543900854,12.59
1970,MATO G. DO SUL,SCS14,4d,C,334.01,73.2339989441322,25.91,24.31,20.51764925312878,19729.96,28.51,31.59,24.1,151.757807836707,20.55792945750714,12.63
1971,MATO G. DO SUL,SCS14,4d,B,194.33,81.3457467229748,26.73,24.67,22.2146284922942,12655.81,29.59,32.38,24.16,159.085672023101,22.1997657586925,12.57
1972,S. J. RIO PRETO,SCS14,1/½,C,18.9,111.7217391304348,27.85,23.83,27.8058956521739,700.08,30.66,33.41,27.73,169.72436452889,27.7285479340636,12.55
1973,MINAS GERAIS,SCS14,1/½,B,24.140293,138.621820412407,26.54,26.07,30.410812687964,1549.226,29.8,32.6,32.0,157.104003944853,30.3733331286264,12.69
1974,S. J. RIO PRETO,SCS14,>5d,I,191.99194,78.0595135537736,27.48,25.89,22.2260126981242,11902.18,30.89,33.085056,24.549828,165.355718611395,22.1306041721582,12.47
1975,S. J. RIO PRETO,SCS14,>5d,I,185.31,76.1319600715481,26.94,24.75,21.58131483468929,11126.71,29.87,32.64,24.05,161.030376817235,21.55761017549069,12.56
1976,ARACATUBA,SCS14,3d,I,54.17,111.7000237135404,25.78,25.43,25.7386632677259,4216.35,28.69,31.57,27.3,150.132824896201,25.7718459177696,12.72
1977,S. J. RIO PRETO,SCS14,4d,B,16.29,88.9307692307692,25.48,24.81,22.3702676923077,342.033,28.15,31.51,22.0,147.95902048072,22.4594320294437,12.8
1978,S. J. RIO PRETO,SCS14,4d,C,107.82,59.7064287205176,26.03,25.77,18.69321194948863,4583.23,29.09,32.15,23.5,152.629467696137,18.70892967665011,12.73
1979,MATO G. DO SUL,SCS14,>5d,C,124.01,87.0001785554861,27.18,25.19,23.3850271047228,8412.77,30.31,33.06,22.78,163.208184828099,23.3406408611584,12.55
1980,MINAS GERAIS,SCS14,1,B,30.007048,109.1644547179527,26.74,26.16,26.3220406254262,1761.645,30.08,33.01000000000001,22.0,159.112734267943,26.2941286072118,12.7
1981,PIRACICABA,SCS14,4d,E,54.29,72.9077796169307,27.93,25.06,21.70260929297706,2587.79,31.16,33.8,25.0,170.195993536808,21.63536671062131,12.63
1982,ARACATUBA,SCS14,5d,C,92.02,68.38402899275181,26.56,26.75,20.20951462134466,4523.85,30.05,32.25,23.1,156.545099859706,20.15003510124989,12.58
1983,MINAS GERAIS,SCS14,2d,D,168.6957,120.028599380838,28.015,25.52125,29.3007801908412,16939.617,31.42125,33.735,24.0,170.5971565537,29.1330286882797,12.58375
1984,S. J. RIO PRETO,SCS14,>5d,E,157.71,50.7302175554183,26.43,26.7,17.58877039324686,5655.38,29.87,33.42,23.0,156.743862195752,17.60596127265297,12.78
1985,S. J. RIO PRETO,SCS14,>5d,C,148.65,81.4680570801317,25.79,25.8,21.57964507135016,9504.81,28.81,32.26000000000001,23.3,150.789489804485,21.64143619986032,12.8
1986,ARACATUBA,SCS14,1/½,B,61.51,126.859139567764,28.452377,24.376767,30.8970586606447,5698.676,31.557999,33.99050099999999,29.989573,175.007652059744,30.7229186585436,12.5908342
1987,GOIAS,SCS14,>5d,D,94.64,94.8680784123911,28.36,25.88,25.5572176282672,6860.218,31.97,34.09,25.991007,173.623100245854,25.3933957444271,12.44
1988,ARACATUBA,SCS14,1/½,I,156.15,107.4527922303156,27.12,25.16,26.4324621852237,13771.52,30.22,32.62,,162.263407649128,26.3430618301515,12.61
1989,MATO G. DO SUL,SCS14,4d,E,42.939419,70.9855614289331,27.77,24.65,21.30202303734275,1836.979,30.84,33.18,28.17878,168.410150540271,21.22594054280181,12.49
1990,PARANÁ,SCS14,3d,B,47.57,41.6417767781839,27.618403,25.83186,16.62957215357717,1066.358,31.042852,32.932098,25.344552,166.33667632016,16.57481330816899,12.52059984
1991,MATO G. DO SUL,SCS14,>5d,A,20.51,71.7673325499413,27.0543,26.252,20.99755354406581,520.62,30.4931,32.32,26.81,160.865619924891,20.89730101130414,12.5193776
1992,GOIAS,SCS14,BIS,E,138.6,69.727195892575,26.99,26.25,20.653306664297,7320.263,30.41,32.81,32.127258,160.895980234736,20.59534741862761,12.49
1993,RIB. PRETO,SCS14,1,E,18.77,58.4344165435746,27.27,25.81,19.09053540620384,326.361,30.61,33.27,20.8,163.878642543398,19.05239615193279,12.64
1994,RIB. PRETO,SCS14,1,D,62.13,59.6185916616796,26.77,25.85,19.03326598843008,2399.12,30.01,32.95,22.0,159.452500147523,19.02148039401866,12.69
1995,ASSIS,SCS14,4d,D,63.42,82.9085958770906,27.05,25.2,22.6717436795021,3658.12,30.15,32.71,24.8925085,161.773858019725,22.6202539712734,12.53
1996,RIB. PRETO,SCS14,2d,A,246.61,101.6818038446784,27.39,25.23,25.802029611696,21052.248,30.57,33.36,24.76,165.228319733233,25.7417921137654,12.66
1997,MATO G. DO SUL,SCS14,>5d,I,517.3,76.0331882050267,27.03,25.01,21.62418818721552,32367.97,30.07,31.85,25.2,160.711020319488,21.52244075227933,12.52
1998,GOIAS,SCS14,1/½,E,83.49739,87.3135184375262,27.42,24.8,23.6133445430665,5396.72,30.46,33.11,22.726469,165.421759320766,23.5547324993222,12.54
1999,RIB. PRETO,SCS14,4d,B,36.28,55.4345140032949,27.039914,25.7472,18.53251355241351,1066.59,30.311316,33.04,21.98,161.787259860838,18.50593683594072,12.65583795
2000,PARANÁ,SCS14,2d,E,74.08,98.199275128866,26.7667,25.72,24.7287883604543,5363.251,29.97,32.11,28.0,158.557861474167,24.63318142351,12.575952
2001,ARACATUBA,SCS14,5d,I,150.58,87.4635012267282,25.621126,23.918695,22.2789785861042,10469.732,28.060116,31.187485,27.881266,149.168382612693,22.3512064095613,12.77
2002,MINAS GERAIS,SCS14,3d,C,119.91249,115.759296074069,27.724286,26.197143,28.3154084662734,11208.924,31.301428,33.687143,25.0,167.836429365843,28.1694782136962,12.5971429
2003,MINAS GERAIS,SCS14,3d,A,36.439075,111.6000053193503,27.24,26.55,27.179040810669,2446.132,30.82,33.34,22.0,163.350006573185,27.0744614597729,12.62
2004,ARACATUBA,SCS14,2d,D,27.5,125.588322580645,27.78,24.67,29.9242373032258,1772.619,30.85,33.73,26.0,169.084232749691,29.8429345019051,12.67
2005,PARANÁ,SCS14,3d,B,43.66,98.7639924194567,27.258854,25.665838,25.239190927856,2758.948,30.552784,32.526678,24.101768,163.03756838917,25.1046224387712,12.54088867
2006,PARANÁ,SCS14,3d,C,174.52,66.95867585527941,27.231113,25.196865,20.37081802282132,8943.884,30.368305,32.595974,24.679937,163.116359617466,20.30515502464616,12.58246464
2007,PARANÁ,SCS14,2d,B,22.93,114.859652333028,26.8132,25.16,27.2368060193962,1136.256,29.85,31.4,26.0,158.35792094962,27.0543248650627,12.485057
2008,PARANÁ,SCS14,2d,A,18.49,102.0701078582435,26.7879,25.48,25.3194774799692,596.555,29.92,31.38,26.0,157.975465077978,25.1480258842307,12.469279
2009,ARACATUBA,SCS14,3d,I,70.85,70.2249787595582,27.316535,24.282737,20.9180492504503,3438.54,30.179663,33.04067,24.519551,164.745786611613,20.8936201810732,12.6784359
2010,ARACATUBA,SCS14,3d,D,18.92,103.0692196531792,27.06,24.26,25.7150244797688,642.199,29.87,32.37,25.0,161.926564426043,25.6536952275619,12.63
2011,S. J. RIO PRETO,SCS14,fr,C,115.94,126.412257071387,27.29,24.0,29.4936341062151,11904.01,30.06,32.75,27.06,164.34750777523,29.4304222237648,12.56
2012,RIB. PRETO,SCS14,3d,C,35.67,88.729615547106,28.6066,24.64,24.7421803354457,1828.19,31.83,33.94,23.3,176.09262097425,24.5907637214712,
2013,GOIAS,SCS14,>5d,C,30.56,101.1452586206897,25.14,24.95,23.7136869827586,1666.536,27.77,30.52,24.27059,144.048942389271,23.7715371198802,12.6
2014,GOIAS,SCS14,>5d,B,93.327156,123.315130704927,26.02,24.71,27.6063813248308,9064.943,28.76,31.4,23.270353,152.222166025494,27.6088487388559,12.57
2015,ASSIS,SCS14,3d,D,39.95,126.344221824687,25.4,24.03,27.3221257245081,3207.921,27.83,31.66,23.191463,147.872359576241,27.5362192232293,12.76
2016,ASSIS,SCS14,3d,C,40.11956,80.0188452450892,26.11,24.4,21.59745906408208,1924.66,28.78,31.59,26.681822,153.311317007828,21.61183260293523,12.59
2017,MINAS GERAIS,SCS14,1/½,I,74.09,58.8516669350942,28.39,24.13,19.67898821066194,2921.02,31.4,34.17,,174.806325304509,19.62774772809345,12.64
2018,MINAS GERAIS,SCS14,4d,A,147.05557,112.422433521254,26.869091,24.578182,26.9319030246897,13574.609,29.738182,32.457273,23.727273,160.328889055401,26.8955480004474,12.6736364
2019,ARACATUBA,SCS14,2d,E,292.23,88.9214823537808,27.5542,24.63,23.9645212082718,21567.707,30.57,32.78,25.2,166.22467868804,23.8631909002196,
2021,PIRACICABA,SCS14,>5d,D,39.72,30.3145743145743,27.24,26.39,14.79114112554113,519.6800000000001,30.77,33.23,23.5,163.306558046224,14.77111520162002,12.62
2022,PIRACICABA,SCS14,>5d,C,43.59,29.1516302627414,28.48,25.97,14.82658866729978,553.82,32.14,34.23,31.2,174.722289293974,14.79095254147708,12.53
2025,MATO G. DO SUL,SCS14,5d,D,67.33,70.7484185794325,25.97,24.63,20.20715407554672,3262.55,28.68,31.18,23.08,151.596984797035,20.20110209528289,12.55
2026,MINAS GERAIS,SCS14,2d,C,262.47,112.000239549647,27.26,24.24,27.2600365552761,25059.06,30.09,33.46,24.6,164.762566552198,27.2762932494386,12.75
2027,RIB. PRETO,SCS14,>5d,C,23.28,80.9728723404255,28.0324,24.5,23.0580067851064,790.014,31.098,34.48,24.0,172.002237212838,23.0358138814636,
2028,GOIAS,SCS14,2d,I,191.45,92.0831429367512,26.8,25.28,23.8523051546392,14382.92,29.87,32.507906,23.762423,159.489591369125,23.8114300272966,12.54
2029,SÃO CARLOS,SCS14,fr,I,15.76,95.3590425531915,25.97,24.24,23.6452582446809,325.43,28.56,31.56,22.75,152.240878654842,23.6903453714859,12.62
2030,ARACATUBA,SCS14,>5d,B,51.23,66.20983940861589,27.725939,25.107356,20.52500627739689,2138.652,30.936455,33.894196,27.367812,168.591355020523,20.48879220844011,12.6731609
2031,ARACATUBA,SCS14,3d,I,148.3,96.9490829053558,25.598389,23.068467,23.5517067454028,11590.56,28.182198,30.741373,26.352386,148.323665695277,23.5805703791101,12.60500515
2034,PARANÁ,SCS14,1,C,123.28,53.0318475916607,24.481506,25.98291,17.12139251906398,4578.024,27.259312,29.63128,22.722866,137.249515769041,17.13921904196458,12.67253363
2036,S. J. RIO PRETO,SCS14,1/½,I,71.58,122.119335347432,27.0,24.09,28.5179003021148,6572.91,29.74,33.107828,29.524607,162.340232584611,28.5553664881957,12.64
2037,GOIAS,SCS14,1,E,81.47,105.1356412840075,25.76,24.08,24.8154642406794,6482.133,28.27,30.91,22.698487,149.86872484913,24.8404921018321,12.59
2039,RIB. PRETO,SCS14,1/½,A,48.65,149.252141882674,27.5911,24.634,33.3991186930696,5042.291,30.6174,33.78,28.78,167.601091166104,33.3565830418289,
2041,GOIAS,SCS14,fr,I,109.28,132.802117598684,27.73,24.92,31.002173098273,11763.63,30.87,33.9,28.4,168.732669834894,30.9336384129506,12.69
2042,RIB. PRETO,SCS115,>5d,I,52.1,68.2730673316708,27.02,24.78,20.45221471321696,2268.55,29.98,32.413958,25.932454,161.405579745484,20.40751024874492,12.52
2043,PIRACICABA,SCS115,>5d,E,15.82,18.90314136125655,27.49,24.88,13.06929659685864,38.37,30.57,33.82,24.4,166.701910026859,13.0679291537718,12.72
2044,PIRACICABA,SCS115,>5d,A,13.51,18.98675496688742,27.49,24.88,13.08224834437086,22.55,30.57,33.82,24.4,166.701910026859,13.08086433826713,12.72
2045,MINAS GERAIS,SCS115,>5d,D,74.96000000000001,55.5662325285896,25.77,26.8,17.99907021918679,2754.93,29.08,32.34,21.6,150.23867591384,18.02253829930667,12.76
2049,MATO G. DO SUL,BULL24855536,>5d,B,118.56028,50.320376035048,27.82,25.69,18.06228348874459,4095.43,31.24,33.35,25.263661,168.509379106219,17.99749826036217,12.45
2050,S. J. RIO PRETO,BULL24855536,4d,C,21.36,52.7553418803419,25.89,26.34,17.66091698717949,393.47,29.09,31.84,26.59,150.887852907801,17.66042192828407,12.56
2051,MATO G. DO SUL,BULL24855536,>5d,C,63.719646,73.7334271777498,25.65,24.59,20.42661280976285,3204.831,28.29,30.84,27.421476,148.650085235307,20.43587808570712,12.57
2052,MATO GROSSO,BULL24855536,2d,E,40.41,116.009926082365,27.25,25.1,27.8615137275607,2966.922,30.36,32.95,27.767376,163.709046850461,27.7792467489426,12.53
2053,GOIAS,BULL24855536,>5d,B,226.77,92.7743725846254,28.69,25.03,25.481242784374,17359.912,32.07,34.76000000000001,24.3934145,177.442520617284,25.3635158016801,12.51
2054,ARACATUBA,PS321813250,3d,C,33.23,90.6768723504475,26.85,26.25,23.6835155440415,1682.31,30.24,32.43,23.9,159.339740457001,23.5922299520835,12.58
2055,ARACATUBA,BULL24867515,5d,D,135.22,74.3376318779419,28.0283,24.94,21.99166265029216,7693.243,31.24,33.23999999999999,24.6,170.448464606843,21.87730205828649,
2057,RIB. PRETO,BULL24867515,3d,I,138.1,58.8715305313243,28.6385,24.53,19.7987196074544,5922.5,31.83,34.22,23.6,176.707746899618,19.72010418755107,
2058,PARANÁ,BULL24867515,4d,D,62.21,40.7323839872535,27.0977,25.37,16.33792913724358,1454.653,30.26,32.59,24.0,161.947757893347,16.30835655781936,12.599276
2059,PARANÁ,BULL24867515,4d,C,22.08,31.1429563492064,27.1936,26.39,14.90850421587302,204.961,30.71,32.86,24.0,162.533284700178,14.88165209811815,12.564633
2060,PARANÁ,BULL24867515,4d,B,74.47999999999999,28.8587387964149,27.105908,26.0211935,14.54666557254674,1065.334,30.480669,32.662363,24.3389015,161.780798314861,14.52511535550873,12.5731151
2062,PARANÁ,BULL24867515,2d,I,52.99,34.7350573310564,25.199,24.6,15.00080021712613,943.91,27.75,30.22,27.0,144.310985299007,15.00809783630149,12.676108
2064,ARACATUBA,BULL24867515,4d,C,52.82,69.6870896619304,26.9993,26.02,20.65265963966193,2366.787,30.35,32.8,24.5,161.067074067626,20.59924566738077,
2065,PARANÁ,BULL24867515,>5d,E,54.65,35.0804220398593,26.511058,27.08398,15.34921342884877,996.38,30.09359,32.203882,26.805827,155.942590784749,15.32225574482278,12.5694517
2066,PARANÁ,BULL24867515,>5d,B,27.63,25.0626359564939,26.366027,26.283202,13.87658180842163,216.169,29.657677,31.871601,24.067503,154.783427677316,13.86512793636916,12.5930385
2067,PARANÁ,BULL24867515,>5d,E,199.98,24.1282317267794,26.998369,26.226253,13.81903694755745,2291.865,30.414072,32.62051599999999,24.93862,160.765653715738,13.8042643212503,12.5780932
2068,PARANÁ,BULL24867515,>5d,D,146.4,29.1347693452381,27.209563,26.264282,14.60612353846868,2314.913,30.68796,32.90233,23.767276,162.769724682382,14.58340445667767,12.5745533
2071,SÃO CARLOS,BULL24867515,>5d,E,115.86,50.4812150972463,26.622,26.87,17.62672327151935,4008.659,30.16,32.26000000000001,22.67,157.00697578528,17.58004462579453,12.61
2075,PARANÁ,BULL24867515,>5d,E,37.45,27.0109626719057,26.2708,26.92,14.14218446098232,394.029,29.74,31.76,23.0,153.584641509792,14.12532176861864,12.561546
2076,MATO G. DO SUL,BULL24867515,>5d,B,184.75693,31.3085163066975,27.15,25.87,14.92524022046467,3347.68,30.49,32.65,26.038736,162.191543850802,14.89997587357128,12.47
2077,MATO G. DO SUL,BULL24867515,>5d,C,54.03,77.4485129669284,27.09,25.51,21.87618060670949,2762.801,30.29,32.44,26.210721,161.655994928822,21.79476232467756,12.47
2078,MATO G. DO SUL,BULL24867515,3d,D,30.11,53.284373274434,28.25,25.94,18.70871065709553,759.66,31.85,33.75,,172.338023632959,18.61945481774809,12.42
2080,MATO G. DO SUL,BULL24867515,5d,D,466.76398,69.3652073323837,27.78,26.27,21.05222971705015,26099.63,31.39,33.54,25.707608,168.107087413341,20.95511543552083,12.45
2081,MATO G. DO SUL,BULL24867515,5d,C,30.286762,22.3968105452458,27.87,25.39,13.64997383353051,202.124,31.2,33.02,23.873654,168.695226551051,13.62913058379564,12.42
2082,MATO G. DO SUL,BULL24867515,4d,I,103.67,46.4630740700338,27.79,27.86,17.44171939565834,3171.23,31.96,34.68,23.873283,168.587398311729,17.396483106451,12.49
2083,MATO G. DO SUL,BULL24867515,4d,E,80.84,44.6576118535735,27.69,27.17,17.12397929982568,2260.15,31.59,34.16,23.91774,167.580943333793,17.08090205920781,12.49
2084,MATO G. DO SUL,BULL24867515,4d,C,63.34655,42.878783482045,27.41,26.48,16.75842053458314,1597.519,31.01,33.23,25.72312,164.649059083995,16.71361724419258,12.46
2085,PARANÁ,BULL24867515,3d,D,57.73,56.1272687513667,27.017499,24.823096,18.62681214346381,2029.94,29.998423,32.165934,25.357453,161.070182010768,18.57805998440433,12.58006006
2086,PARANÁ,BULL24867515,2d,E,106.1,64.6094792773645,26.803053,24.946762,19.78780910045229,4962.552,29.771334,32.021334,26.019049,159.123162110569,19.74007294827633,12.5965059
2087,MATO GROSSO,BULL24867515,>5d,C,22.10544,49.6038054750709,28.06,26.27,18.03917115929638,392.003,31.73,34.18,22.439742,171.075827529532,17.98185647420644,12.48
2088,MATO GROSSO,BULL24867515,4d,C,68.16,57.3723290598291,28.04,25.69,19.27772158119658,2560.11,31.51,33.61,26.352494,170.585708672421,19.19540295807127,12.45
2089,MATO GROSSO,BULL24867515,4d,B,44.6,49.8216564417178,28.9,26.45,18.39185993865031,1244.986,32.83,34.75,24.107085,178.488800690051,18.29688222109273,12.41
2090,MATO G. DO SUL,BULL24867515,>5d,I,73.24000000000001,43.6776126714566,27.63,26.73,16.95121086054866,1951.937,31.37,33.12,24.431968,166.199319103299,16.88466630475662,12.4
2091,MATO GROSSO,BULL24867515,1,D,12.38,77.8842105263158,28.03,25.51,22.5612389473684,37.036,31.44,33.94,22.712574,170.93648680691,22.4714049570995,12.5
2092,PARANÁ,BULL24867515,fr,D,68.97999999999999,70.17743067743069,24.701,25.03,19.38911547034047,3326.95,27.27,29.88,26.0,139.747336371049,19.43201180595315,12.71178
2093,S. J. RIO PRETO,BULL24867515,5d,I,166.4,75.40291450777201,27.45,26.11,21.79575029145078,9801.41,30.93,33.378426,24.443489,165.317207472731,21.7207577979639,12.49
2094,ARACATUBA,BULL24867515,4d,I,31.72,28.2826572008114,26.69,24.86,14.39192234279919,333.094,29.61,32.64,24.0,158.942432503067,14.3926132567008,12.72
2095,PARANÁ,BULL24867515,5d,D,32.26000000000001,20.15088845014808,26.497,28.29,13.18163429861797,177.137,30.47,32.51000000000001,26.0,155.594790574237,13.17042511999298,12.552285
2096,PARANÁ,BULL24867515,5d,E,208.96,31.2131244922827,26.256849,26.151962,14.73918614704676,3796.217,29.481674,32.048176,22.189599,154.167138310652,14.73147492707414,12.64957446
2098,MINAS GERAIS,BULL24867515,>5d,D,99.14743,59.5079873267634,27.558888,25.284445,19.39171453922531,4152.199,30.792223,33.075556,23.555555,166.271252134944,19.32911669131086,12.59444445
2099,SÃO CARLOS,BULL24867515,1/½,I,18.41,118.450858034321,26.47,24.07,27.4034391575663,694.35,29.11,32.39,27.11,157.272285570536,27.4643594475905,12.65
2100,MATO G. DO SUL,BULL24867515,1,I,88.46,78.4500392362019,26.21,26.22,21.4425505754643,5092.77,29.44,32.39,22.3,154.135998667761,21.44494268834945,12.7
2101,MATO G. DO SUL,BULL24867515,4d,D,141.73,40.8072920681415,26.69,26.18,16.23179120480999,3749.17,30.03,32.78,25.48,158.447231246319,16.21874816308337,12.54
2104,MATO G. DO SUL,BULL24867515,>5d,D,21.57,70.24242424242419,26.07,24.59,20.19470909090909,569.38,28.78,31.24,23.86,152.498281623432,20.18296052364355,12.54
2106,ASSIS,BULL24867515,3d,I,12.81,74.97283950617279,28.12,26.16,22.1512217283951,63.008,31.77,35.11,24.37,172.534053304279,22.1092851740057,12.58
2107,PARANÁ,BULL24867515,>5d,D,101.34,38.4204275800313,25.973778,27.008189,15.69193189668435,2372.401,29.398079,31.296553,24.807904,150.620482640346,15.66241242270826,12.548448
2110,SÃO CARLOS,BULL24867515,4d,E,278.71,49.2090847737243,28.131,26.733,18.00219746484946,9936.035,31.982,34.071,24.549,171.323191054032,17.92827012234973,12.533
2111,S. J. RIO PRETO,BULL24867515,1/½,I,43.37,142.832005100414,27.12,24.59,31.7817991711827,4116.2,30.04,32.69,27.72,162.617316546775,31.7055655266584,12.55
2112,S. J. RIO PRETO,BULL24867515,>5d,C,28.38,79.4700854700855,25.69,27.07,21.2366547008547,1117.16,29.06,32.61,28.6,149.742613965616,21.29350593713313,12.8
2113,GOIAS,BULL24867515,>5d,E,489.28,65.1723935635267,27.56,26.12,20.27362443848475,25390.12,31.07,34.01000000000001,23.8,166.863666818169,20.23447184074652,12.67
2114,GOIAS,BULL24867515,>5d,D,40.32,85.5366172316384,28.9,25.01,24.4276883121469,2094.557,32.31,34.78,24.092346,179.211895725571,24.2961971725479,12.49
2115,GOIAS,BULL24867515,>5d,B,152.13,114.207171911796,28.9,25.01,29.2730120530936,14334.291,32.31,34.78,24.092327,179.211895725571,29.0902549721208,12.49
2116,GOIAS,BULL24867515,>5d,B,16.005663,96.1296434572754,27.87,25.1,25.3513744166696,348.995,31.1,33.62,23.966646,169.496334320821,25.2501104522385,12.51
2117,GOIAS,BULL24867515,4d,E,115.72,90.5075491708446,28.63,25.24,25.0558054271115,8154.803,32.07,34.2,23.424084,176.268859114172,24.8963455341444,12.45
2118,PIRACICABA,BULL24867515,1/½,I,61.48,71.6540420371867,25.911144,31.157566,20.29855968961358,2963.682,30.673197,33.60783,28.906158,150.598412164515,20.2679555055493,12.68061584
2119,MATO GROSSO,BULL24867515,3d,I,108.76,59.5176002480364,28.67,26.2,19.92118396134767,4609.803,32.46,34.52,25.230899,176.471051863202,19.81526969480969,12.43
2120,MATO GROSSO,BULL24867515,3d,E,161.48,88.735590045491,27.41,24.97,23.8249544260102,11482.436,30.51,32.87,25.089258,164.985499242112,23.7394325527475,12.5
2121,ARACATUBA,BULL24867515,>5d,I,17.08,44.1496062992126,26.99,25.01,16.81922598425197,175.32,30.02,32.54,,161.187892825647,16.79633201895368,12.63
2123,PIRACICABA,BULL24867515,3d,C,22.44,92.7413793103448,27.8,24.72,24.7571379310345,854.94,30.89,33.23,25.0,168.686750800265,24.6511043792697,12.59
2124,ARACATUBA,BULL24867515,3d,I,104.39,45.7600930836671,27.219912,24.749566,17.13825645845221,3131.095,30.204144,32.93707,24.0,163.630012463533,17.11904333504648,12.6637973
2125,S. J. RIO PRETO,BULL24867515,1,I,123.13,89.1237289660758,25.48,24.81,22.396278664627,8582.76,28.14,31.38,21.15,147.827033092768,22.4754872865128,12.66
2132,S. J. RIO PRETO,SCS12,>5d,D,45.96,68.7143698468787,25.93,24.95,19.9003117196702,1938.02,28.72,31.15,24.07,151.093387061513,19.88859379706167,12.54
2134,S. J. RIO PRETO,SCS12,5d,I,32.8,82.6514423076923,27.21,25.39,22.746084375,1481.55,30.4,32.500027,25.569331,162.749676749924,22.6506820898005,12.46
2135,MINAS GERAIS,SCS12,3d,A,24.69,90.5571315996848,27.72,25.04,24.3491810874704,1008.89,30.9,33.12,27.8,167.757761150285,24.2358829403552,12.58
2136,RIB. PRETO,SCS12,3d,C,56.8,100.1870535714286,27.375274,23.6488,25.5590011191339,3962.78,30.046356,32.67,22.73,165.127388308487,25.5038531960135,12.6463701
2137,PIRACICABA,SCS12,>5d,D,18.62,30.738670694864,24.99,27.04,14.43415332326284,136.05,28.18,31.27,22.8,142.704013537432,14.44921946817499,12.76
2138,RIB. PRETO,SCS12,>5d,C,71.11,81.0142615462697,28.0816,25.028,23.0985974848249,4091.433,31.3344,34.36,25.5,172.029827677271,23.0443403825237,
2139,SÃO CARLOS,SCS12,5d,I,248.92,84.409631943272,24.84,24.7,21.29739674151612,17167.29,27.35,30.64,25.31,141.919020603617,21.40738846433831,12.68
2140,PIRACICABA,SCS12,4d,B,30.16,57.4618392070485,26.518,26.46,18.6001498160793,837.587,29.9,32.67,25.51,156.808593800071,18.58326500713762,12.67
2141,MINAS GERAIS,SCS12,5d,A,78.96,67.58034647550781,27.86,24.97,20.81504295101553,3733.66,31.05,33.26000000000001,24.5,169.081138163053,20.73062408386961,12.57
2142,PIRACICABA,SCS12,3d,E,122.45,56.7697691263015,26.525,27.432,18.50280896559529,4956.821,30.209,33.392,25.416,157.160288219164,18.49879258987938,12.718
2143,GOIAS,SCS117,>5d,C,50.23,95.6160345278577,27.24,25.4,24.7430836620455,3208.641,30.44,33.04,24.172652,163.585997531614,24.6750200035432,12.52
2144,ASSIS,PT35931092,4d,A,32.12,112.698807157058,26.92,25.71,27.024262027833,2038.06,30.16,32.08,26.7,159.756641931188,26.8789175920032,12.54
2145,RIB. PRETO,SCS19,>5d,I,20.32,76.9074519230769,26.425573,25.9464,21.36327185960337,552.03,29.625202,32.22,22.36,155.817889011245,21.33485271667581,12.6511659
2146,GOIAS,SCS19,>5d,E,141.91,74.0031637287353,28.65,25.72,22.3235267608344,8066.831,32.26000000000001,35.16,25.4,177.181933656205,22.2418024775148,12.64
2147,GOIAS,SCS122,>5d,E,36.5,17.03073469387755,27.48,26.21,12.77875773061225,135.253,31.0,34.21,28.622179,166.365247825498,12.77657060776474,12.57
2148,RIB. PRETO,SCS114,>5d,I,35.79,79.7368642286675,27.56,24.86,22.5398560739807,1623.46,30.65,33.36,23.67,166.800122419617,22.4856748749187,12.54
2150,S. J. RIO PRETO,SCS114,4d,I,29.64,64.4336734693878,27.59,25.78,20.17440969387755,936.93,30.99,33.77,24.72,167.031308297212,20.12886099678799,12.53
2151,S. J. RIO PRETO,SCS114,5d,I,31.05,57.8136482939633,25.7,27.66,18.27646981627297,884.75,29.26,31.561958,24.127161,148.417421301189,18.24977976066211,12.49
2152,PARANÁ,SCS125,>5d,C,19.09,20.69294781382229,25.8513,27.57,13.20408628053597,73.63300000000001,29.42,31.5,23.0,149.607184593509,13.19621207447838,12.576981
2153,RIB. PRETO,PS321801816,5d,I,45.66,92.3606654783125,27.579,25.06,24.5193880748663,2716.94,30.74,32.98,24.0,166.441355129708,24.4110100755957,
2154,RIB. PRETO,PS321801816,5d,D,25.01,76.3136049192929,26.8294,26.2,21.53732172790162,848.72,30.2,32.63,23.1,159.416067978948,21.48085875475371,
2155,RIB. PRETO,PS321801816,5d,B,53.63,77.9923132356474,26.774654,24.784,21.7501359471631,2759.26,29.686829,32.53,22.3,159.547074085055,21.73697273002421,12.686016
2156,RIB. PRETO,PS321801816,>5d,D,37.19,84.229853116316,28.056,26.64,23.5972252163557,1831.47,31.86,34.5,24.4,171.182943969656,23.497760661551,
2157,MATO G. DO SUL,PS321801816,4d,A,30.091717,112.505607068693,27.71,24.57,27.7894308704917,1830.319,30.74,32.54,25.6599245,167.237326220049,27.6022217114668,12.43
2158,MATO GROSSO,PS321801816,2d,C,12.59,137.050847457627,28.45,26.25,32.57086440677971,85.78,32.21,33.42,22.299991,173.454789474487,32.1900582498774,12.33
2159,RIB. PRETO,PS321801816,3d,D,35.35,67.2248394004283,27.6691,26.11,20.65323531049251,1301.5,31.2,33.75,24.3,167.4969912661,20.58729636992015,
2160,MINAS GERAIS,PS321801816,>5d,A,140.22,73.9294181874903,28.15,25.26,22.0016010372797,7952.59,31.5,33.73,,171.8178560128,21.89742683884478,12.57
2161,RIB. PRETO,PS321801816,4d,I,41.3,62.942662116041,26.804903,26.2504,19.54201171189761,1504.62,30.18622,32.95,21.64,159.537119715492,19.51593363924019,12.6634947
2162,RIB. PRETO,PS321801816,2d,I,91.91,120.089600800901,28.1125,24.1,29.4159369290452,8649.44,31.06,33.62,23.7,171.962758053134,29.2903106609744,
2163,RIB. PRETO,PS321801816,2d,I,16.37,155.086956521739,27.9659,24.08,34.8451203913044,637.29,30.88,33.46,23.7,170.600587673203,34.6936753927178,
2167,PIRACICABA,PS321801816,2d,I,26.29,100.2827151854444,28.18,26.22,26.2841433170049,1273.56,31.86,34.87,25.0,172.776262170839,26.1937649618085,12.66
2168,RIB. PRETO,PS321801816,1,C,13.47,111.9183673469388,27.7488,24.47,27.7359438367347,158.88,30.75,33.09,22.0,168.232593246155,27.6105056435341,
2169,RIB. PRETO,PS321801816,1,B,49.38,76.8761369716426,26.83,25.35,21.6211311128946,2437.07,29.93,32.61,22.0,159.808946393963,21.58927345188891,
2172,PARANÁ,SCS19004M,5d,E,27.9,22.6481132075472,25.1661,25.57,13.40194123301887,181.305,27.98,30.35,22.0,143.741009608805,13.40279318439111,12.654156
2173,PARANÁ,SCS19004M,fr,C,31.19,87.9152683689422,25.524884,24.175924,22.2674519851881,1468.814,28.020294,30.048798,26.143697,146.874109851756,22.2390042454183,12.59661245
2176,SÃO CARLOS,BULL24855156,>5d,B,26.1,42.5960992907801,27.375,26.94,16.70415026595745,443.405,31.12,33.33,23.29,164.253289329532,16.65835675767425,12.57
2180,PARANÁ,BULL24855156,>5d,B,18.2,27.3967741935484,26.9626,27.96,14.30375773548387,107.46,30.95,32.73999999999999,27.0,159.776913861131,14.27528777373928,12.507009
2181,GOIAS,BULL24855156,3d,E,41.92,59.1651069518717,28.53,26.39,19.79639217914439,1423.18,32.36,34.6,23.894018,175.304207659677,19.70226041995932,12.45
2182,S. J. RIO PRETO,BULL24855156,3d,I,52.11,92.4917726252805,26.95,25.03,24.0335200074794,3240.525,29.97,33.44,26.0,161.82318268096,24.0595335543517,12.77
2183,GOIAS,BULL24855156,>5d,C,104.32,79.4200389948007,28.24,25.68,22.9490143327556,6236.218,31.75,33.76000000000001,22.696064,172.388719087428,22.8134136952005,12.43
2184,RIB. PRETO,BULL24855156,5d,B,62.28,60.5425616547335,27.7253,25.73,19.63346344789181,2452.72,31.14,34.19,23.2,168.590186864809,19.60128880041125,
2185,RIB. PRETO,BULL24855156,2d,I,50.24,92.5005230125523,28.19,24.37,25.0330346757322,3090.34,31.24,33.739187,25.11977,172.595848406615,24.9280497903771,12.51
2186,MATO G. DO SUL,BULL24855156,4d,I,42.76000000000001,68.5806241872562,29.14,25.14,21.69791898569571,1752.42,32.65,34.92,22.241877,181.26878024249,21.57733324153556,12.46
2187,RIB. PRETO,BULL24855156,2d,E,54.95,82.6934807916182,27.9,24.85,23.2402634458673,3048.285,31.05,33.75,26.5,170.004115078213,23.1698608742783,12.64
2188,RIB. PRETO,BULL24855156,3d,C,24.53,73.56416600159619,27.88,25.56,21.77638956105347,783.399,31.27,34.16,26.3,169.913659780085,21.72182276462071,12.66
2189,MATO G. DO SUL,BULL24855156,4d,A,192.0916,54.2107416448074,26.0214,26.6368,17.91853692898503,7613.8,29.3423,32.14,24.33,152.134314629546,17.91517335039993,12.68747157
2190,GOIAS,BULL24855156,>5d,D,42.63,81.5047339209925,27.52,26.0,22.787134704538,2140.93,30.98,34.76000000000001,29.1,167.323189024198,22.7956969248869,12.78
2193,RIB. PRETO,BULL24855156,>5d,C,66.36,58.5419610007358,26.9,25.14,18.93475218910964,2542.021,29.95,33.15,25.0,161.055589159518,18.937339417604,12.73
2194,RIB. PRETO,BULL24855156,3d,I,24.01,91.0258118234804,26.5034,25.04,23.4614295920067,961.1,29.44,31.44,25.2,155.981676205045,23.3782688498092,
2195,SÃO CARLOS,BULL24855156,2d,I,21.22539,146.754194673613,25.05,23.98,29.5854224049065,1255.16,27.4,30.007858,24.487709,143.178046074229,29.6767919575908,12.6
2196,ARACATUBA,BULL24855156,>5d,I,67.33,76.68353515272,26.93,26.0,21.6572517983011,3590.94,30.26,33.38,24.6,161.123439310648,21.64583122874482,12.72
2198,MINAS GERAIS,BULL24855156,2d,I,18.93,69.1203463203463,27.1461,25.15,20.65150477402597,407.844,30.247406,32.771608,26.0,162.649236371978,20.60513655446311,12.6278
2199,MATO G. DO SUL,BULL24855453,>5d,A,27.78,61.6193282636248,26.71,24.4,19.29900318757921,794.993,29.49,31.51,28.928036,158.037089469228,19.24626228103798,12.48
2200,ASSIS,BULL24855453,5d,I,94.04,57.4306435884934,27.19,26.19,18.90091476109215,3739.13,30.64,33.87,23.92,163.654808236358,18.88977554146729,12.59
2201,RIB. PRETO,BULL24855453,3d,I,115.23,123.221350382641,25.46,23.08,26.9703937615034,11493.38,27.64,30.21,24.61,147.113345234635,27.027488711712,12.6
2202,S. J. RIO PRETO,BULL24855453,>5d,I,336.8602,56.036111533515,27.76,26.62,18.94009117768197,14317.58,31.49,33.99069,27.147914,168.24178510059,18.88028067488505,12.49
2203,PARANÁ,BULL24855453,4d,B,23.68,69.665154109589,24.1023,24.99,18.9788099458048,685.529,26.54,28.96,25.0,133.898892413608,19.0293184168189,12.700461
2204,PIRACICABA,BULL24855453,>5d,C,38.84,70.192958271237,27.87,25.7,21.23522247764531,1573.899,31.31,33.44,26.0,169.003593240749,21.13650354989319,12.55
2205,RIB. PRETO,BULL24855453,5d,D,76.81,103.2737231908656,26.8256,25.62,25.531877105385,5927.45,30.01,32.96,24.7,160.019716409898,25.5103106223875,
2206,S. J. RIO PRETO,BULL24855453,5d,I,196.61685,45.9472805434607,26.89,27.08,17.0547500729213,6279.24,30.56,32.866457,26.134488,159.745879171671,17.01557080938096,12.47
2207,MATO G. DO SUL,BULL24855453,3d,C,57.01,96.75347700511,28.81,24.64,26.247059484559,3826.754,32.07,33.84,26.702879,177.654094981353,26.0397605298044,12.41
2210,SÃO CARLOS,PS321803280,4d,D,15.18,43.7987421383648,26.758,26.38,16.69285836477987,113.12,30.17,32.63,23.64,158.750833847375,16.6664919241027,12.62
2211,SÃO CARLOS,PS321803280,4d,B,136.2,37.3160869565217,24.708,28.32,15.21716833043478,3156.258,28.2,30.99,22.38,139.530072686115,15.22856240969322,12.71
2212,SÃO CARLOS,PS321803280,5d,C,18.34,41.1069400630915,26.56,27.23,16.23797047318612,196.538,30.2,32.66,23.29,156.770182243954,16.21381701749761,12.62
2220,SÃO CARLOS,PS321803280,3d,A,41.43,68.76731226639481,26.957,25.81,20.49068689568468,1682.662,30.23,32.65,22.568,160.661372045442,20.43910652885432,12.61
2223,S. J. RIO PRETO,PS321803280,2d,I,18.24,129.842948717949,26.51,23.68,29.0990118589744,747.34,29.04,31.65,22.95,156.948224937268,29.0811262380401,12.57
2224,RIB. PRETO,PS321803280,>5d,A,14.11,47.4592417061611,27.2151,25.032,17.39515908483412,86.819,30.2869,32.85,24.96,163.360457044714,17.36712703110353,
2225,PIRACICABA,SCS19005HP,5d,I,101.94862,96.1364770243279,27.0464,25.3249,24.6595108789885,7579.96,30.185,32.87,24.6,161.859568463457,24.6086561389013,12.6522832
2226,PIRACICABA,SCS19005HP,1,I,49.33,132.32788641843,27.0376,24.9334,30.0944262480579,4503.84,30.0489,32.28,23.14,161.321437789233,29.9675330061395,12.5883514
2227,RIB. PRETO,SCS19005HP,>5d,C,108.17,75.98773006134971,27.57,25.69,21.96288957055215,6165.7,30.94,33.48,24.8,166.602596199166,21.89266919237608,12.62
2228,RIB. PRETO,SCS19005HP,5d,B,35.01000000000001,41.4015645371578,27.54,26.29,16.56900312907432,688.53,31.1,34.16,22.2,166.771187177982,16.55051504830596,12.68
2229,S. J. RIO PRETO,SCS19005HP,3d,D,46.89,108.3795643450846,26.51,25.55,25.9846747864718,3374.683,29.6,32.52,28.0,157.026674147958,25.9776076727967,12.7
2230,ASSIS,DIVERSAS,1/½,A,20.9,120.404494382022,26.19,25.23,27.382597752809,976.8,29.13,31.45,29.4,153.375469467102,27.3257362856022,12.62
2231,RIB. PRETO,DIVERSAS,2d,I,17.21,128.988483685221,26.87,25.6,29.3961875239923,621.51,30.06,32.87,23.11,160.291516641187,29.3483996752341,12.55
2234,RIB. PRETO,DIVERSAS,4d,I,36.31,77.5775401069519,24.05,22.88,19.9020935828877,1606.19,25.96,28.66,23.25,134.11882156135,20.0082519187531,12.66
2235,S. J. RIO PRETO,DIVERSAS,1/½,I,27.57,165.592806679512,26.69,24.97,34.5627833012203,2403.44,29.64,32.23559,22.160046,158.447626909509,34.49330204858551,12.54
2236,MATO G. DO SUL,DIVERSAS,2d,E,66.83,100.2398322086449,27.09,24.32,25.3153906802845,4850.19,29.91,32.15,24.49,161.904814540041,25.2275756822812,12.5
2237,GOIAS,DIVERSAS,2d,D,12.04,58.25,26.7,25.76,18.79875,13.85,29.9,33.26000000000001,21.8,159.242935983686,18.80998578924547,12.76
2238,MINAS GERAIS,DIVERSAS,>5d,A,25.268651,83.3900003851183,28.53,25.94,23.8007670636601,959.249,32.2,34.65,24.0,175.569516738534,23.6772278629575,12.59
2239,S. J. RIO PRETO,DIVERSAS,1/½,I,39.6,123.947101449275,26.42,24.34,28.1427720289855,3101.74,29.13,31.89,23.5,156.179185136344,28.1404418653321,12.58
2240,GOIAS,DIVERSAS,5d,C,19.61,64.4875164257556,28.33,27.49,20.57121143232589,411.43,32.5,35.9,22.1,174.376554001279,20.52274204529974,12.7
2241,GOIAS,DIVERSAS,5d,B,18.89,64.5137880986938,28.33,27.49,20.57550159651669,373.82,32.5,35.9,22.1,174.376554001279,20.52700794901928,12.7
2242,PIRACICABA,DIVERSAS,2d,A,17.06,136.909486166008,26.208729,24.308997,29.7480503846206,644.042,28.867037,31.681826,24.930959,154.259547669133,29.7695670015601,12.70171505
2243,SÃO CARLOS,DIVERSAS,3d,I,85.04,97.9025191675794,25.13,24.32,23.2790007667032,6286.32,27.59,30.611448,26.539469,144.379487112605,23.3717314290849,12.65
2244,PARANÁ,DIVERSAS,>5d,E,17.38,27.5745353159851,27.2685,26.86,14.37799792472119,95.791,30.96,33.26000000000001,26.0,163.349087481678,14.35719170802552,12.582126
2245,GOIAS,DIVERSAS,4d,C,92.84,97.3891637803068,28.2,24.76,25.8330445324097,6914.86,31.38,34.35,23.2,173.130687892978,25.758814698527,12.67
2246,MINAS GERAIS,DIVERSAS,2d,A,30.27,108.9354132457581,25.9,23.84,25.4740224411604,1783.01,28.37,30.69,26.0,150.826893242954,25.4572422661305,12.64
2248,MINAS GERAIS,DIVERSAS,1/½,D,17.76,114.416666666667,26.23,25.48,26.5738916666667,601.92,29.25,32.61,29.7,154.873145070923,26.632591274347,12.78
2249,RIB. PRETO,DIVERSAS,4d,A,25.43,87.0227103499628,26.35,24.84,22.7657589352197,1019.555,29.2,32.0,25.1,155.491433682857,22.7651162668899,12.69
2250,RIB. PRETO,DIVERSAS,5d,A,37.95,59.2631984585742,25.48,24.74,18.3710791522158,1238.48,28.12,31.09,24.0,147.529914436869,18.40557724310331,12.74
2251,PARANÁ,DIVERSAS,2d,C,17.8,107.2968965517241,26.4098,24.85,25.7320921993103,564.722,29.27,31.36,24.0,155.227314391425,25.6491185629409,12.58144
2252,ASSIS,DIVERSAS,4d,B,102.82,122.400352345298,26.79,25.53,28.3282121118696,10038.56,29.94,31.81,26.6,158.485813578269,28.1720854326286,12.54
2253,MATO G. DO SUL,DIVERSAS,5d,A,30.63,132.162104133119,26.48,24.88,29.3994726784756,2250.62,29.36,31.47,26.327592,155.912047958455,29.2927744927942,12.49
2254,GOIAS,DIVERSAS,>5d,E,52.22,103.020611636002,27.21,25.25,25.8442350298359,3672.849,30.36,33.08,24.219953,163.451643191746,25.7852211965903,12.54
2255,GOIAS,DIVERSAS,>5d,B,25.718385,137.539412984838,27.39,25.68,31.3205156583665,1734.198,30.71,32.9,22.951935,164.522224041225,31.1475504732772,12.47
2256,MATO G. DO SUL,DIVERSAS,5d,I,16.99,71.69739478957919,25.26,24.57,19.9158745490982,309.89,27.82,29.9,25.1,144.391654865126,19.90343688732915,12.62
2257,RIB. PRETO,DIVERSAS,>5d,A,16.72,60.8349576271186,27.82,25.55,19.72569029661017,242.501,31.19,33.76000000000001,24.5,169.018249693612,19.66797957047188,12.62
2258,RIB. PRETO,DIVERSAS,1,B,20.28,106.9601449275362,27.2283,24.69,26.46081575,798.27,30.2,32.7,21.2,163.459810628363,26.3826455679666,
2261,PIRACICABA,BULL2492579,2d,B,33.23999999999999,117.238888888889,25.616,25.72,26.3293271111111,2247.274,28.57,31.45,24.48,148.549115041051,26.3702771456813,12.72
2263,MATO G. DO SUL,BULL2492579,3d,D,314.43,80.4366960949641,26.5,24.64,21.9233209337698,20709.31,29.31,31.73,25.13,156.498782959922,21.88901929552037,12.53
2264,MATO G. DO SUL,BULL2492579,3d,B,105.49,95.4338431917852,24.28,24.18,22.2456759439512,7812.23,26.55,29.42,24.48,136.270882571862,22.3683973298055,12.66
2271,MATO G. DO SUL,BULL2492579,3d,A,110.3,103.9931841302136,25.88,24.53,24.7686539572737,9054.93,28.54,30.98,26.355823,150.691864772805,24.7587062534073,12.55
2272,MATO G. DO SUL,BULL2492579,fr,C,127.16,101.4063911080236,24.02,24.1,22.7466482111844,10308.04,26.21,29.16,25.47,133.96491546981,22.9044429339509,12.68
2273,MATO G. DO SUL,BULL2492579,1/½,I,20.64,115.39,26.61,24.16,27.105279,905.2896,29.3,31.53,27.7,157.37431703723,27.0302506384792,12.6
2274,MATO G. DO SUL,BULL2492579,3d,D,43.37,125.893018807778,27.32,24.66,29.4484104813516,3584.824,30.3,32.2,22.774119,163.643669028889,29.2711552487878,12.45
2275,MATO G. DO SUL,BULL2492579,4d,C,62.73,115.096116696235,28.44,24.43,28.949001584861,5242.066,31.56,33.22,26.5343485,174.029860231399,28.704649378691,12.4
2276,MATO GROSSO,BULL2492579,4d,E,61.66,77.3329842931937,27.88,25.56,22.3748779057592,3256.436,31.27,33.48999999999999,25.2538805,169.212489373606,22.2711610989397,12.47
2277,MATO G. DO SUL,BULL2492579,4d,B,249.21,71.2971628514818,26.23,24.8,20.43798627376586,14077.88,29.04,31.52,24.85,153.99989589706,20.42019095190143,12.54
2278,RIB. PRETO,BULL2492579,1/½,I,19.16,66.5391061452514,24.72,24.74,18.93737430167598,402.5,27.22,29.75,23.86,139.867671127199,18.97378848815242,12.59
2279,MINAS GERAIS,BULL2492579,5d,D,74.15908400000001,69.464907301401,27.59,26.15,20.95877904828842,3583.966,31.12,33.33,23.0,166.382998657583,20.87160470677034,12.57
2280,MINAS GERAIS,BULL2492579,5d,B,249.67107,85.6090597816554,27.758,26.013333,23.5993156403933,17506.744,31.276,33.543667,24.366667,168.053649322427,23.48696240212,12.579
2281,MATO G. DO SUL,BULL2492579,>5d,B,149.21037,65.1320191032208,26.76,25.0,19.8422860196354,7302.264,29.74,31.89,25.902464,158.592327169268,19.78874632754316,12.49
2283,ASSIS,BULL2492579,4d,D,59.13329,68.95825604365831,26.75,24.81,20.4013427664396,2696.63,29.66,32.3,24.544249,159.086081754539,20.37776670503348,12.55
2284,SÃO CARLOS,BULL2492579,3d,I,171.2,78.8810301507538,26.58,24.84,21.7512541959799,10659.46,29.47,32.53,26.44,157.943737716411,21.760867522525,12.6
2285,ARACATUBA,BULL2492579,5d,C,126.1,63.0355565293602,26.7036,25.07,19.50406408985101,5835.157,29.69,31.86,24.9,158.074207598644,19.4549784793821,
2286,PARANÁ,BULL2492579,2d,B,80.65,106.2391842680262,26.1001,23.51,25.287819220976,6481.52,28.51,30.5,26.0,152.338535588928,25.22538911527,12.580068
2289,ARACATUBA,BULL2492579,>5d,C,17.41,49.1866913123845,25.96,27.23,17.19126210720887,213.18,29.45,31.93,24.3,151.125920541818,17.17363266073992,12.64
2290,GOIAS,BULL2492579,3d,C,65.24000000000001,112.171806912096,25.76,24.08,25.7836406311044,5345.147,28.27,30.91,24.596859,149.86872484913,25.810559284804,12.59
2291,ASSIS,BULL2492579,1/½,I,241.63,122.105286765667,25.9,25.34,27.3046348604276,25295.477,28.81,31.72,30.02,151.307612133657,27.3385045826165,12.59
2298,ARACATUBA,SCS120,2d,I,41.73,93.4653548604104,27.972715,24.778017,25.012228955592,2433.965,31.120722,33.87782,25.8363495,170.76000933355,24.9334404979997,12.64865935
2299,ARACATUBA,SCS120,2d,D,36.95,96.9513026052104,26.41,24.33,24.2414827054108,2131.535,29.12,31.66,30.0,155.830982744063,24.2186293390957,12.65
2302,MATO GROSSO,SCS120,5d,E,25.998403,104.2920993201867,27.69,25.34,26.4806303833373,1303.942,30.97,33.09,24.384482,167.326768824445,26.3354335754293,12.46
2303,MINAS GERAIS,SCS120,4d,I,22.64,77.9586466165414,27.44,25.51,22.184015037594,713.8,30.72,33.15,23.4,165.278343065038,22.1100320641958,12.61
2305,ARACATUBA,SCS120,3d,B,37.92,88.2632716049383,27.21,23.85,23.5996436111111,1988.744,29.91,32.55,25.0,163.55898716192,23.5583842020988,12.65
2306,PARANÁ,SCS120,4d,D,34.52,56.0982682060391,27.6226,26.16,18.88929604875666,1005.093,31.16,32.62,25.0,165.856756921279,18.78481653202591,12.453844
2307,RIB. PRETO,SCS120,>5d,A,28.08,94.3069651741294,27.9166,25.12,25.1004704189055,1335.496,31.1697,34.25,25.0,170.513849337129,25.0467938770083,
2308,RIB. PRETO,SCS120,5d,I,17.7,54.719298245614,28.42,24.77,19.01450877192982,255.5,31.65,34.09,23.24,174.660593308308,18.94874639834614,12.49
2309,PIRACICABA,SCS120,1/½,B,14.35,142.265531914894,26.932,24.67,31.4512492255319,318.124,29.84,32.5,,160.843618911011,31.3891931895805,12.66
2311,PIRACICABA,SCS120,2d,I,43.78,115.578508495909,27.062282,25.516899,27.6012870410478,3303.725,30.27436,32.931467,25.781729,161.951630427822,27.5317662262437,12.6456346
2312,ARACATUBA,SCS120,3d,I,119.88,91.0526510938079,27.1,25.24,23.936950315165,8540.2,30.22,33.0,26.6,162.480131252797,23.8958533124778,12.67
2313,MATO GROSSO,SCS120,4d,B,228.7,96.2524227041994,27.15,24.9,24.7642420396862,18269.5,30.17,32.36,22.561189,162.342524623299,24.6667219349787,12.48
2314,RIB. PRETO,PS321835073,>5d,I,37.7,87.147859922179,27.92,24.35,23.9635392996109,1943.3,30.91,33.413635,,170.04859476776,23.8770136605049,12.51
2315,GOIAS,PS321835073,>5d,B,94.32,76.7125,26.14,25.38,21.1503475,5339.133,29.1,31.5,23.413281,152.980024582503,21.12316984079526,12.52
2316,ARACATUBA,AIC456911099,3d,B,38.77,83.4595816212178,27.7,24.43,23.2191543145312,1924.973,30.68,33.6,26.0,168.404966299215,23.1766334552226,12.67
2317,ASSIS,AIC456911099,5d,C,43.94,106.8090169067001,26.07,25.75,25.3396286787727,3040.2,29.13,30.89,24.2,151.503862168469,25.2262240268803,12.53
2318,GOIAS,AIC456911099,4d,B,60.02,64.454185755935,26.55,26.31,19.63208402748855,2530.85,29.89,33.38,27.5,157.875982901123,19.6518059044251,12.77
2319,GOIAS,AIC456911099,5d,D,256.8,77.9937091503268,27.23,26.96,22.0508419035948,16167.26,30.95,34.63,,164.343880675231,22.0537377521133,12.77
2320,ARACATUBA,AIC456911099,5d,I,32.59,76.1136474016513,26.87,26.36,21.53369936862555,1332.1,30.3,33.12,26.0,160.195315460231,21.50134220199372,12.67
2321,ARACATUBA,AIC456911099,4d,I,26.72,85.5353260869565,27.77,26.06,23.596520923913,1094.44,31.3,33.96,25.1,168.572540718337,23.5136128379862,12.63
2322,MINAS GERAIS,AIC456911099,4d,C,69.78999999999999,75.4258522235681,27.29,24.57,21.69781280498356,3677.38,30.24,33.75,26.8,165.132670065756,21.71257010219105,12.77
2323,S. J. RIO PRETO,SCS124,5d,I,24.71,46.933910306845,26.3,27.53,16.99554917387884,456.01,29.97,31.960482,24.608072,153.758447105512,16.95217687642159,12.44
2325,S. J. RIO PRETO,AIC456PS321955000,5d,C,20.84,39.5565610859729,28.21,25.87,16.4669185520362,255.6,31.78,34.2,23.57,172.514434723286,16.42322582563263,12.48
2326,MINAS GERAIS,AIC456PS321955000,4d,A,99.510826,95.04331397809,27.5,26.02,24.8717136666039,7279.189,30.96,33.38,23.0,165.771646189363,24.7697070954311,12.6
2327,GOIAS,AIC456PS321955000,5d,C,47.75,78.7832167832168,28.27,26.22,22.8656293706294,2399.5,31.97,35.15,24.0,173.790133014114,22.8048655264671,12.68
2328,GOIAS,AIC456PS321955000,4d,C,254.96,73.3869361211722,27.11,25.48,21.27556604790912,14926.57,30.31,33.58,26.6,163.051153358939,21.27256750227456,12.73
2329,ARACATUBA,AIC456PS321955000,2d,I,37.4,86.8952755905512,28.02,25.28,23.9982231496063,1914.34,31.34,33.86,28.4,170.893181598184,23.9003486252555,12.61
2331,ARACATUBA,AIC456PS321955000,4d,I,75.53,42.31237210766569,26.99,26.64,16.54382457893908,1937.745,30.54,34.11,27.0,162.035428545684,16.54792973940985,12.76
2332,GOIAS,AIC456PS321955000,2d,D,37.12,82.5286624203822,26.87,25.87,22.4876121019108,1783.68,30.15,32.86,23.7,160.14579575843,22.4485248180452,12.66
2334,RIB. PRETO,AIC456PS321955000,4d,C,27.97,99.6944270507201,27.6514,25.19,25.7254055554164,1412.48,30.87,33.47,23.6,167.501741749381,25.636636148101,
2336,RIB. PRETO,AIC456PS321955094,1/½,A,54.13,117.706622359364,25.392581,25.0744,26.1568450218419,4465.42,28.113995,30.99,29.63,146.546974461196,26.2225062189646,12.7304682
2338,S. J. RIO PRETO,AIC456PS321955094,2d,C,46.13,125.912540287137,26.94,24.86,29.0185335188983,3899.835,29.91,33.19,27.0,161.559467097008,29.0366988210107,12.74
2340,GOIAS,AIC456PS321955094,2d,I,46.78167,83.8585392823289,26.95,26.45,22.7428516227082,2511.36,30.43,32.683844,27.722125,160.332727922868,22.6589731563004,12.47
2341,GOIAS,AIC456PS321955094,3d,C,289.34,111.9388476238552,27.34,25.14,27.3306192254994,27729.04,30.48,33.55,25.3,165.063152509693,27.2969550754931,12.7
2342,MATO G. DO SUL,AIC456PS321955094,>5d,I,44.19,92.8999689344517,26.2,25.24,23.4877955886921,2616.17,29.13,31.79,24.9,153.864498054308,23.4768334854951,12.67
2343,S. J. RIO PRETO,AIC456PS321955094,4d,B,33.15,76.7267139479906,27.36,25.2,21.94202326241135,1380.97,30.52,33.5,27.0,165.149869895593,21.91288781990402,12.69
2344,ARACATUBA,AIC456PS321955094,2d,I,52.73,89.8401669531058,26.77,24.81,23.4969926589737,3182.43,29.69,32.48,26.7,159.440692726421,23.4768081375062,12.68
2345,RIB. PRETO,AIC456PS321955094,4d,D,45.05,133.020363086233,27.3154,24.845,30.5347526881089,4011.723,30.3568,33.47,23.57,164.920325288007,30.5064732896195,
2346,RIB. PRETO,AIC456PS321955094,2d,A,89.88,127.126874678993,28.0762,24.686,30.5080266271443,8978.081,31.2143,34.37,24.18,172.159775003197,30.4386943454088,
2347,MINAS GERAIS,AIC456PS321955094,>5d,I,14.08,77.3221153846154,28.55,25.45,22.8108100961538,147.87,32.05,34.08,27.3,175.379407332006,22.6722884972114,12.53
2348,GOIAS,AIC456PS321955094,3d,D,51.97,75.7468101075807,27.08,26.2,21.61301896422317,2559.96,30.51,33.32,25.6,162.188050127525,21.57400911190714,12.66
2349,PIRACICABA,AIC456PS321955094,4d,B,25.71,82.109992706054,27.14,24.7,22.6146528956966,973.208,30.1,32.68,25.0,162.713140088317,22.5664971522984,12.64
2350,S. J. RIO PRETO,AIC456PS321955094,>5d,B,38.69,69.94567253653051,27.15,25.06,20.77876938928438,1558.57,30.22,32.45,24.5,162.368836074299,20.71322333486057,12.59
2351,RIB. PRETO,AIC456PS321955094,2d,I,20.85,101.2497175141243,28.6817,24.41,26.8883701265537,801.86,31.84,34.02,23.7,176.9072655732,26.7179268684348,
2352,GOIAS,AIC456PS321955094,3d,I,111.24,57.4490124949617,29.18,29.62,19.80814034663442,4522.36,34.42,37.847532,24.0943985,182.138419702185,19.73262316291764,12.51
2355,PIRACICABA,SCS111,5d,C,19.09,21.38928067700987,28.5,25.52,13.54923131170663,78.57,32.01000000000001,33.79,22.0,174.627667378182,13.52695681486115,12.49
2356,ARACATUBA,AW,1/½,I,68.72999999999999,90.889917151419,25.599638,25.306093,22.7287431510929,4487.425,28.412207,32.20322,29.9454,149.459041011124,22.844132357081,12.8770376
2357,S. J. RIO PRETO,AW,1/½,I,13.4,135.401428571429,27.25,25.65,30.8187178571429,184.762,30.54,33.44,,163.96302457432,30.7524543225062,12.67
2358,PIRACICABA,PT35961007,2d,C,15.3,105.279696969697,26.49,30.97,25.5162280909091,319.823,31.39,34.4,29.0,156.156099128534,25.4468372430432,12.67
2359,PIRACICABA,PT35961007,1/½,I,118.49,132.721100572824,28.17,24.68,31.5206019626256,12867.59,31.32,33.48,29.0,171.999803166035,31.3153523296389,12.56
2361,GOIAS,AIC456873396,>5d,D,53.42,62.6986962819894,26.8,26.28,19.50340704973443,2111.94,30.19,33.71,27.5,160.258859881566,19.51653090824955,12.77
2362,PARANÁ,BULL24835054,>5d,E,239.31,41.6052087457657,26.7296,26.27,16.3607288274163,6741.56,30.1,32.56,25.0,158.496661315517,16.33706423880362,12.621228
2363,MATO G. DO SUL,BULL24928064,>5d,B,46.99,81.2278651043155,27.01,26.1,22.3911025521578,2434.283,30.39,32.58,25.171582,160.87224455656,22.3061076639382,12.47
2364,MATO G. DO SUL,BULL24928064,2d,B,119.95,109.4219546086151,27.73,24.66,27.3244734599352,10528.7,30.79,33.04,24.91,167.931025120968,27.1911052514098,12.48
2365,MATO G. DO SUL,BULL24928064,4d,A,42.81,81.6481661798118,26.83,25.65,22.3288230444661,2157.86,30.02,32.17,,159.177515344294,22.2506440466312,12.47
2366,S. J. RIO PRETO,BULL24928064,5d,I,15.07,68.1446254071661,27.24,24.93,20.55644091205212,184.364,30.29,33.56,26.0,164.360423915107,20.55421892759073,12.73
2367,GOIAS,BULL24928064,5d,C,43.13,93.1227112110504,27.21,25.1,24.3387643752008,2537.35,30.31,33.56,25.6,164.030721955494,24.3331443524031,12.73
2368,MATO G. DO SUL,BULL24928064,2d,A,15.94543,84.1999883409413,26.6327,26.0848,22.5648076939649,296.86,29.9221,32.01000000000001,23.54,157.186326736259,22.482451097622,12.5688965
2369,S. J. RIO PRETO,BULL24928064,3d,I,19.58,77.6874670184697,27.58,26.12,22.2341073614776,509.911,31.09,34.18,23.0,167.203266276914,22.1949094347235,12.69
2370,RIB. PRETO,BULL24928064,5d,C,33.5,84.8260465116279,28.2399,26.14,23.8268771274419,1577.76,31.91,34.29,23.9,172.724329924595,23.7049175266388,
2371,ARACATUBA,BULL24928064,5d,I,93.58,35.7410639862711,27.04,26.31,15.57065602353518,1948.796,30.49,33.05,25.0,161.533191877235,15.5500770764288,12.63
2372,PARANÁ,SCS19001,4d,E,37.56,28.3167057902973,28.1585,26.48,14.6365349051252,429.055,31.93,34.21,25.0,171.809646177674,14.60756697913262,12.563261
2373,PARANÁ,SCS19001,>5d,A,29.04,28.5646713615024,26.395,26.21,14.38448444248826,294.262,29.67,31.82,25.0,154.993169620099,14.36863486169651,12.583155
2375,S. J. RIO PRETO,SCS19001,3d,E,19.0,94.5257142857143,28.19,25.22,25.3609131428571,589.68,31.53,34.02,25.44,172.478154406631,25.2435743196604,12.5
2388,ARACATUBA,SCS19001,3d,I,40.92,71.335235131397,28.141941,25.897041,21.57785864712137,1727.975,31.710693,34.482712,26.731208,172.22412396363,21.50693606910409,12.6377399
2389,ARACATUBA,SCS19001,3d,C,18.73,84.1965824665676,28.23,25.99,23.7175053343239,497.883,31.85,34.5,26.0,172.922849844184,23.6180797995307,12.62
2391,PIRACICABA,SCS19001,1/½,D,41.57,167.323300642543,27.788282,24.712932,36.5228807171525,4604.91,30.877106,33.284824,28.91176,168.650504969409,36.3314734791697,12.5975296
2393,ARACATUBA,SCS19001,2d,C,51.89,79.8084733015793,26.3228,25.98,21.71207201403861,2716.88,29.51,32.3,22.6,155.058999901518,21.70061237537271,
2394,MATO G. DO SUL,SCS19001,5d,B,17.9,119.48186440678,26.69,24.46,27.7890858813559,646.143,29.49,31.62,26.428764,157.972423688188,27.6893882499828,12.49
2395,MATO G. DO SUL,SCS19001,4d,B,58.01,104.9975874809824,27.04,25.02,25.9868371571398,4290.819,30.08,32.46,25.671491,161.502501744601,25.9033719846193,12.51
2396,PARANÁ,SCS19001,1,D,96.02,111.951380623661,25.743489,24.498124,25.736807001361,8409.915,28.37052,30.640997,23.003991,149.201813892331,25.713510722609,12.62883836
2397,PARANÁ,SCS19001,1,B,67.92,103.9971924177396,25.9012,24.33,24.7887137123748,5156.483,28.51,30.78,23.0,150.710485301829,24.7609752066704,12.625687
2398,MATO G. DO SUL,SCS19001,1/½,C,41.62,85.4189736664416,25.91,25.78,22.212579237002,2186.67,28.94,31.63,30.49,151.090752436994,22.2119002904172,12.56
2399,S. J. RIO PRETO,SCS19001,4d,D,62.34,74.58311481922931,26.53,26.77,21.09332658323401,3162.434,30.01,33.58,26.0,157.692203661318,21.11787191000281,12.78
2400,MATO G. DO SUL,SCS19001,3d,A,15.04863,70.4000026241295,27.1107,26.5112,20.82464919652434,190.04,30.6479,32.84,24.32,161.779699946828,20.74713486993609,12.5717914
2401,PARANÁ,SCS19001,2d,E,176.05,62.4984638829625,26.478596,26.180298,19.31146857182006,8296.273,29.762249,32.33363,26.17872,156.260648637668,19.28494115496202,12.6441864
2402,MINAS GERAIS,SCS19001,1/½,A,49.52,107.0623667377399,29.11,24.83,28.2651709488273,3578.74,32.5,34.68,30.3,180.926093785281,28.0585142789902,12.54
2403,GOIAS,SCS19001,4d,C,54.64,66.64071294559099,26.97,26.59,20.17971472795497,2341.88,30.5,33.9,28.9,161.690013363448,20.17916905101381,12.75
2404,RIB. PRETO,SCS19001,5d,E,37.89,49.1514098107377,29.0029,26.61,18.31681705870993,973.85,33.02,35.33,29.7,179.840463867004,18.23550985594739,
2405,RIB. PRETO,SCS19001,>5d,I,18.72,90.889880952381,26.34,24.65,23.3128089285714,542.14,29.13,32.18,25.45,155.70539293741,23.3369013410474,12.61
2408,MATO GROSSO,SCS19001,5d,B,49.6,96.1435106382979,27.45,25.58,25.000172393617,3175.796,30.76,33.17,24.17725,165.341806467249,24.9027179237727,12.49
2409,ARACATUBA,SCS19001,4d,B,24.1,51.5246280991736,27.892209,25.633419,18.28133650399339,490.248,31.315628,34.433678,28.80484,170.2463133094,18.25462668161934,12.6880484
2410,ARACATUBA,SCS19001,4d,B,99.0,54.3730114942529,26.68,24.66,18.22035808735632,3698.452,29.53,32.79,24.0,159.128040212126,18.2342581390353,12.75
2411,ASSIS,SCS19001,fr,E,16.474089,114.282274670888,25.68,23.46,25.9922151749775,469.62,28.01,30.9,25.454613,149.512592899874,26.065100797691,12.63
2412,MATO G. DO SUL,SCS19001,>5d,C,48.06,46.0307820299501,26.97,26.04,17.09440806988353,1239.15,30.32,33.07,23.93,161.10966833705,17.0743186217363,12.54
2413,ASSIS,SCS19001,>5d,D,27.85,74.4097791798107,25.12,25.31,20.18816302839117,1001.195,27.85,30.71,25.28983,143.935331862526,20.23405492755531,12.61
2414,SÃO CARLOS,SCS19001,1/½,I,69.75999999999999,128.575138504155,26.42,24.89,28.8101349722992,6745.38,29.29,32.373585,28.277548,156.458101030131,28.8402231356347,12.61
2415,S. J. RIO PRETO,SCS19001,1/½,D,22.31,119.150533462658,27.22,25.92,28.3083111930165,1116.722,30.59,33.71,29.0,163.86712791366,28.2726437713904,12.7
2416,SÃO CARLOS,SCS19001,3d,I,16.67,50.6595289079229,26.0,23.87,17.41233404710921,192.54,28.5,31.284557,25.3398695,152.327219123598,17.42498418427716,12.6
2417,PARANÁ,SCS19001,BIS,B,24.69,100.0464933018125,26.9283,26.01,25.1438446595745,1129.31,30.26,32.17,34.0,159.7915095513,25.0125241557733,12.535821
2418,MINAS GERAIS,SCS19001,5d,C,131.54,70.7677764764932,28.55,25.34,21.72606700685963,7037.1,32.01000000000001,35.21,26.9,176.579659665455,21.67198065179676,12.68
2419,ASSIS,SCS19001,1/½,A,34.32,58.4767025089606,23.66,24.9,17.4191835125448,1049.36,25.99,29.64,19.5,131.327680231657,17.54595709521111,12.92
2422,S. J. RIO PRETO,SCS19001,3d,I,64.78999999999999,98.6934457283577,27.029764,25.656433,25.0298202964402,4588.547,30.267788,33.210295,23.303611,161.930787464374,24.9980165860527,12.6882167
2423,S. J. RIO PRETO,SCS19001,3d,B,49.64,88.9421625929862,27.54,25.52,23.9568120669501,2908.103,30.85,33.79,23.0,166.759110752579,23.9075006622709,12.67
2424,PARANÁ,SCS19001,4d,D,12.98,73.6591836734694,27.596704,26.715879,21.61680036636735,72.426,31.319275,33.29525,26.656771,166.131150840335,21.50360093946745,12.52926326
2425,MATO G. DO SUL,SCS19001,2d,A,200.86542,71.340614073238,28.2128,26.6952,21.62077507846593,11219.39,32.0736,33.93,23.93,171.860288373688,21.48620767801956,12.5013529
2426,MINAS GERAIS,SCS19001,>5d,D,32.609823,59.7400024250572,26.74,25.33,19.03687635745343,995.913,29.82,32.03,23.0,158.432304343194,18.99067856445079,12.6
2427,MINAS GERAIS,SCS19001,>5d,B,74.389236,83.6245988330423,28.24,25.71,23.6318348504861,4480.604,31.76,34.0,24.0,172.63029618165,23.5050805244434,12.57
2428,MATO G. DO SUL,SCS19001,1,D,105.84,110.6942668371697,26.65,24.9,26.4587100916454,9273.47,29.58,32.4,23.03,158.329208368069,26.44185393675,12.57
2429,ARACATUBA,SCS19001,2d,I,39.26000000000001,78.9448642699927,27.649311,24.371256,22.476410008139,1836.917,30.595789,32.971134,27.450741,167.34328921172,22.3994354115328,12.6019704
2430,PIRACICABA,SCS19001,2d,D,48.07,105.1122262267813,27.713,26.71,26.6307241070141,3370.558,31.46,34.11,25.681,167.937566686252,26.5196939865441,12.62
2433,PARANÁ,SCS19001,>5d,E,26.91,26.8128772635815,26.4987,27.74,14.14767463581489,232.86,30.29,31.97,27.0,155.269101383622,14.12222761445921,12.499463
2434,S. J. RIO PRETO,SCS19001,4d,C,50.26,53.1536853110298,25.49,26.7,17.55163214845792,1586.54,28.7,32.29,26.4,147.974072220582,17.59583417862505,12.82
2436,RIB. PRETO,SCS19001,1,B,20.7,97.0931034482759,27.6691,24.3,25.3333234724138,752.31,30.6,33.04,21.3,167.611057256839,25.2414277928517,
2437,S. J. RIO PRETO,SCS19001,2d,E,32.6,118.647087378641,28.19,25.22,29.2661634466019,2208.93,31.53,34.02,25.44,172.478154406631,29.114527755367,12.5
2438,RIB. PRETO,SCS19002,1/½,B,23.72,128.633959044369,26.767447,25.6424,29.2238580858788,1378.95,29.946407,32.3,29.8,158.816988298455,29.1238466002195,12.608676
2439,S. J. RIO PRETO,SCS19002,>5d,E,13.72,52.7558139534884,25.89,26.34,17.66098255813954,82.1,29.09,31.84,26.59,150.887852907801,17.6604874935098,12.56
2440,S. J. RIO PRETO,SCS19002,>5d,C,37.88,67.8798299845441,26.28,25.77,19.97963972179289,1458.17,29.39,31.89,25.18,154.363048013043,19.9552229190503,12.53
2443,ARACATUBA,SCS19002,1,C,50.95,96.2244159178434,27.8078,25.67,25.3140272194608,3292.541,31.22,33.23999999999999,22.7,168.297168038791,25.1640376876802,
2444,ARACATUBA,SCS19002,1,B,18.99,90.1792560801145,27.9957,25.82,24.5053192648069,558.473,31.5,33.72,22.6,170.279217051141,24.3741514420011,
2445,MINAS GERAIS,SCS19002,3d,D,25.14,83.8873668188737,27.54,24.91,23.171296803653,956.6,30.65,33.35,23.8,166.592481777395,23.1132464449716,12.65
2447,PIRACICABA,SCS19002,5d,D,51.87,72.08444946074741,27.04,25.78,21.03670119889641,2407.567,30.32,32.81,26.0,161.526676990343,20.98422806665978,12.62
2448,MINAS GERAIS,SCS19002,4d,I,61.02,99.1466748266014,27.24,26.44,25.2811532435741,4283.93,30.78,34.07,26.4,164.147869267157,25.2591808885852,12.72
2449,RIB. PRETO,SCS19002,2d,I,12.47,55.6170212765957,26.81,27.78,18.45968085106383,32.5,30.69,35.13,24.885958,160.945636045136,18.49656497643679,12.69
2450,S. J. RIO PRETO,SCS19002,4d,D,71.35,86.9892165122157,27.11,24.72,23.3308706149958,4462.61,30.07,32.53,24.19,162.292996838125,23.2703540801639,12.52
2451,S. J. RIO PRETO,SCS19002,4d,B,23.54,74.4350086655113,26.8,25.77,21.24038128249567,732.5,30.03,32.93,23.08,159.702994861693,21.22183776411174,12.56
2452,RIB. PRETO,SCS19002,3d,I,45.37,103.6931375486964,27.122,26.05,25.8658362601139,3071.8,30.51,32.61,23.5,161.838853280729,25.7391945840089,
2453,MINAS GERAIS,SCS19002,1/½,I,15.61,110.9113573407202,28.84,23.98,28.6566725761773,369.07,31.88,34.62,,179.052084446399,28.5233484191899,12.63
2454,MINAS GERAIS,SCS19002,5d,I,210.28,86.0745410530563,27.45,26.02,23.4445165926972,14699.5,30.9,33.98999999999999,25.3,165.991142697671,23.4068232215657,12.7
2455,RIB. PRETO,SCS19002,4d,B,23.06,95.0741410488246,25.7061,25.07,23.3862248462929,930.8,28.49,31.74,22.9,149.911218757509,23.4568560392766,
2456,S. J. RIO PRETO,SCS19002,3d,I,41.53,83.6936335929563,26.75,26.04,22.5748109549611,2129.113,30.05,33.46,27.0,159.7185855573,22.5904821478148,12.75
2457,SÃO CARLOS,SCS19002,4d,I,124.93,71.0198352962012,25.79,25.2,20.13883528734614,6677.11,28.63,31.67,21.99,150.44326571348,20.17089874027781,12.61
2458,MINAS GERAIS,SCS19002,4d,C,21.53,86.5403987408185,28.42,24.72,24.2395334732424,722.37,31.63,35.08,23.5,175.688737772944,24.2014237829765,12.72
2460,ARACATUBA,SCS19002,4d,D,98.99,69.5312564662605,26.9656,25.18,20.60989771771468,5016.644,30.04,32.4,24.7,160.756293613124,20.55813647882696,
2463,PIRACICABA,SCS19002,>5d,I,60.74496,94.0154534950896,25.8977,25.0098,23.3982616803871,4009.84,28.7031,31.39,23.76,151.082101981901,23.4068816670959,12.68629855
2464,ARACATUBA,SCS19002,3d,C,103.85,62.3282525857376,25.03,27.23,18.55777131192161,4634.65,28.29,30.45,25.2,141.98368202042,18.54185158074788,12.62
2465,GOIAS,SCS19002,5d,D,76.63,49.2508587343339,28.76,26.25,18.24324392387436,2419.523,32.59,34.86,25.228714,177.534378158354,18.16629773645266,12.45
2466,S. J. RIO PRETO,SCS19002,2d,D,67.94,101.3205219878441,27.91,24.73,26.210895048266,5008.59,31.03,33.6,27.05,169.975319828705,26.1104380282965,12.52
2467,RIB. PRETO,SCS19002,1/½,B,49.7,102.9135809018568,26.41,24.56,25.1006470079576,3439.442,29.18,32.15,27.5,156.289810353173,25.1179033468567,12.72
2473,SÃO CARLOS,BULL24966928,5d,B,30.69,72.76565008025679,27.922,26.08,21.67510680577849,1147.71,31.5,33.85,23.7,169.686936044107,21.58194917788402,12.58
2474,SÃO CARLOS,BULL24966928,5d,A,51.48,60.065349544073,27.139,26.63,19.2766132674772,1909.62,30.72,33.226,23.415,162.370084914334,19.22759069237941,12.615
2478,S. J. RIO PRETO,BULL24966928,5d,B,34.28,82.0792639138241,27.2,25.6,22.6520481149013,1573.366,30.46,34.17,25.0,164.315064315144,22.674127590192,12.78
2481,SÃO CARLOS,BULL24966928,3d,A,41.13,41.6579128046687,27.561,26.53,16.6150678115345,875.935,31.21,33.52,23.64,166.170176544553,16.57236565303873,12.58
2482,PIRACICABA,BULL24966928,3d,B,18.35,107.8970078740157,26.77,25.57,26.1639880629921,620.946,29.93,32.81,24.0,159.428053751909,26.1379092314976,12.69
2491,S. J. RIO PRETO,BULL24966928,3d,I,42.32,65.3080474934037,27.74,25.82,20.39068667546174,1628.3,31.19,33.740236,24.717138,168.205027784852,20.32698503986336,12.5
2492,PIRACICABA,BULL24966928,4d,E,21.2,49.2880434782609,25.536,28.4,17.04730956521739,355.05,29.28,32.29,25.51,147.53275955111,17.05375143087047,12.72
2493,PIRACICABA,BULL24966928,4d,D,60.49,43.4461950917715,25.528,28.412,16.25404127201485,1536.826,29.274,32.29,25.51,147.461854634816,16.25975990833962,12.72
2496,PIRACICABA,BULL24966928,>5d,I,108.38571,105.7999004209234,26.6363,24.7017,25.7288348253076,9052.97,29.4967,32.1,24.72,157.986509117842,25.6935200180518,12.65524334
2497,MATO G. DO SUL,BULL24966928,3d,A,36.84512,70.3325820120813,26.5765,26.3544,20.50284881699102,1461.28,29.9387,31.98,25.69,156.569299123635,20.43310049755854,12.56143284
2498,MATO G. DO SUL,BULL24966928,3d,D,240.33,67.3152454780362,27.35,25.36,20.49089018087855,12642.13,30.57,33.29,22.4,164.757474439046,20.44981719720066,12.54
2499,MATO G. DO SUL,BULL24966928,5d,B,73.64,64.9029850746269,25.85,24.93,19.32706343283582,3272.94,28.62,31.11,23.7,150.413632416648,19.32249432986284,12.55
2500,RIB. PRETO,BULL24966928,>5d,I,21.62,150.326403326403,27.6623,25.12,33.6650962681913,1342.7,30.86,33.12,22.7,167.245289207686,33.47452248946639,
2501,PARANÁ,BULL24966928,3d,C,240.58,95.6593533992475,26.365847,24.963337,24.0183747105252,19134.855,29.251991,31.380451,24.17656,154.844075250018,23.95024297233,12.5875679
2502,PARANÁ,BULL24966928,4d,B,16.49,67.4209354120267,26.4031,26.05,19.98233274832962,260.84,29.63,31.36,25.0,154.593354860641,19.90265710991581,12.517642
2503,ARACATUBA,BULL24966928,5d,C,90.34,70.0876946642839,26.47,25.95,20.40528941792188,4562.59,29.68,31.72,22.6,155.606428546172,20.34176637321835,12.57
2504,MATO G. DO SUL,BULL24966928,3d,B,43.87,91.7985566363351,27.41,24.27,24.2969575776592,2555.18,30.28,32.06,25.367726,164.397493566309,24.1611000215866,12.43
2505,MATO G. DO SUL,BULL24966928,3d,E,117.46654,69.2698507033605,27.21,25.52,20.71074429198114,6052.053,30.44,32.83,22.703968,163.058253547099,20.65108362815275,12.5
2506,MATO G. DO SUL,BULL24966928,3d,B,176.45,97.3243721495895,26.47,24.41,24.3464366500456,14043.593,29.21,31.42,24.1474285,155.995587350914,24.2863330830282,12.51
2508,ARACATUBA,BULL24966928,4d,D,93.92,42.9988525390625,27.21,25.52,16.71492547119141,2551.426,30.45,33.53,24.0,163.791144030079,16.70535129052402,12.7
2509,ARACATUBA,BULL24966928,4d,I,21.5,123.008315789474,26.21,23.96,27.7742816736842,1066.579,28.77,31.16,24.0,153.818598382724,27.7430437540899,12.64
2510,MATO G. DO SUL,BULL24966928,4d,B,58.34,94.1537764350453,26.11,25.02,23.5918978549849,3819.006,28.96,31.25,26.916814,152.613950183359,23.5519670270123,12.52
2511,S. J. RIO PRETO,BULL24966928,1,I,23.83,59.6010143702451,27.58,26.55,19.41623803888419,575.12,31.24,33.57,22.127824,166.368892142274,19.3481158531832,12.47
2512,RIB. PRETO,BULL24966928,3d,I,209.45,98.2912636110408,24.59,23.74,22.86407008863,17050.21,26.8,29.53,23.96,139.061760221305,22.9643198461395,12.63
2513,PARANÁ,BULL24966928,1/½,C,13.69,99.8934911242604,20.338431,,19.32893811088757,160.54,22.053201,23.318439,28.572506,,,13.8968464
2514,ASSIS,BULL24966928,1,E,60.24,100.6262437810945,27.28,24.59,25.5420900497512,4287.33,30.23,32.65,23.755724,163.871903598371,25.4598363518081,12.51
2515,RIB. PRETO,BULL24966928,2d,A,24.62,103.743264659271,25.924176,25.0912,24.7744936393027,1169.8,28.758541,31.32,22.36,151.173447458571,24.7682264237348,12.66575164
2516,ARACATUBA,BULL24966928,2d,B,92.22,74.1193592620294,27.031844,24.923966,21.33768517806781,4995.215,30.040741,32.873966,27.669137,161.939268018709,21.31413125753991,12.67536616
2517,PARANÁ,BULL24966928,fr,E,80.63,80.9500509981058,26.514633,25.493568,22.0078468556879,4744.042,29.59356,32.088202,25.535731,156.607464649128,21.97069206226415,12.636994
2518,PARANÁ,BULL24966928,2d,B,50.34,56.5508868022953,24.6389,25.16,17.6307420320553,1720.081,27.23,29.46,27.0,138.661499916265,17.64288214497844,12.649011
2519,MINAS GERAIS,BULL24966928,3d,E,82.8302,125.60182521015,27.35,24.99,29.4378801697581,8058.44,30.44,32.75,24.0,164.360143426826,29.3083903825678,12.6
2520,PARANÁ,BULL24966928,2d,D,153.89,53.5782930439073,28.1121,25.67,18.69913615352738,5911.544,31.59,33.7,28.0,171.283082082106,18.62271866374654,12.544396
2521,MATO G. DO SUL,BULL24966928,4d,A,760.875,62.8951427140711,26.8457,26.128,19.55574020190286,38126.1,30.1968,32.36,24.2,159.283379863621,19.49600863756975,12.57543063
2522,PIRACICABA,BULL24966928,2d,D,12.82,94.8658536585366,28.5,24.31,25.6728658536585,79.95,31.59,33.95,26.0,175.389700494451,25.5394270104853,12.58
2523,PIRACICABA,BULL24966928,2d,B,25.37,124.886312640239,27.06,26.09,29.00067868362,1521.29,30.45,33.21,24.0,161.96216608815,28.9286759652344,12.66
2528,S. J. RIO PRETO,BULL24966928,1/½,I,34.65,108.2898896247241,26.946921,25.245724,26.3923737331947,2192.966,30.041964,32.990055,28.937326,161.21511869892,26.3679073098591,12.6881198
2529,MATO G. DO SUL,BULL24966928,fr,C,41.95,131.412687813022,25.83,24.34,28.5147747245409,3588.41,28.43,30.85,24.52,150.222261875346,28.5054918061305,12.55
2530,GOIAS,BULL24966928,>5d,C,43.2,73.9913782051282,28.65,25.72,22.3215644711538,1946.131,32.26000000000001,35.16,25.4,177.181933656205,22.2398557219362,12.64
2531,PIRACICABA,BULL24966928,3d,A,12.62,65.241935483871,26.98,26.1,19.97564193548387,45.01,30.35,32.5,40.1,160.54394964903,19.90876738373306,12.57
2532,PARANÁ,BULL24966928,5d,D,103.68,60.2254472076789,26.6869,26.62,19.08282320594459,4433.309,30.16,32.13,27.0,157.503757543214,19.01698377791917,12.546797
2533,ARACATUBA,BULL24966928,>5d,C,142.46,55.9421585160202,26.1,26.23,18.19584435075885,5744.694,29.31,32.17,29.0,153.001877841856,18.19592686718336,12.7
2535,RIB. PRETO,BULL24966928,1/½,C,24.97,128.242945258288,27.8728,24.561,30.4510102149576,1519.671,30.9276,33.94,26.1,170.113184363664,30.379542234599,
2536,ARACATUBA,BULL24966928,3d,E,85.67,123.233745079408,27.4623,24.66,29.1992953654133,8206.59,30.47,32.65,28.0,165.31664659883,29.0539847842039,
2540,RIB. PRETO,BULL24966928,5d,A,19.03,43.3186344238976,26.73,25.08,16.61323485064011,232.17,29.73,32.37,26.8,158.858135439836,16.59939625601545,12.66
2541,GOIAS,BULL24966928,2d,I,242.01,105.8684405025869,27.82,25.07,26.8499872875092,21602.68,31.03,33.49963,23.519461,168.973103020426,26.7348203813793,12.5
2546,S. J. RIO PRETO,BULL24966928,2d,C,60.57,84.5645460160593,28.08,24.76,23.6683789993823,3536.46,31.24,33.65,28.2,171.409171505578,23.5674541610984,12.5
2547,S. J. RIO PRETO,BULL24966928,2d,B,79.77,90.4422310756972,27.82,24.47,24.4095609561753,5328.03,30.84,33.23999999999999,28.41,168.972173585393,24.3132475128399,12.5
2548,RIB. PRETO,BULL24965902,5d,A,43.12,73.2047236503856,27.656,24.39,21.58221153470437,1916.691,30.6119,33.9,22.78,168.379603742963,21.57117043164485,
2549,ASSIS,BULL24965902,2d,I,14.25,97.9071111111111,27.04,25.0,24.9204295111111,205.291,30.07,33.26000000000001,25.1,162.38489661804,24.919132023199,12.6
2550,ARACATUBA,SCS123,4d,C,80.92,87.2511607661056,27.07,25.74,23.3403499274521,5198.31,30.35,32.41,23.5,161.336222259778,23.2377240694734,12.56
2551,GOIAS,SCS123,>5d,C,16.2,45.8797619047619,27.6,26.2,17.28524285714286,154.295,31.14,34.13,28.588543,167.281115071628,17.26088720693268,12.55
2553,ARACATUBA,SCS19003,1/½,I,17.41,123.274306839187,27.42,25.38,29.1584981146026,613.994,30.65,33.37,31.700811,165.417552013953,29.0714317573175,12.65
2555,ARACATUBA,SCS19003,2d,D,61.42,108.5497369486038,27.74,24.87,27.1969285957102,4783.488,30.87,33.61,32.0,168.530866845887,27.1130140183074,12.65
2556,ARACATUBA,SCS19003,1/½,I,64.91,121.888300888301,26.58,24.75,28.0217142695143,5826.19,29.44,32.51000000000001,29.7,157.969019161574,28.0402874979972,12.73
2557,ASSIS,SCS19003,2d,B,35.5,128.781276595745,25.99,25.17,28.3377005957447,2756.36,28.86,30.95,24.6,151.219998430683,28.2582891443927,12.59
2558,MATO G. DO SUL,SCS19003,5d,A,14.36,85.9491525423729,25.93,25.06,22.3011169491525,186.52,28.76,31.58,25.21,151.530886416764,22.3181908040058,12.59
2559,S. J. RIO PRETO,SCS19003,3d,B,276.77,75.6457680250784,27.21,25.43,21.68052131661442,16863.49,30.41,33.35,24.5,163.660815138422,21.65256905879432,12.68
2560,PARANÁ,SCS19003,2d,C,67.66,63.9363995688106,26.389008,24.820875,19.47313268886813,2902.78,29.236694,31.36556,26.314426,155.081084404196,19.43111637035505,12.58798534
2561,MINAS GERAIS,SCS19003,5d,C,15.8308697,74.0999978151176,28.53,25.94,22.2651296388389,249.897,32.2,34.65,24.0,175.569516738534,22.1576666320828,12.59
2562,S. J. RIO PRETO,SCS19003,fr,B,28.46,119.722904009721,26.61,25.27,27.7383162758202,1785.119,29.64,32.63,,158.084321850806,27.7366273800595,12.71
2563,RIB. PRETO,SCS19003,5d,I,47.28,73.3803854875283,26.91,25.1,21.15181547619048,2177.5,29.95,32.42856,24.528322,160.374349159957,21.10727474789928,12.52
2564,MINAS GERAIS,SCS19003,5d,I,119.47,77.3601004931609,26.34,25.27,21.37263841071927,7036.25,29.31,32.59,23.2,155.857233239387,21.40252322119444,12.76
2565,GOIAS,SCS19003,2d,I,387.94,127.520987391605,27.03,25.43,29.3628044049582,43440.96,30.2,32.81,26.3,161.608691328798,29.2829437446686,12.64
2566,PIRACICABA,SCS19003,4d,I,20.57,52.2287047841307,24.2416,25.4659,16.92463712485414,356.76,26.8314,29.69,21.9,135.685977310889,16.97572666717642,12.76526743
2567,MINAS GERAIS,SCS19003,3d,A,83.688286,115.546317176561,27.24,26.55,27.7804587377079,7435.058,30.82,33.34,22.0,163.350006573185,27.6717357853015,12.62
2568,S. J. RIO PRETO,SCS19003,2d,I,35.53,106.8689332766681,25.807368,26.015861,25.098902735184,2244.266,28.895624,31.686068,30.22839,150.201871328786,25.1110641098012,12.7001774
2569,S. J. RIO PRETO,SCS19003,2d,I,14.17,110.9506912442396,27.56,24.84,27.3967275576037,226.723,30.64,33.21,22.0,166.652467485322,27.3029685602999,12.62
2570,GOIAS,SCS19003,3d,C,199.57,81.5024257610492,27.81,26.09,22.9883335128219,13048.57,31.37,35.45,29.2,170.309641135932,23.0029040803084,12.81
2571,ASSIS,SCS19003,1/½,B,23.03,135.838621940163,26.05,26.09,29.3993263825929,1377.94,29.21,31.38,30.9,151.769053539107,29.3088069801639,12.59
2572,RIB. PRETO,SCS19003,2d,B,31.86,96.2190835850957,27.6126,24.408,25.1487886438066,1684.591,30.5668,33.7,26.23,167.807985314574,25.1220057384335,
2573,PARANÁ,SCS19003,3d,D,84.34,68.6161736245507,27.1451,25.16,20.57457611161183,4107.614,30.25,32.34,25.0,162.149941628584,20.50091516496005,12.563604
2574,PARANÁ,SCS19003,3d,D,73.5,46.1626016260163,26.0205,25.48,16.78976756097561,2113.0,28.99,31.43,27.056456,151.885438820313,16.77885051969882,12.641808
2575,MINAS GERAIS,SCS19003,4d,I,15.15,45.3396825396825,26.9,25.22,16.9676126984127,117.02,29.97,33.5,24.6,161.383074397519,16.98038427721505,12.78
2576,ARACATUBA,SCS19003,3d,C,25.57,106.7803979366249,26.86,25.26,26.0843671333825,1298.17,29.94,33.11,27.7,160.629172710476,26.0871321344903,12.73
2577,PIRACICABA,SCS19003,2d,I,113.05105,105.5511308393134,26.8002,24.0239,25.8457544664801,9465.44,29.4851,31.96,25.05,159.477864069001,25.7967209574216,12.636296
2578,RIB. PRETO,SCS19003,2d,B,15.67,87.5340599455041,27.476435,25.2992,23.689979690327,289.21,30.694849,33.04,21.54,165.557048165172,23.5987872811627,12.5933133
2579,GOIAS,SCS19003,>5d,E,15.97,62.2455919395466,27.48,26.21,19.77801763224181,211.475,31.0,34.21,28.622133,166.365247825498,19.75617325188696,12.57
2580,RIB. PRETO,SCS17,>5d,I,36.67,59.4207539521686,27.279913,25.988,19.24584994783543,1181.87,30.682764,33.29,22.39,163.892414125654,19.20285279745353,12.63104784
2581,ASSIS,SCS17,5d,A,15.59,95.3955431754875,26.08,25.67,23.7420924791086,311.39,29.12,31.09,24.4,151.864560378046,23.6640809837279,12.57
2582,ASSIS,SCS17,5d,D,37.14,73.54057279236281,26.6,25.68,20.98492362768496,1559.13,29.76,32.21,23.7,157.337607262337,20.94415959919568,12.63
2583,MATO G. DO SUL,SCS17,>5d,I,98.69,59.0486792017534,26.81,25.24,18.96790938977968,4090.65,29.87,31.67,24.1,158.623972532894,18.89846424698683,12.53
2584,ASSIS,PT35001499,1/½,D,64.52000000000001,131.073876618431,25.25,24.01,27.7772886519421,6265.76,27.65,30.25,28.4,145.039014195556,27.8414711617593,12.7
2586,MINAS GERAIS,AIC456PS321974039,4d,I,57.69,89.5381921645874,29.98,27.42,25.9413669511928,3554.72,34.55,38.33,24.2,190.307694925621,25.8256563135675,12.7
2587,GOIAS,AIC456PS321974039,2d,I,60.38,83.8110789582472,27.26,25.08,22.9583706490285,3486.22,30.36,32.757706,23.940203,163.595311796474,22.8862229051167,12.51
2588,GOIAS,AIC456PS321974039,1,I,29.19,133.4845840605,27.28,25.38,30.5628444444444,2100.32,30.49,32.948107,24.454935,163.811275604918,30.4427296725574,12.51
2589,S. J. RIO PRETO,AIC456PS321974039,5d,B,21.95,91.8251256281407,27.18,26.0,24.1174540703518,806.26,30.57,33.6,,163.386267938083,24.0844278565329,12.69
2590,ARACATUBA,AIC456PS321974039,2d,I,91.79,97.6682541671889,28.05,24.38,25.7497547938338,6847.47,31.08,33.78,24.8,171.484356713874,25.6627464066548,12.64
2591,RIB. PRETO,PS32187365,5d,B,35.72,65.32588532883639,25.08,25.21,18.9750258010118,1276.89,27.78,31.1,23.6,144.105341008156,19.04463426592777,12.81
2592,RIB. PRETO,PS32187365,2d,A,37.66,101.4177708495713,26.74,25.04,25.1801794232268,2306.46,29.73,32.55,26.9,159.15692821024,25.15844448563,12.68
2593,PARANÁ,BULL24988082,2d,B,19.94,130.045843828715,26.268,24.85,28.8427809974811,949.284,29.1,30.93,26.0,153.566098920382,28.7112896045959,12.542681
2594,S. J. RIO PRETO,BULL24988082,1/½,I,12.47,165.702127659574,26.69,24.97,34.5788425531915,84.24,29.64,32.23546,30.551218,158.447480562731,34.5092893528759,12.54
2595,PARANÁ,BULL24988082,fr,E,87.28,70.76086609989369,24.869818,24.69006,19.56241652228002,4435.518,27.381352,30.091383,24.001486,141.506016785359,19.60988571145506,12.7247819
2596,MINAS GERAIS,BULL24988082,3d,I,45.85,76.7683899556869,26.73,24.74,21.54038384047267,2204.41,29.62,32.81,24.6,159.509406173947,21.55394674120602,12.74
2597,PARANÁ,BULL24988082,fr,C,24.04,67.86171096345521,26.2323,25.06,19.95040628945183,684.575,29.12,31.66,26.0,154.05564146229,19.93547118409465,12.654156
2598,GOIAS,BULL24988082,5d,C,15.58,87.9050279329609,27.21,25.1,23.5451547486034,283.74,30.31,33.56,25.6,164.030721955494,23.5398961967,12.73
2599,PARANÁ,BULL24988082,4d,C,45.24,47.3548134777377,27.1,25.33,17.33857683513839,1187.194,30.25,32.54,26.0,161.929679962986,17.30073586986829,12.593445
2600,GOIAS,PT35022994,1/½,C,481.76,107.2615505790191,25.66,25.32,25.012727809094,44762.066,28.498562,31.544184,29.37,149.212638589715,25.0710887110948,12.7415671
2601,GOIAS,PT35022994,2d,C,169.88,122.437230808209,25.3,24.34,26.6881516974918,17447.83,27.815667,30.935911,26.46,146.079153190937,26.8073303875166,12.78126055
2602,RIB. PRETO,PT35022994,2d,B,375.5,99.5343191196699,26.13,24.97,24.3685992916094,31830.725,28.97,32.12,23.63,153.793255236585,24.411776052896,12.75
2603,RIB. PRETO,PT35022994,4d,A,70.62,98.1947628795633,25.8,24.84,23.8948772773797,5064.737,28.54,31.41,24.42,150.399968030917,23.9293524269641,12.72
2604,RIB. PRETO,PT35022994,3d,D,13.28,91.8671875,27.31,25.22,24.22766640625,114.23,30.47,33.36,26.1,164.580474035488,24.1861733286312,12.68
2605,RIB. PRETO,PT35022994,3d,A,408.6,98.4914019162885,27.28,25.19,25.2158862128089,34314.49,30.43,33.09,24.72,164.055422864764,25.1514866925475,12.64
2610,SÃO CARLOS,BULL24985476,4d,D,14.31,57.2632034632035,26.528,26.89,18.5758381991342,116.558,30.05,32.47,22.9,156.468143864449,18.53909098968791,12.62
2611,RIB. PRETO,BULL24985476,1/½,C,23.07,104.7644083107498,27.1003,24.96,26.0077039481481,1038.902,30.1312,33.46,31.87,163.102049392325,26.0168922064207,
2612,S. J. RIO PRETO,BULL24985476,2d,I,40.8,104.1343402777778,26.456597,25.480006,25.319490272567,2665.469,29.513943,32.694302,27.283967,156.81361378436,25.3423067692629,12.7352142
2613,MINAS GERAIS,BULL24985476,2d,A,167.03,111.3091014642327,26.14,23.87,26.0423069470425,15407.89,28.66,30.78,24.3,152.836387090624,25.9863350554388,12.6
2614,PIRACICABA,BULL24985476,3d,B,30.92,106.4857293868922,26.79,25.01,25.9744393763214,1799.67,29.77,32.14,25.0,159.130713249112,25.901752756556,12.61
2615,MINAS GERAIS,BULL24985476,fr,D,61.63,87.4577876284505,26.03,24.69,22.5867276042716,3756.97,28.77,33.3,,154.331643877794,22.7400309565388,12.95
2616,SÃO CARLOS,BULL24985476,2d,A,21.68,93.5552685950413,25.406,24.61,22.9332993078512,801.455,28.0,30.47,23.64,146.255569730903,22.9492490497841,12.67
2618,RIB. PRETO,BULL24985476,4d,A,30.64,99.7151287553648,24.799256,23.4776,23.2268838801288,1647.01,26.978473,29.59,23.37,140.908705745054,23.3072437221149,12.72024035
2619,RIB. PRETO,BULL24985476,4d,A,22.57,113.321665089877,27.8488,24.541,28.0582680567644,1082.97,30.8954,34.03,23.93,170.015125213733,28.0103555960408,
2620,RIB. PRETO,BULL24985476,2d,C,39.51000000000001,120.843293347874,27.5649,24.419,28.9413497663032,3006.279,30.5185,33.58,24.23,167.281038853236,28.9012996632653,
2621,RIB. PRETO,BULL24985476,2d,B,100.25,108.0398413597734,27.8321,24.556,27.2051237239207,8487.516,30.8795,34.06,23.21,169.902548396676,27.1649356983207,
2627,MATO G. DO SUL,BULL24975201,2d,C,207.06375,86.3724500323612,26.1,24.5,22.4865154545629,14519.369,28.79,31.29,26.453767,152.840952276949,22.4746866857276,12.55
2628,ARACATUBA,BULL24975201,3d,D,24.43,26.5231697506034,24.92,28.48,13.87639353177796,192.523,28.52,32.31,27.0,142.531433787977,13.89573017069243,12.85
2629,MATO G. DO SUL,BULL24975201,3d,C,341.63943,113.823104111059,26.18,24.68,26.4385161629481,33576.91,28.94,31.29,26.098925,153.391465858366,26.3969179485115,12.52
2630,S. J. RIO PRETO,BULL24975201,3d,C,17.02,87.5498007968128,27.26,25.02,23.5288996015936,391.26,30.34,33.18,26.36,164.085259783999,23.4900110808127,12.56
2631,RIB. PRETO,BULL24975201,>5d,C,37.65,86.7594541910331,28.1327,25.16,24.0607184662768,1929.58,31.44,34.35,23.8,172.376997494864,23.9896967975127,
2634,ARACATUBA,BULL24975201,>5d,C,47.74,58.61751538892,25.24,26.95,18.17215903749301,1678.11,28.47,30.99,24.0,144.423158062243,18.17323860881599,12.67
2636,ARACATUBA,BULL24975201,2d,B,23.89,98.3629100084104,26.69,24.86,24.6867114802355,1038.855,29.61,32.64,25.0,158.942432503067,24.6903760746793,12.72
2637,S. J. RIO PRETO,BULL24975201,2d,I,344.02,137.237925426179,26.737154,25.20875,30.4565059364612,41593.496,29.771727,32.857525,24.571775,159.393168059609,30.4592145897776,12.71941257
2638,ARACATUBA,BULL24975201,3d,B,46.09,73.01141097095919,26.586923,25.280237,20.89968753954737,2091.879,29.61793,32.362486,27.378698,157.597298488931,20.88309661436957,12.67242604
2639,S. J. RIO PRETO,BULL24975201,fr,B,23.65,135.829012875536,26.92,24.9,30.47528872103,1454.608,29.9,32.91,26.0,161.079266087852,30.4603383598682,12.7
2640,GOIAS,BULL24975201,2d,C,51.68,92.703125,24.65,26.18,22.2089453125,3214.3,27.52,31.79,29.9,140.932918595739,22.4052894460467,12.95
2641,GOIAS,BULL24975201,4d,D,42.1,74.6810631229236,27.78,26.23,21.89107176079734,1898.7,31.38,35.65,25.5,170.173483792727,21.91448212198463,12.83
2642,GOIAS,BULL24975201,2d,C,18.32,118.522151898734,27.29,25.7,28.2872370253165,685.22,30.6,34.02,24.3,164.861139163205,28.2830974853565,12.74
2643,MINAS GERAIS,BULL24975201,1,C,51.90866,92.0299985015784,27.54,25.26,24.4366617671453,3205.89,30.76,32.87,26.0,165.903033879205,24.3168595707412,12.57
2644,S. J. RIO PRETO,BULL24975201,1/½,I,141.77,167.718740849195,27.44366,25.252385,36.0486728930307,20219.621,30.641417,33.764694,29.857603,166.078209951618,35.9928648459638,12.7009982
2645,ASSIS,BULL24975201,5d,B,19.97,85.7691342534505,25.87,25.57,22.2317789209536,599.94,28.84,30.79,25.4,149.864499129478,22.1701447450672,12.57
2646,ARACATUBA,BULL24975201,2d,I,510.57,104.3959002747859,27.04278,24.248622,25.8989120073554,46077.824,29.842562,32.899021,26.219402,162.384059071764,25.8948705249122,12.7104297
2647,ARACATUBA,BULL24975201,2d,C,43.95,113.000594679186,27.08,24.35,27.2308896776213,3238.969,29.92,33.2,31.0,162.95655716657,27.2467020445462,12.74
2648,MATO G. DO SUL,BULL24975201,5d,B,38.82,96.3594332587621,27.64,24.96,25.1938153616704,2274.52,30.78,33.1,25.5,167.119801306392,25.085818525419,12.49
2649,MATO G. DO SUL,BULL24975201,4d,D,50.71,96.4083440971325,26.2,24.77,23.9859848617928,3279.447,28.99,31.51,24.740375,153.76901036092,23.9664874088545,12.55
2650,PIRACICABA,BULL24975201,2d,I,23.57,136.548833189283,26.574,23.824,30.1517469490061,1453.03,29.1577,31.72,24.09,157.474674416438,30.1187009571581,12.6566736
2651,MATO G. DO SUL,BULL24975201,1,C,93.3,131.509471094711,24.9,24.18,27.4167217712177,9728.12,27.28,29.83,23.531225,141.666601430205,27.4963869555724,12.59
2652,GOIAS,BULL24975952,4d,C,30.34,73.8358778625954,27.24,25.56,21.42378778625954,1146.07,30.49,33.98,24.3,164.483044355673,21.4289229068941,12.76
2653,GOIAS,BULL24975952,2d,C,95.02,101.7658395567333,28.15,25.92,26.4971830884124,7464.36,31.72,34.79,28.1,172.593112364432,26.4157755584221,12.67
2654,GOIAS,BULL24975952,fr,C,58.96,113.768739352641,27.11,25.69,27.377256516184,4791.06,30.38,33.64,,163.008027513492,27.3678965921769,12.73
2656,GOIAS,SCS19007,2d,C,14.01,102.5323383084577,28.15,25.92,26.6209726368159,193.97,31.72,34.79,26.1,172.593112364432,26.5388699785849,12.67
2657,MINAS GERAIS,BULL24987935,fr,D,234.14,79.5310164760962,27.39,24.14,22.3930234356712,15013.34,30.22,33.14,,165.523387628535,22.3675904194087,12.69
2658,GOIAS,BULL24987935,1/½,E,187.03,93.2543906758841,27.46,25.51,24.5619287984917,14233.956,30.74,33.65,30.8,165.976193057768,24.5112417455013,12.67
2659,GOIAS,BULL24987935,3d,D,342.67,93.3459884476971,26.99,24.05,24.1937636683098,26910.678,29.72,32.68,24.4,161.811969550214,24.1866027443585,12.7
2660,PARANÁ,BULL24987935,>5d,E,23.87,27.5410278011794,27.2685,26.86,14.37288182982308,196.472,30.96,33.26000000000001,26.0,163.349087481678,14.3521203762359,12.582126
2661,MINAS GERAIS,BULL24987935,3d,I,57.26,101.9555899248785,27.07,24.37,25.5563074016792,4083.39,29.91,33.22,25.6,162.891736223458,25.5735551467703,12.75
2662,MATO G. DO SUL,BULL24975033,1/½,E,42.2,63.7701986754967,27.24,25.3,19.8897782781457,1575.46,30.41,32.95,27.21,163.533820211418,19.84493597840208,12.52
2663,S. J. RIO PRETO,BULL24975033,2d,D,49.81,117.779952393547,26.97,24.83,27.8352588733139,4011.54,29.93,32.61,25.93,161.202878837868,27.7826734204498,12.55
2664,S. J. RIO PRETO,BULL24975033,2d,I,47.83,97.7049958135641,27.7,24.38,25.4556843427296,3082.81,30.66,33.02,25.9,167.804576831628,25.3532306050888,12.5
2665,S. J. RIO PRETO,BULL24975033,1/½,I,15.6,125.477777777778,26.55,24.35,28.5110166666667,420.52,29.29,31.73,22.78,157.031657371603,28.4578701859576,12.53
2666,SÃO CARLOS,VIC456654,3d,B,140.52,74.5724556489262,25.29,26.207,20.3158793557423,8053.812,28.308,30.88,23.298,145.060084457814,20.32589623337894,12.679
2675,PARANÁ,VIC456654,fr,B,56.42,87.7042548401621,24.378872,25.1569395,21.37133280521747,3374.783,26.917053,29.231594,24.860044,136.329161831449,21.41224655135175,12.67556244
2676,RIB. PRETO,VIC456654,3d,C,21.56,84.6391213389121,27.3046,26.37,23.1171269644351,706.43,30.84,33.09,23.4,163.696111109879,23.0190722215516,
2677,RIB. PRETO,VIC456654,4d,C,37.67,27.1008959875341,27.2691,27.59,14.30577090923257,399.64,31.21,33.52,24.3,163.278207596932,14.28443647810186,
2678,RIB. PRETO,VIC456654,>5d,B,14.25,121.244444444444,25.9173,26.33,27.2038770666667,257.8,29.12,31.45,22.7,150.671681452155,27.1491108004176,
2684,RIB. PRETO,VIC456654,1/½,I,40.2,117.597163120567,26.4156,26.7,27.2224646468085,2989.84,29.85,32.18,24.0,155.330965634692,27.135343358355,
2687,ARACATUBA,VIC456654,5d,B,75.47999999999999,52.2576717076244,25.3987,26.9,17.39400465908948,2567.557,28.65,31.12,23.3,145.867232120782,17.38918308312678,
2689,RIB. PRETO,VIC456654,5d,C,83.14,82.4044138318808,27.3126,26.52,22.7807462724206,5020.57,30.9,33.27,23.9,163.882257849866,22.6931813353824,
2690,RIB. PRETO,VIC456654,5d,A,17.97,114.254606365159,27.9762,25.86,28.3364004221106,622.46,31.49,33.83,23.9,170.21659451182,28.1783755922421,
2691,RIB. PRETO,VIC456654,5d,D,49.11,108.5039073026139,25.6326,25.48,25.1559916669361,3593.26,28.52,31.0,22.9,148.277472112737,25.1513085362021,
2692,S. J. RIO PRETO,BULL24036152,3d,I,12.20757,95.3453774630245,26.38,24.93,23.9850652791829,29.3,29.26,31.516867,27.339307,155.134979332272,23.9296388806104,12.51
2693,PARANÁ,BULL24036152,2d,E,30.3,89.605737704918,24.6377125,25.553274,21.80759001465164,1432.185,27.379901,30.231628,28.887926,139.358373925655,21.88374056139927,12.7993701
2694,PARANÁ,BULL24036152,fr,D,165.22,97.0768698603316,25.029224,25.263259,23.0848559462911,13047.478,27.728725,30.67498,24.024967,143.193114588489,23.1614995364164,12.7521954
2695,PARANÁ,BULL24036152,1,E,20.55,75.8159064327485,25.6206,24.73,20.69210935157895,557.626,28.29,31.01,21.0,148.557189085751,20.7145208014154,12.701833
2696,ARACATUBA,BULL24036152,4d,B,27.94,69.4715181932246,26.11,24.97,20.10923121706399,928.096,28.95,31.36,24.0,152.762387514074,20.08982811493682,12.64
2698,ARACATUBA,VIC450470,5d,C,99.08,55.6172714745062,26.9162,25.4,18.50603944768029,3810.192,30.05,32.39,25.5,160.238741323314,18.46576942333809,
2699,RIB. PRETO,VIC450470,5d,B,58.23,98.3900497512438,25.24,24.27,23.4380425870647,4005.812,27.71,30.66,24.0,145.331648893627,23.5185277813358,12.75
2700,GOIAS,BULL24036088,1,C,112.55,69.596718050721,24.99,28.47,19.48181367478866,5803.35,28.6,32.51000000000001,,143.305726852357,19.56277892796019,12.87
2701,ASSIS,BULL24036088,2d,I,267.49,107.7,27.1,26.26,26.4507,24462.393,30.55,33.86,27.16,162.876544765088,26.4388853340189,12.59
2702,MINAS GERAIS,BULL24036088,2d,I,32.07,166.89586447434,25.9909,26.51,33.6713255027404,3120.76,29.266052,31.62396,24.0,151.374973638027,33.5886070277506,12.6233
2703,PARANÁ,BULL24036088,3d,D,18.85,93.1033576642336,25.4561,26.15,22.9133489106569,567.558,28.5,30.35,25.0,145.758654125903,22.8482759662596,12.556744
2717,ARACATUBA,VIC457870,5d,D,24.54,62.8102073365231,26.1347,24.68,19.18187037639553,649.16,28.89,31.34,24.6,153.082686873231,19.16844057162265,
2718,S. J. RIO PRETO,VIC457870,5d,D,64.16,63.0621357361963,27.19,25.13,19.75633841832822,2675.401,30.3,33.32,26.0,163.598279151473,19.7409319074063,12.7
2719,S. J. RIO PRETO,VIC457870,5d,B,32.5,82.8063414634146,26.02,25.17,21.92704907317073,1463.53,28.9,31.97,24.0,152.640153363151,21.95821472249828,12.74
2720,S. J. RIO PRETO,VIC457870,3d,C,38.02,115.95242121445,27.6239805,25.713573,28.2415060198236,2716.842,31.012978,33.92454499999999,24.128526,167.495870498749,28.1641722271936,12.67
2722,S. J. RIO PRETO,VIC457870,4d,I,43.87,98.2110448697835,27.537421,25.932767,25.3949729899172,2759.546,30.977484,34.012642,24.625785,166.773417211955,25.3431780159096,12.6825157
2723,S. J. RIO PRETO,VIC457870,1/½,I,21.61,140.553798126951,27.75,25.89,32.2472232049948,1247.402,31.22,33.81,30.0,168.332890587744,32.0971868572196,12.61
2724,RIB. PRETO,VIC457870,5d,A,20.49,71.0517078916372,26.27,24.31,20.42667871613663,513.3489999999999,28.94,31.97,24.5,155.079913706814,20.44911326937543,12.73
2725,PARANÁ,VIC457870,3d,E,22.36,57.7156370656371,26.2243,25.72,18.50272936312741,485.614,29.31,31.79,26.0,153.821138631191,18.48344370189895,12.640779
2726,RIB. PRETO,VIC457870,2d,I,63.59,104.060670672611,27.45,24.31,26.2233736189184,4761.41,30.34,32.948353,24.406057,165.7258120069,26.1521013530469,12.54
2728,S. J. RIO PRETO,VIC457870,>5d,C,57.98,69.25321879077859,27.5,25.85,20.87424891257068,2644.503,30.9,34.18,26.0,166.677754579081,20.85579932498248,12.72
2729,RIB. PRETO,VIC457870,3d,B,51.01,109.2362727505768,26.95,25.07,26.5368227762112,3805.187,29.99,32.67,25.1,160.979373313985,26.4861989777686,12.66
2732,PIRACICABA,VIC457870,2d,B,19.39,138.677943166441,27.82,25.18,32.040450608931,948.15,31.07,33.42,27.0,168.829949342714,31.8668954096322,12.59
2734,S. J. RIO PRETO,VIC457870,3d,C,39.67,93.6199132634622,27.32,25.38,24.5041707119624,2270.423,30.53,33.87,25.0,165.114408115467,24.4971847097708,12.73
2736,GOIAS,VIC457231,>5d,I,123.92,124.089885632595,25.56,25.53,27.1993884917798,12557.1,28.45,31.99,23.4,148.778704388584,27.3315093318909,12.81
2737,S. J. RIO PRETO,VIC457231,>5d,C,88.22,51.5279454211493,25.91,26.21,17.49833720808187,3024.82,29.08,31.97,23.77,151.248431899336,17.50420441609758,12.58
2739,RIB. PRETO,BULL24015935,5d,I,13.06,78.622641509434,27.9291,24.06,22.6123871886792,82.62,30.83,33.1,24.0,169.912213634225,22.5205287989141,
2740,MATO G. DO SUL,BULL24015935,3d,C,13.93,97.0352331606218,28.81,24.64,26.2944226943005,176.118,32.07,33.84,26.703039,177.654094981353,26.0864345907511,12.41
2741,S. J. RIO PRETO,BULL24015935,1/½,I,15.61,125.454293628809,26.55,24.35,28.5075997229917,421.57,29.29,31.73,32.09,157.031657371603,28.4544642409107,12.53
2748,PARANÁ,VIC450618,4d,D,33.31,43.3745659314876,27.664848,26.053275,16.91477806382731,680.592,31.175629,33.337057,26.008406,167.051901006028,16.86468609091612,12.55839854
2749,S. J. RIO PRETO,VIC450618,3d,C,24.61,72.49008723235531,27.06,26.34,21.1098071371927,774.78,30.53,33.13,23.7,161.75988198846,21.05898832538917,12.51
2750,RIB. PRETO,VIC450618,4d,D,36.34,79.2695152013147,27.0906,25.49,22.1513734609696,1649.34,30.29,32.58,25.3,161.820916677324,22.0783804319001,
2753,ARACATUBA,BULL24975242,3d,D,83.03,93.2527242010418,26.9205,24.49,24.1233127144164,5783.381,29.77,32.12,24.9,160.407211767639,24.0584902472016,
2755,ARACATUBA,BULL24975242,2d,D,28.01,100.4184884447221,26.82,24.21,25.1036199875078,1427.58,29.57,32.35,27.0,159.986762086414,25.0847658135094,12.68
2756,PIRACICABA,BULL24975242,1/½,C,22.02,148.996007984032,25.29,24.5,30.2067694610778,1384.7,27.83,31.03,29.0,146.055164650915,30.3650224068174,12.79
2758,MATO G. DO SUL,BULL24975242,fr,C,14.82,93.0556737588653,26.54,26.15,23.785494964539,240.577,29.83,32.12,23.658361,156.531068115988,23.7150631052299,12.49
2759,RIB. PRETO,BULL24975242,1/½,I,15.92,109.8877551020408,25.77,23.84,25.479143877551,395.72,28.22,31.263727,26.36,150.477517812661,25.5552533507842,12.64
2760,ARACATUBA,BULL24975242,1/½,I,144.49,120.764661483886,26.11,25.25,27.3466937353763,14422.23,29.03,31.4,,152.678306055392,27.3008283362412,12.63
2761,ARACATUBA,BULL24975242,1/½,I,102.99,104.7290911089131,26.09,24.83,25.0655289372459,8449.42,28.88,31.38,,152.699958171898,25.0469792403421,12.66
2762,MATO G. DO SUL,BULL24975242,3d,I,339.09,71.08058944021519,27.29,24.99,21.03342212540891,19336.67,30.37,32.46,23.488473,163.542577774561,20.95322482021072,12.47
2763,MATO G. DO SUL,BULL24975242,3d,D,26.25,31.9642105263158,27.4,27.95,15.07448842105263,296.49,31.5,33.95,25.557009,164.617762249566,15.04689313560555,12.47
2764,GOIAS,BULL24975242,3d,C,88.81,81.9682333029553,27.21,25.77,22.6421682853795,5386.26,30.52,34.14,29.6,164.294786518692,22.6557971539636,12.77
2765,S. J. RIO PRETO,BULL24975242,2d,B,21.48,139.024050632911,25.53,25.07,29.1863540506329,1216.188,28.28,31.65,24.243353,148.394069635204,29.325327207371,12.8
2766,S. J. RIO PRETO,BULL24975242,1,I,15.35,98.1438805970149,26.75,26.04,24.7062223880597,300.582,30.05,33.46,23.0,159.7185855573,24.725052196208,12.75
2767,MATO GROSSO,BULL24975242,2d,I,29.6,92.2788068181818,27.7,25.27,24.6037726704545,1424.907,30.96,33.19,25.287476,167.550869248031,24.4874381827629,12.47
2768,SÃO CARLOS,BULL24975242,1/½,I,42.83939,114.025040054294,25.65,24.17,25.9264179674112,3158.39,28.17,31.254208,27.869181,149.346127285381,26.0127441375932,12.64
2769,SÃO CARLOS,BULL24975242,1/½,I,124.68,131.047657082002,26.57,24.17,29.3452436368477,13426.29,29.26,32.4,28.57,158.041263072864,29.3858702061207,12.62
2770,ARACATUBA,BULL24975242,1/½,I,93.03,137.133259286684,26.064237,24.341475,29.5990381519037,10151.548,28.7062,31.407675,28.57375,152.763922911183,29.6142484638558,12.6927875
2771,GOIAS,BULL24975242,2d,D,26.91,79.0395707578806,26.99,25.43,22.0492316566063,1011.56,30.15,33.18,20.3,161.680663645438,22.0345274415449,12.7
2773,S. J. RIO PRETO,BULL24975242,4d,I,72.80545000000001,67.6608001420925,26.72,25.09,20.19326978091602,3396.48,29.72,32.330761,26.290204,158.729965983832,20.16710731148208,12.54
2774,MINAS GERAIS,BULL24975242,1/½,C,69.03999999999999,99.0750350631136,27.56,24.25,25.5488754558205,4978.76,30.45,33.62,,167.375495937151,25.5293267566761,12.71
2775,MINAS GERAIS,BULL24975242,3d,A,98.02,117.917926063706,26.13,24.24,26.9662029528017,9123.06,28.76,31.09,28.9,152.952977784048,26.92944707939,12.63
2776,S. J. RIO PRETO,BULL24975242,1/½,I,99.6,146.182191780822,26.71,23.88,31.7382004109589,11766.36,29.34,32.118526,27.699658,158.997313045824,31.7244216503803,12.58
2778,S. J. RIO PRETO,BULL24975162,4d,D,31.32,102.5113871635611,25.95,25.03,24.6263385093168,1760.68,28.77,31.88,22.49,152.050399980606,24.6761559750562,12.62
2779,RIB. PRETO,BULL24005014,2d,I,24.57,142.545743834527,27.6936,24.21,32.4873268544153,1652.96,30.6,33.43,23.7,168.280402746977,32.4017414233636,
2780,ASSIS,BULL24005014,2d,C,51.34,94.246568378241,25.97,24.7,23.4898456024403,3247.58,28.7,30.96,25.7,151.298190144463,23.4567981206818,12.62
2781,ASSIS,BULL24005014,2d,A,23.53,95.1656548135299,26.0,24.4,23.6431916738942,970.9,28.64,31.34,21.2,152.150663055024,23.6557216655215,12.69
2782,RIB. PRETO,BULL24005014,1/½,I,17.25,117.807619047619,26.62,24.59,27.4690739047619,567.49,29.44,31.995535,28.09,157.794258326906,27.4261433443834,12.54
2783,GOIAS,BULL24005014,3d,D,12.43,86.8604651162791,26.42,24.91,22.7948790697674,44.19,29.3,32.11,20.5,156.152165490926,22.7912981561696,12.69
2785,GOIAS,BULL24985695,5d,A,24.29,87.5432058584215,26.49,26.1,22.9462105288853,940.426,29.75,32.66,23.9,156.746021404964,22.9345784921827,12.69
2788,RIB. PRETO,BULL24975375,4d,C,20.87,107.0011273957159,28.8717,24.65,28.028305210823,854.66,32.15,34.18,23.7,178.523106886795,27.8198828916828,
2789,S. J. RIO PRETO,BULL24975375,2d,I,30.91,64.2042305658382,26.78,25.22,19.71578527763088,999.182,29.83,33.47,27.0,160.366550764557,19.74536162437106,12.79
2790,ASSIS,BULL24975375,>5d,E,52.6,52.9745812807882,27.36,25.75,18.29369568472906,1675.568,30.7,33.39,24.745337,164.768640661604,18.2596310839444,12.53
2791,GOIAS,AIC456PS321013127,3d,D,31.32,97.574016563147,26.42,24.91,24.3397731884058,1665.29,29.3,32.11,24.4,156.152165490926,24.335679797334,12.69
2793,S. J. RIO PRETO,BULL24045859,2d,I,12.1647,78.6666666666667,26.84,25.41,21.89333333333333,22.98,29.96,32.635456,25.569217,159.890153753121,21.85934358354139,12.54
2794,MINAS GERAIS,AIC456PS321015503,3d,I,27.97,56.0932999373826,26.54,24.79,18.41116581089543,716.17,29.41,32.61,24.5,157.726196524862,18.42554889210469,12.74
2795,ARACATUBA,AIC456PS321015503,3d,I,29.12,98.3366238317757,27.93,24.56,25.7534241764019,1490.083,30.99,33.53,29.0,170.155528036283,25.6546143309844,12.62
2796,ARACATUBA,AIC456PS321015503,2d,C,14.25,98.2111111111111,27.93,24.56,25.73343,205.975,30.99,33.53,30.0,170.155528036283,25.6347638003724,12.62
2797,RIB. PRETO,BULL24005983,2d,B,21.39,75.6847710330139,27.969656,25.9712,22.17023885836,610.0,31.520317,33.89,29.47,170.172322660723,22.0731681524081,12.5823116
2799,GOIAS,BULL24005983,2d,C,24.76,88.2891065830721,26.03,24.71,22.703361653605,985.449,28.77,31.79,26.2,152.752142569309,22.7378552062658,12.73
2800,MATO G. DO SUL,SCS19001BT,2d,E,14.09,79.2775119617225,26.5,24.32,21.75523923444976,152.61,29.22,31.9,22.03,156.843460515664,21.74470764741987,12.57
2801,ASSIS,SCS19001BT,2d,I,36.22,39.916597853014,26.49,26.53,16.04511502890173,688.14,29.88,33.33,25.62,157.23778600866,16.05454486506588,12.62
2802,MINAS GERAIS,SCS120BT,4d,A,16.7615647,119.177163842802,27.76,26.52,28.8911210216255,522.331,31.45,33.79,24.0,168.088815218195,28.7291565226693,12.59
2803,GOIAS,SCS120BT,fr,C,47.85,118.699581589958,25.74,23.21,26.6605225104603,3837.18,28.0,30.88,27.2,150.105414292326,26.735789920299,12.73
2805,RIB. PRETO,BULL24015177,4d,B,35.02,63.6807558644657,27.08,25.22,19.79345798436143,1201.691,30.19,32.64,25.6,161.933363374693,19.74866954850573,12.62
2806,SÃO CARLOS,BULL24015177,1/½,I,35.59,124.487494701145,26.23,24.14,28.0069704959729,2665.58,28.85,31.76,28.88,154.593068888568,28.0399370810228,12.61
2808,ARACATUBA,AIC456SCS1058069,fr,D,18.23,107.2940609951846,27.4283,25.34,26.7022536125201,605.682,30.65,32.86,26.6,164.94697111175,26.5749379941518,
2809,MATO G. DO SUL,SCS19004,4d,D,126.7,70.241935483871,26.07,24.58,20.19464032258065,6692.35,28.78,31.24,24.65,152.499150298686,20.18294244723477,12.54
2810,MATO G. DO SUL,SCS19004,5d,E,87.69436,45.8809126598072,26.95,24.73,17.06519644264117,2576.594,29.88,31.85,27.10473,160.211047250921,17.02152554712701,12.46
2811,MATO G. DO SUL,SCS19004,4d,E,16.5590734,87.0154625718463,27.73,24.75,23.7999322625514,354.001,30.82,33.15,28.299952,168.008711868983,23.7030656860897,12.49
2812,MINAS GERAIS,SCS19004,4d,D,101.44,64.90887745974959,27.12,27.78,19.99982227191413,4744.17,31.09,35.62,26.9,163.927159080178,20.03829544258099,12.87
2813,ARACATUBA,SCS19004,3d,C,20.78,68.0717539863326,24.24,25.31,18.86318268792711,504.31,26.79,29.49,25.2,135.498865238475,18.92479798924299,12.74
2814,MATO G. DO SUL,SCS19004,3d,E,382.09,43.9456078251236,27.26,25.78,16.87489975411386,11834.75,30.58,33.13,23.86,163.672099632787,16.84525741288209,12.51
2815,SÃO CARLOS,SCS19004,2d,I,12.43,150.720930232558,24.97,23.92,29.9921046511628,71.65,27.29,30.143654,23.995976,142.744924597859,30.1370575634007,12.64
2816,MATO G. DO SUL,SCS19004,3d,D,95.99662,65.6560399692273,26.49,25.36,19.77476019154104,4518.926,29.52,31.75,23.685459,156.088933736504,19.73124158768923,12.5
2817,MATO G. DO SUL,SCS19004,3d,C,43.62,55.7903225806452,26.39,25.03,18.30142741935484,1396.65,29.3,31.55,24.98,155.208909279408,18.27116433376761,12.5
2818,MATO G. DO SUL,SCS19004,3d,E,183.55,56.7583211891577,26.67,24.53,18.56604571844943,7690.29,29.49,31.89,25.24,158.092986322027,18.53887680528451,12.52
2819,ASSIS,SCS19004,1,I,166.93,109.1123668753631,27.04,25.0,26.6056999780546,15057.619,30.07,33.26000000000001,26.82,162.38489661804,26.6042332528847,12.6
2820,MATO G. DO SUL,SCS19004,fr,B,67.78,84.8031552527788,24.75,23.3,21.28240229472929,4072.96,26.87,29.96,24.15,141.085940715074,21.39786378283053,12.69
2821,GOIAS,SCS19005,5d,I,27.36,64.9973958333333,26.89,25.21,19.89131223958333,826.04,29.96,33.29,23.7,161.085476756808,19.90114202468176,12.75
2823,MATO G. DO SUL,SCS16,>5d,A,19.8241816,116.653117969552,25.56,24.58,26.1909627966713,830.825,28.18,30.43,24.352375,147.435089475283,26.1737043960736,12.53
2824,GOIAS,PS321832847,5d,I,157.17,73.6975959220225,26.81,27.24,21.13741395605153,8968.64,30.51,33.419418,25.811694,159.598002953947,21.10644194515009,12.54
2827,MINAS GERAIS,PS321832847,3d,I,28.02,81.7659176029963,27.9432,26.16,23.1229197752809,1129.65,31.55216,34.550331,23.0,170.535068273634,23.0603445103637,12.667
2828,MINAS GERAIS,PS321832847,3d,I,29.15,74.47696793002919,24.9221,27.76,20.0733362728863,1083.48,28.30622,31.480392,22.0,142.042763206202,20.12467754636625,12.7699
2829,RIB. PRETO,PS321832847,>5d,D,21.1,96.9043956043956,25.7332,25.61,23.6600904571429,784.63,28.68,31.99,22.0,150.140901806715,23.7287697761453,
2831,PIRACICABA,PS321832847,>5d,I,62.24,53.0327229299363,26.667327,26.616899,18.01840364913774,2073.484,30.121098,32.708963,25.953808,158.003347465836,17.99091490340886,12.64102274
2832,S. J. RIO PRETO,PS321832847,3d,I,14.42,81.7264462809917,27.290821,25.060645,22.6617460904876,180.738,30.391848,33.412142,17.492669,164.560238759397,22.6374832924724,12.7001466
2833,ARACATUBA,SCS14,4d,D,38.84,79.1548807749628,26.9537,25.32,22.0421394064456,1814.437,30.07,32.38,23.8,160.569586580301,21.97717287358559,
2834,PARANÁ,SCS14,2d,D,28.45,74.84151975683889,25.983376,25.177472,20.78736599171307,1045.743,28.854828,30.833996,22.469814,151.020080144773,20.73623311301507,12.5714762
2835,PARANÁ,SCS14,2d,C,155.02,94.4187666060691,26.101295,25.082395,23.6221134144833,11799.532,28.97144,31.035704,24.702691,152.250611122094,23.5592823844304,12.5841769
2837,PIRACICABA,SCS14,5d,C,49.93,83.1687318745057,25.7,24.73,21.75011626680728,2711.43,28.39,31.23,27.1,149.442737105329,21.78162530514736,12.71
2838,PIRACICABA,SCS14,2d,D,156.29,63.2331415898538,27.35,24.99,19.86428723404255,7404.43,30.44,33.73,22.3,165.407096773058,19.85952750986245,12.73
2846,S. J. RIO PRETO,SCS14,5d,I,221.35435,78.9982735013627,27.05,25.57,22.0832401619551,14038.38,30.27,32.845871,25.239589,161.741489107258,22.0324212417094,12.52
2850,RIB. PRETO,SCS14,5d,I,157.83,81.353356648152,28.32,25.24,23.3184678049784,10125.8,31.69,34.05,24.62,173.571329252791,23.2055140217848,12.48
2851,RIB. PRETO,SCS14,5d,I,156.49715,86.4827147109822,27.74,24.32,23.7235792955086,10774.54,30.69,33.300583,25.370443,168.466469382616,23.65404740086,12.53
2854,MINAS GERAIS,SCS14,1/½,I,15.86,127.800259067358,27.6591,24.46,30.1332783676166,458.989,30.63898,33.485294,29.0,167.936929459176,30.0575368295409,12.6654
2859,PARANÁ,SCS14,5d,D,65.05,44.3285391140434,27.6225,26.19,17.05052602309142,1727.029,31.17,32.76000000000001,25.0,166.001944867054,16.97865789827332,12.473738
2860,PARANÁ,SCS14,5d,C,41.05,56.0854388984509,27.6226,26.16,18.8872917773494,1292.682,31.16,32.62,25.0,165.856756921279,18.78284265636686,12.453844
2861,SÃO CARLOS,SCS14,4d,A,50.29,89.4208409506399,27.805,26.458,24.2363639122486,2976.444,31.488,33.634,23.439,168.318413126897,24.1023030003539,12.554
2862,RIB. PRETO,SCS14,2d,I,47.07,101.9215854006273,26.96,23.68,25.4522691759338,3165.55,29.57,32.34,25.14,161.372251737179,25.4317896910687,12.58
2863,RIB. PRETO,SCS14,2d,I,300.6466,98.9295879459519,27.34,23.82,25.334998790909,25103.93,30.06,32.72565,24.920347,164.81769300829,25.2843790840616,12.55
2864,PIRACICABA,SCS14,1,C,20.15,104.4834355828221,25.73,24.19,24.6979757055215,765.74,28.27,30.9,23.4,149.557533628164,24.7217933002322,12.69
2865,MATO G. DO SUL,SCS14,2d,A,428.97787,61.2625903624094,27.2748,25.6808,19.52476215267731,20553.41,30.5755,32.72,24.57,163.379423438765,19.45734252616161,12.5660016
2866,PIRACICABA,SCS14,2d,D,18.78,65.0045722713864,28.23,25.74,20.60264207964602,371.371,31.76,33.98,26.0,172.510682752469,20.5078000842828,12.56
2867,ARACATUBA,SCS14,3d,C,14.45,89.3387755102041,25.9339,25.26,22.7763076408163,201.48,28.82,31.54,22.4,151.424286559341,22.7829035988833,
2868,ARACATUBA,SCS14,1/½,C,27.57,138.475401412974,29.1354,24.27,33.6720659337187,1981.222,32.33,33.75,28.7,180.395630789607,33.2979050003065,
2869,ARACATUBA,SCS14,5d,C,126.22,75.0577919803887,25.7719,25.62,20.68425605374715,7214.461,28.73,31.25,24.1,149.6168039959,20.67781179937938,
2870,RIB. PRETO,SCS14,5d,B,19.02,88.4188034188034,28.043804,25.7136,24.2604830396581,548.46,31.522,33.81,23.57,170.819991063851,24.1368336760845,12.5708277
2871,GOIAS,SCS14,2d,B,66.74000000000001,95.0595542564852,27.39,25.65,24.7828654000731,4558.68,30.71,34.25,25.4,165.927036325872,24.7851110252487,12.76
2872,GOIAS,SCS14,2d,B,131.29,113.504191466175,26.85,23.95,27.073372432727,12120.435,29.52,32.64,23.3,160.686557867649,27.0923088382443,12.73
2873,MATO G. DO SUL,SCS14,3d,C,255.03,86.4264494095379,26.93,24.79,23.111868896844,18099.86,29.88,32.15,28.618895,160.365549390728,23.0423210558473,12.5
2875,ARACATUBA,SCS14,fr,I,98.7,141.435767012687,27.321786,24.330169,31.8318712291426,11234.081,30.198046,33.087875,26.804489,164.820129381433,31.780390661464,12.68
2877,MATO G. DO SUL,SCS14,4d,E,241.93,52.6943417561867,28.11,26.22,18.55585845692167,9368.85,31.78,34.3,23.7,171.626348282413,18.49588917029659,12.49
2878,MATO G. DO SUL,SCS14,4d,C,84.12,64.9180532445923,27.85,26.1,20.38751143926789,3828.45,31.42,33.79,25.22,169.02302770358,20.30935294064515,12.48
2879,MATO G. DO SUL,SCS14,fr,C,453.13,90.2014372180536,24.93,24.04,22.1114458322943,34509.0,27.28,30.39,24.5,142.661816725292,22.2179418574397,12.67
2880,S. J. RIO PRETO,SCS14,>5d,I,55.81,95.4697785893632,26.544891,25.786952,24.1405883137642,3668.811,29.724892,33.23572,24.0,157.933911887454,24.1810713139254,12.78248435
2881,S. J. RIO PRETO,SCS14,>5d,D,50.66,108.5825659596482,27.79,25.94,27.2503871650285,3745.882,31.29,34.65,25.0,169.47426765705,27.2092688429344,12.72
2882,S. J. RIO PRETO,SCS14,4d,C,179.88,66.46962115797001,24.98,27.38,19.0701568263045,9156.36,28.27,32.37,26.7,143.598542140569,19.16812273533792,12.9
2883,S. J. RIO PRETO,SCS14,4d,B,168.85,99.1153331208161,25.95,24.46,24.1525889703538,13676.04,28.61,31.98,25.0,152.429767031834,24.2335859350568,12.79
2884,MATO G. DO SUL,SCS14,2d,I,206.84,107.4500051324163,25.98,24.78,25.3439107175118,18609.479,28.74,31.14,27.5,151.550269794513,25.3200739681163,12.64
2885,ARACATUBA,SCS14,>5d,C,56.89,68.7239919803965,26.28,27.65,20.10018605480062,2558.34,29.99,32.23999999999999,25.6,153.842346672092,20.04586413510835,12.6
2886,PARANÁ,SCS14,4d,C,66.6,33.2250915750916,26.389838,26.481783,15.05425629300733,1170.89,29.749289,32.04363,22.767424,155.074992197176,15.03677981149057,12.6065195
2887,PARANÁ,SCS14,3d,C,116.09,80.5905466423288,26.4706745,25.672426,21.92551474238207,7151.59,29.596966,31.701475,25.491466,155.720752462467,21.85788497524744,12.5778503
2888,SÃO CARLOS,SCS14,3d,I,158.66,75.37678985408431,26.4,24.86,21.12625773898814,9306.84,29.26,32.3,25.1,156.226541773068,21.14061522933305,12.6
2889,SÃO CARLOS,SCS14,2d,I,34.8,88.5188596491228,26.6,24.65,23.1717535087719,1756.63,29.44,32.27,25.13,157.90676252121,23.1646190832184,12.58
2890,S. J. RIO PRETO,SCS14,>5d,E,311.61,51.9773372050332,27.56,26.22,18.22047366910317,11989.61,31.1,34.44,23.5,167.24506707319,18.20628439580291,12.73
2891,MATO GROSSO,SCS14,>5d,D,47.39844,53.4793137776693,28.69,26.59,18.92289746949301,1480.303,32.62,34.4,24.006741,176.331702598956,18.81636625572071,12.39
2892,ARACATUBA,SCS14,1/½,B,39.33,139.100841566045,27.92,24.32,32.2344539773143,3485.666,30.9,33.93,30.0,170.612666004388,32.1598033321917,12.69
2894,S. J. RIO PRETO,SCS14,3d,I,303.3,113.291452111226,27.677617,25.47962,27.8800859157364,29518.2,30.995615,34.155275,24.696804,168.28736208874,27.8305738526014,12.69796646
2895,S. J. RIO PRETO,SCS14,>5d,B,31.13,103.2929430214323,27.07,26.2,25.7578465133298,1758.434,30.49,34.0,24.0,162.801214357083,25.767086669864,12.76
2896,MATO G. DO SUL,SCS14,5d,D,36.278772,106.281910139442,25.67,24.44,24.8883371160617,2301.049,28.27,30.42,25.528661,148.364925749119,24.8567456756501,12.52
2897,RIB. PRETO,SCS14,1,A,50.97,63.6078778547601,26.84,25.46,19.6586090736464,2023.159,29.97,32.66,21.22,159.900046528043,19.63280753593258,12.65
2898,RIB. PRETO,SCS14,5d,A,214.37,91.763868162277,27.03,25.01,23.9885093847902,16153.814,30.06,32.81,24.66,161.820205917867,23.9502391528779,12.67
2899,PARANÁ,SCS14,3d,D,22.13,45.9125370187562,25.3857,25.93,16.53943046771964,355.534,28.35,30.84,26.0,145.902259063148,16.54096531737408,12.664446
2900,PARANÁ,SCS14,3d,C,62.74,66.15226645644461,26.8962,25.16,20.0666299158849,2759.686,29.95,32.2,19.0,159.977481616391,20.01331601404446,12.593102
2901,RIB. PRETO,SCS14,2d,C,53.32,95.1269361084221,27.49,25.24,24.8763624031946,3446.805,30.69,33.48,23.7,166.171624256414,24.8158147592946,12.66
2902,RIB. PRETO,SCS14,2d,C,145.67,120.831884491659,26.51,24.65,27.7915064397397,14559.558,29.33,32.17,24.16,157.071136660564,27.7883651881161,12.69
2903,GOIAS,SCS14,3d,I,90.35,72.96499042756861,28.93,24.63,22.3213728793874,4788.607,32.21,34.61,23.605748,179.470457124903,22.2098348155203,12.48
2904,MINAS GERAIS,SCS14,3d,C,41.79,105.5901309164149,28.31,24.2,27.2645503524673,2800.05,31.33,34.7,24.8,174.652574102879,27.2226757041803,12.72
2905,MINAS GERAIS,SCS14,3d,D,31.57,103.0214614205416,26.76,24.22,25.4347677056719,1793.29,29.49,32.9,24.2,160.110850402703,25.4812660558933,12.77
2906,S. J. RIO PRETO,SCS14,4d,B,17.67,47.363315696649,27.11,25.83,17.34339700176367,212.51,30.42,33.05,25.57,162.332850327034,17.316268045692,12.52
2907,PARANÁ,SCS14,2d,E,201.97,79.3461546559983,27.332516,25.684835,22.3258599380157,12805.749,30.647875,32.97293000000001,24.340474,164.124969224407,22.2450317044259,12.5911476
2908,PARANÁ,SCS14,2d,C,38.56,76.5395331325301,25.5423,25.72,20.74013719540663,1726.17,28.48,30.55,28.76534,146.898407948137,20.70628026929433,12.593788
2909,SÃO CARLOS,SCS14,5d,I,62.04451,87.771548167821,23.88,24.27,21.00165992233714,3803.95,26.1,29.005249,24.095273,132.570001688982,21.13577569057093,12.67
2910,ARACATUBA,SCS14,2d,I,136.6,113.944759229535,27.88344,24.68987,28.1923346653676,12714.317,30.98107,33.78172,26.210981,169.974829410232,28.1047059485529,12.6522398
2911,S. J. RIO PRETO,SCS14,4d,D,68.84,74.6008972554539,26.998819,25.632412,21.3893952717215,3570.235,30.228216,33.325779,24.515075,161.803324228147,21.37782250853169,12.710603
2912,S. J. RIO PRETO,SCS14,fr,C,32.05,143.547132169576,28.58,23.95,33.8105145137157,2649.52,31.56,34.02,27.87,176.299950136662,33.6131872560823,12.5
2913,PARANÁ,SCS14,4d,B,84.19,41.8349217343122,27.7037,25.6,16.68518660439119,2165.783,31.07,33.21,26.0,167.449202842695,16.63781480047302,12.557087
2914,ASSIS,SCS14,3d,E,389.2,52.1644353128314,28.07,25.6,18.45442475477201,15162.025,31.51,34.37,24.866225,171.673869309488,18.41321079503042,12.54
2915,GOIAS,SCS14,5d,B,310.43,91.4839325805046,26.16,25.12,23.2549248533995,23732.39,29.05,32.29,23.2,154.148672647548,23.2985355131259,12.76
2916,RIB. PRETO,SCS14,2d,B,259.07,114.488792649856,28.1004,24.813,28.5011055717975,25333.906,31.2866,34.31,23.67,172.235624685869,28.4223557135503,
2917,MINAS GERAIS,SCS14,1/½,D,369.59,98.0929276545765,27.23,24.14,25.111952881792,30797.97,30.03,33.04,,164.113146795422,25.0958661423682,12.71
2918,S. J. RIO PRETO,SCS14,2d,I,189.99896,123.499977303238,27.94,24.57,29.7730963821362,19858.88,31.01,33.473406,25.173087,170.16533880994,29.6354316874673,12.51
2919,MINAS GERAIS,SCS14,4d,A,82.88207,129.931276555552,27.76,26.52,30.585969185155,8371.213,31.45,33.79,24.181818,168.088815218195,30.4077532347254,12.59
2920,MINAS GERAIS,SCS14,4d,A,21.54,91.4287211740042,28.36,24.73,24.9945387840671,769.75,31.57,33.27,25.4,173.28462503293,24.8106315113944,12.49
2922,PIRACICABA,SCS14,>5d,I,26.4,61.3203472222222,26.22,27.64,19.013353375,722.213,29.9,32.67,27.0,153.834596055516,18.99533152558169,12.67
2923,PIRACICABA,SCS14,>5d,D,100.9,61.6277502812149,26.29,27.48,19.0918055151856,4423.907,29.94,32.73999999999999,27.0,154.547672297558,19.07432028395165,12.67
2924,ARACATUBA,SCS14,2d,I,175.07,109.4686085730055,26.6556,24.31,26.2846093980254,15906.206,29.4,32.11,24.2,158.345298402016,26.2640726064457,
2925,ARACATUBA,SCS14,2d,C,266.61,99.997918384981,27.5406,24.37,25.6754045045363,22417.15,30.47,32.91,24.2,166.386725759062,25.5857104930703,
2926,ARACATUBA,SCS14,2d,B,101.24,96.4931084715374,27.2806,24.87,24.9110539331017,7552.165,30.32,32.57,24.8,163.650343226472,24.8134088999801,
2927,RIB. PRETO,SCS14,1/½,B,97.27,119.226457136156,27.3839,24.92,28.4956109393691,9155.2,30.46,32.8,30.0,164.722912280238,28.3759368073258,
2928,PARANÁ,SCS14,2d,E,29.94,104.2642140468228,26.2835,24.62,25.1785590133779,1667.22,29.05,31.73,24.0,154.761705737527,25.1717965758567,12.676794
2929,RIB. PRETO,SCS14,3d,C,31.04,35.0874474789916,27.487,24.406,15.57555299107143,451.585,30.4169,33.62,25.11,166.697868264434,15.57157890866707,
2930,GOIAS,SCS14,4d,C,12.93,85.6129032258065,27.47,24.55,23.3879161290323,80.46,30.44,33.58,24.3,166.450526693089,23.3695516746332,12.71
2931,PIRACICABA,SCS14,>5d,B,92.03,50.4522054229664,28.52,26.16,18.35230433587405,3089.33,32.26000000000001,34.47,25.1,175.205121665439,18.27559686435967,12.55
2933,PIRACICABA,SCS14,3d,B,59.48,45.3186604886268,27.72,25.0,17.23769342881213,1593.97,30.89,33.57,23.2,168.260526374605,17.20639142604958,12.64
2934,S. J. RIO PRETO,SCS14,2d,I,335.07,104.4973751818491,27.154802,25.487731,26.0177940640064,29895.127,30.369436,33.573568,24.170399,163.404024176241,26.0044748282715,12.71965575
2935,GOIAS,SCS14,>5d,I,40.25,53.9716814159292,28.57,26.72,18.95470761061947,1197.7,32.53,35.125525,23.733853,175.997989289219,18.88327135930008,12.48
2936,PARANÁ,SCS14,3d,D,330.01,81.2216785635672,26.369339,25.242978,21.9466976542893,22025.186,29.338497,31.748444,24.191779,155.173292951368,21.91069566356704,12.6344235
2937,RIB. PRETO,SCS14,4d,B,38.86,91.2458302308265,27.77,24.86,24.4970674274013,2140.543,30.9,33.44,24.4,168.602762404907,24.4101159232177,12.62
2938,RIB. PRETO,SCS14,>5d,B,353.05,99.0950623075795,27.4587,24.627,25.4637643969418,29715.771,30.4546,33.54,23.43,166.274843455441,25.4365771032438,
2940,ARACATUBA,SCS14,3d,B,35.29,80.090725633319,27.76,25.62,22.7310983598111,1597.833,31.15,34.05,26.0,168.781152264034,22.675342423286,12.66
2941,RIB. PRETO,SCS14,2d,C,22.18,82.8624754420432,27.7147,25.62,23.1358254282908,733.38,31.09,33.65,23.7,168.001890085847,23.0546801051207,
2942,MATO G. DO SUL,SCS14,5d,I,236.98,71.92448217619341,25.26,24.57,19.94598633656325,13493.81,27.82,29.9,25.1,144.391654865126,19.93350136224201,12.62
2944,MATO G. DO SUL,SCS14,3d,C,87.72,70.3271262546223,27.1,25.73,20.80739606444797,4428.53,30.38,32.73999999999999,23.37,161.957478706906,20.74658879336256,12.49
2945,MATO G. DO SUL,SCS14,3d,A,30.72,125.675747863248,26.35,24.49,28.3124698183761,2140.01,29.09,31.55,25.27,155.150393172727,28.2727280008277,12.54
2946,S. J. RIO PRETO,SCS14,1/½,I,179.59,133.492929172385,27.68,24.72,31.05009129423,20373.0,30.75,33.29,26.43,167.769365780784,30.9248765240321,12.52
2947,ARACATUBA,SCS14,4d,I,316.0,79.0350394736842,27.71202,24.987533,22.5325588091132,20390.652,30.876047,33.77641300000001,25.676133,168.418318670178,22.4855081664627,12.66857684
2949,GOIAS,SCS14,3d,I,360.8,100.8673394495413,26.79,24.08,25.1434795045872,31008.928,29.49,32.51000000000001,24.3,159.99194975575,25.1516508347437,12.72
2950,PIRACICABA,SCS14,5d,B,42.87,64.6639779721412,25.561,26.86,19.14176205280207,1637.737,28.84,31.87,24.683,148.022939333844,19.16350908078346,12.73
2952,GOIAS,SCS14,3d,I,435.26,98.6345272409394,24.43,26.76,22.7686717360488,36680.93,27.41,33.8,26.9,140.699811685226,23.1498473413475,13.22
2953,GOIAS,SCS14,4d,D,122.99,56.3049554013875,28.12,25.86,19.14195881070367,4929.407,31.66,34.0,24.812688,171.580309489288,19.07019849486252,12.47
2954,GOIAS,SCS14,2d,I,70.28,88.2203500343171,29.22,24.65,25.1251442759094,4454.122,32.57,34.83,26.530263,182.074057392922,24.963104186245,12.46
2956,S. J. RIO PRETO,SCS14,2d,C,15.28,98.4307926829268,27.95,24.4,25.7857114329268,295.493,30.97,34.35,24.0,171.239060534765,25.7631582281043,12.73
2957,S. J. RIO PRETO,SCS14,5d,B,35.12,78.0532006920415,26.73,25.75,21.72963646193772,1539.15,29.93,33.87,28.7,160.102851013347,21.78266734104814,12.83
2958,S. J. RIO PRETO,SCS14,4d,E,129.57,55.7624393978056,26.91,25.33,18.52497971421281,5157.15,30.02,33.59,25.5,161.498401159975,18.54241472083221,12.78
2959,S. J. RIO PRETO,SCS14,>5d,D,13.23,78.0487804878049,27.47,24.74,22.2177463414634,93.24,30.51,32.98999999999999,24.36,165.714812537253,22.1526759109971,12.52
2960,RIB. PRETO,SCS14,1,C,30.02,93.3884572697003,28.0237,25.37,25.041442227525,1478.62,31.38,33.84,22.6,170.853012598843,24.9288016280641,
2961,RIB. PRETO,BULL24825336,>5d,I,23.29456,97.8838237169044,26.12,24.73,24.1267959088269,982.02,28.89,31.706995,23.47,153.363571081692,24.1408440187721,12.59
2962,MATO G. DO SUL,BULL2472454,>5d,E,13.4992125,108.362590359939,24.95,24.35,24.4789554516121,156.468,27.39,29.62,24.41313,141.697471223363,24.4979842902169,12.54
2963,S. J. RIO PRETO,PS321841431,5d,I,20.23,47.9404617253949,24.87,26.89,16.62553742405832,307.79,27.99,31.02,24.16,141.536756765516,16.65561084856283,12.61
2964,MINAS GERAIS,PS321801842,4d,B,21.148823,110.3093672268007,27.76,26.52,27.4935562749438,911.415,31.45,33.79,24.0,168.088815218195,27.3449926552818,12.59
2965,MINAS GERAIS,PS321801842,>5d,B,64.640224,62.4400019270435,26.0,28.18,19.06160026978609,2667.173,29.8,32.56,22.0,151.674170623491,19.04516543540708,12.68
2966,MINAS GERAIS,PS321801842,>5d,A,350.4289,87.077698742631,27.352222,26.446667,23.5260949834599,25420.463,30.915556,33.407778,23.888889,164.396713372393,23.4415945359396,12.6188889
2967,MINAS GERAIS,PS321801842,>5d,D,177.4367,60.7733918773767,27.4275,25.31625,19.52451503188229,8080.909,30.64375,32.87,23.375,164.959984907973,19.46037728547417,12.58875
2968,MINAS GERAIS,PS321801842,>5d,C,296.06473,84.0696687688049,27.571818,25.605454,23.2225576538811,20484.451,30.914545,33.26909,24.181818,166.431993842616,23.1298626435435,12.5954546
2969,S. J. RIO PRETO,PS321801842,>5d,D,15.84,59.6734375,26.9,26.63,19.1033421875,195.066,30.43,34.26000000000001,28.0,161.438393823963,19.12424192806708,12.8
2971,ARACATUBA,SCS115,>5d,I,25.22,89.4031770045386,26.29,26.01,23.0609139939486,1035.27,29.48,32.54,26.9,155.036450476837,23.0714756943595,12.73
2972,GOIAS,SCS115,5d,C,167.93,75.91938690438019,26.16,26.82,21.05098518566023,9978.95,29.57,32.84,22.9,153.907879820028,21.07066467499662,12.75
2973,GOIAS,SCS115,4d,C,387.23,69.68475335127789,26.58,26.35,20.41043703861632,21657.05,29.94,33.21,27.4,157.929690918444,20.41791822725867,12.74
2975,S. J. RIO PRETO,SCS115,>5d,C,18.82,77.2697947214076,24.51,26.35,20.16525131964809,457.14,27.39,30.19,24.82,137.986111267146,20.22308762015505,12.6
2976,S. J. RIO PRETO,BULL24855536,>5d,C,33.17,47.8814359943316,26.96,25.83,17.36786282475201,771.61,30.24,32.78,23.96,160.818414384404,17.33981841051193,12.52
2979,MATO G. DO SUL,BULL24855536,>5d,C,32.94,58.9393505253104,27.24,26.35,19.15355702005731,994.91,30.75,32.83,23.107358,162.901246459392,19.08320650226366,12.45
2980,MATO G. DO SUL,BULL24855536,>5d,D,16.47,68.3046979865772,25.91,25.38,19.83198348993289,263.682,28.83,31.21,26.298202,150.785950310077,19.81430101698901,12.54
2981,MATO G. DO SUL,BULL24855536,>5d,B,74.62,70.2117694027467,26.28,25.48,20.31264067071223,3657.221,29.31,31.65,26.288891,154.21662360584,20.27868129858041,12.52
2982,RIB. PRETO,BULL24855536,4d,I,21.21358,89.7341706481086,28.46,24.16,24.7950444886787,728.21,31.49,33.848055,23.926996,175.027035962514,24.6727714337654,12.49
2983,RIB. PRETO,BULL24855536,3d,I,19.81,87.8514724711908,26.16,26.27,22.7405685019206,604.4,29.4,32.45,,153.763801638552,22.752993097398,12.59
2984,MATO GROSSO,BULL24855536,4d,B,12.8212157,101.3553301526018,27.71,24.89,26.0377223669737,85.38,30.84,33.09,25.999727,167.714012718719,25.9138770158676,12.48
2985,MATO G. DO SUL,BULL24855536,>5d,B,186.35,61.9684542586751,26.23,24.64,19.11051104100946,8724.0,28.99,31.61,23.25,154.186034933947,19.1048163828193,12.56
2986,RIB. PRETO,BULL24855536,>5d,C,16.02,87.4477611940299,27.4602,26.69,23.6643747761194,315.3,31.14,32.5,23.9,164.147727141502,23.4792053835864,
2991,MINAS GERAIS,PS321813250,>5d,D,95.76829,78.2113790313733,27.805,25.46,22.4647084559086,5558.414,31.146667,33.41,24.0,168.560062558997,22.3660576432693,12.585
2992,MATO G. DO SUL,PS321813250,>5d,A,18.27953,89.6475309457873,25.337,24.8088,22.3558512022397,499.59,27.9727,30.04,24.0,145.071756755573,22.3326933506886,12.6040608
2993,ARACATUBA,BULL24867515,5d,D,34.59,43.4475431606906,27.3552,25.61,16.82883314741036,722.4,30.65,33.08,24.0,164.46341200357,16.79459972940841,
2994,PARANÁ,BULL24867515,4d,E,86.41,40.7405859427496,27.0977,25.37,16.33916744387851,2150.587,30.26,32.59,24.0,161.947757893347,16.30958642265634,12.599276
3000,PARANÁ,BULL24867515,>5d,D,123.41,40.2689166143075,26.163835,26.38398,16.0039627055381,3161.44,29.44,31.547087,26.854359,152.735943389293,15.97845264830782,12.5806474
3001,PARANÁ,BULL24867515,>5d,C,27.6,36.1764102564103,26.260951,26.187557,15.44778602022564,389.152,29.499226,31.605639,26.525626,153.677263249137,15.42524764031658,12.57967263
3003,MATO G. DO SUL,BULL24867515,4d,E,119.54,33.3050027896597,26.8,27.35,15.15314041286963,2303.14,30.54,33.07,24.94,159.097223114998,15.13390674881622,12.5
3004,GOIAS,BULL24867515,1,I,18.48,74.7530864197531,27.4,26.38,21.66397530864198,418.64,30.97,33.599459,29.502459,164.997880442696,21.60108921345954,12.51
3006,PARANÁ,BULL24867515,>5d,E,164.2,27.0725427069645,27.086347,26.5793085,14.27389609449586,2306.041,30.641897,32.729582,22.973246,161.426302715162,14.25223432921808,12.5566618
3007,PARANÁ,BULL24867515,>5d,C,33.85,20.14137299771167,26.497,28.29,13.18025484347826,189.889,30.47,32.51000000000001,25.0,155.594790574237,13.16905875059316,12.552285
3008,MATO G. DO SUL,BULL24867515,>5d,C,72.34738,45.7237175830997,26.66,25.65,16.94389699768242,2047.138,29.82,31.99,26.132653,157.590762307005,16.90986175074962,12.48
3009,MATO G. DO SUL,BULL24867515,>5d,E,34.57,40.5183872396987,27.37,26.53,16.38327611874169,655.66,30.98,33.4,23.41265,164.476521484243,16.34838448464988,12.49
3010,PARANÁ,BULL24867515,>5d,E,39.09,48.4220007382798,24.727039,27.889777,16.63544223854116,998.672,28.088932,30.37204,26.015111,139.191486168525,16.63256840313292,12.6380321
3011,GOIAS,BULL24867515,4d,D,25.6,68.1556617647059,28.45,26.41,21.23760636029412,775.717,32.26000000000001,34.59,28.599823,174.634847090229,21.13286746435359,12.46
3012,ARACATUBA,BULL24867515,>5d,E,16.29,64.4941724941725,27.4781,24.88,20.12510051282051,237.2,30.56,32.44,25.5,165.096232341201,20.03666002872692,
3013,PARANÁ,BULL24867515,2d,E,619.55,57.6936762406386,26.440683,24.950094,18.59847893695694,27773.193,29.337973,31.570244,23.17571,155.676726595472,18.56511782836826,12.6024722
3014,S. J. RIO PRETO,BULL24867515,>5d,I,183.09,59.9096382021158,28.05,26.06,19.68949693143959,8208.86,31.65,33.794048,24.742894,170.686138593029,19.60259548768284,12.45
3015,S. J. RIO PRETO,BULL24867515,>5d,I,116.51,52.8651803655153,26.26,25.57,17.82737472012248,4282.82,29.31,32.19,23.84,154.625831394732,17.82843032472731,12.58
3016,MATO G. DO SUL,BULL24867515,>5d,I,205.37,83.2700005171433,24.69,25.91,21.04416306562549,13793.48,27.49,30.23,23.7,139.669475497466,21.09900358472779,12.73
3017,MATO G. DO SUL,BULL24867515,4d,I,212.16,42.65,27.37,26.48,16.710905,6146.904,30.96,33.23,23.0,164.323723055573,16.66872211165332,12.58
3018,PARANÁ,BULL24867515,4d,C,285.16,41.2967454971445,27.08191,25.629618,16.41850878880839,8014.699,30.325533,32.579958,26.323405,161.681590703741,16.38518346845525,12.5869411
3019,RIB. PRETO,BULL24867515,>5d,I,25.4,66.1477611940299,27.73,25.63,20.5174428358209,737.58,31.11,33.02,24.95,167.441215031827,20.41679379125323,12.43
3020,RIB. PRETO,BULL24867515,5d,I,115.82,67.6442881911,27.76,25.63,20.76953981891736,5788.99,31.15,33.08,25.06,167.747989781117,20.66648602856499,12.43
3021,PARANÁ,BULL24867515,5d,D,98.33,40.2177574423723,25.651859,26.087889,15.85224845899467,2448.039,28.721027,30.950726,27.861452,148.080191853472,15.83987784643276,12.6146076
3022,PARANÁ,BULL24867515,5d,D,57.36,32.4874559082892,26.353513,24.6816435,14.94066964716556,941.311,29.205069,31.808052,24.662187,155.314289689143,14.9361451910341,12.7022565
3023,PARANÁ,BULL24867515,5d,B,16.75,27.1442105263158,26.3547,26.24,14.17390598842105,83.935,29.63,31.85,24.0,154.688632356854,14.16090668812427,12.594474
3024,PARANÁ,BULL24867515,5d,C,43.98,29.2423702313946,27.064907,26.408182,14.59754703995528,563.411,30.557526,32.738688,23.868686,161.346055906563,14.57507998853952,12.57164717
3025,RIB. PRETO,BULL24867515,4d,I,24.15,67.6041152263375,28.68,25.44,21.27476641975309,687.59,32.2,34.76000000000001,23.47,177.164546347401,21.18382846640666,12.49
3026,RIB. PRETO,BULL24867515,4d,I,56.68466,73.79257042573451,27.28,24.86,21.44190476105223,2773.18,30.32,32.772165,25.5641,163.872291748414,21.38457928358159,12.51
3027,RIB. PRETO,BULL24867515,3d,I,125.52,75.0151515151515,26.87,25.22,21.37035303030303,7165.48,29.94,32.16,25.73,159.687430949423,21.30654583816137,12.49
3028,MATO GROSSO,BULL24867515,5d,B,65.36,49.8254872563718,28.9,26.45,18.39250734632684,2030.368,32.83,34.75,23.707115,178.488800690051,18.29752000883014,12.41
3029,MATO GROSSO,BULL24867515,5d,C,74.62,76.1642925582881,27.19,25.93,21.74655603960396,4029.968,30.55,32.92,23.424664,162.795522982373,21.67568805312104,12.49
3030,MATO GROSSO,BULL24867515,>5d,C,58.98,69.33001277139209,29.15,26.46,21.83209719029374,2705.364,33.14,35.18,24.489944,180.987964855202,21.68808218336027,12.42
3031,MATO G. DO SUL,BULL24867515,5d,B,71.41,127.303787241205,26.63,24.49,28.8689440733883,6862.198,29.43,31.52,26.545127,157.35284146406,28.7597331070766,12.49
3032,MATO G. DO SUL,BULL24867515,>5d,D,86.54317,78.1730377176071,27.12,26.14,22.0053633029022,4944.748,30.54,32.62,22.13871,161.786829625405,21.91184952640274,12.45
3033,GOIAS,BULL24867515,5d,E,168.58,48.5205581811215,28.99,26.0,18.20484283497254,5730.389,32.78,34.89,26.096587,179.585143475512,18.12030298258902,12.43
3034,PARANÁ,BULL24867515,4d,C,465.96,44.8591087320469,25.631213,25.403418,16.47909510116691,14928.721,28.50024,30.918306,23.597882,148.20052974147,16.47542801613734,12.65404993
3035,ASSIS,BULL24867515,3d,D,113.93,78.8540959481997,27.09,25.07,22.0882830785833,6826.438,30.15,32.47,25.663108,161.902073709891,22.0215676186352,12.5
3036,ASSIS,BULL24867515,3d,C,21.93,88.4517623363545,25.22,23.96,22.1069229808661,771.166,27.6,31.1,22.87957,145.839343078688,22.2322536483056,12.72
3037,MATO G. DO SUL,BULL24867515,4d,A,74.37341,48.8269106980042,25.7951,26.6288,17.08030915770037,2309.02,29.06,31.29,23.29,149.363874629765,17.05868714412221,12.6075217
3038,GOIAS,BULL24867515,>5d,E,167.68,53.3289761048304,27.35,26.2,18.34399783209147,6446.095,30.84,33.9,28.706213,164.991238357016,18.32297123430555,12.56
3039,PARANÁ,BULL24867515,5d,C,63.04,33.9361089341693,26.1656,26.28,15.10738144717868,1131.619,29.41,31.71,23.0,152.988089712957,15.09273009436387,12.611281
3040,ASSIS,BULL24867515,4d,I,132.41,89.4648866373225,26.46,25.93,23.2014226077568,9339.547,29.66,32.38,23.8,156.282853177528,23.1768548651067,12.55
3041,MINAS GERAIS,BULL24867515,>5d,B,120.991646,82.9289866124235,27.81,25.94,23.2138727834242,7742.667,31.32,33.56,24.0,168.52502583254,23.1021614617855,12.57
3042,MINAS GERAIS,BULL24867515,>5d,A,32.769634,91.1884921997181,28.06,25.05,24.7176718472747,1656.716,31.32,33.77,24.0,171.225541631479,24.6088305614802,12.6
3043,S. J. RIO PRETO,BULL24867515,1/½,I,25.03,133.235610130468,25.92,23.52,28.8759969301612,1591.7,28.3,31.13,26.66,151.684904127556,28.9347845779201,12.61
3044,MATO G. DO SUL,BULL24867515,5d,C,141.75,72.4256647398844,26.35,24.91,20.67108289017341,7852.23,29.21,32.13,21.08,155.617268799252,20.67816893532147,12.59
3046,ARACATUBA,BULL24867515,3d,D,155.47,83.9660416811877,27.5606,25.34,23.1983478818429,10336.968,30.81,33.05,24.8,166.233406063633,23.0995677294069,
3047,SÃO CARLOS,BULL24867515,fr,I,73.81,106.0566251415629,26.58,25.0,25.7134559456399,5825.64,29.52,32.68,26.03,158.026384126939,25.7347488726054,12.61
3048,PARANÁ,BULL24867515,>5d,E,320.68,34.6203997667487,27.326374,26.570618,15.46688706854704,6994.465,30.935303,33.107773,25.627805,163.794986280834,15.43366327226061,12.5641928
3049,PARANÁ,BULL24867515,>5d,E,411.66,35.4473602562178,27.085972,26.293643,15.53726220299214,9382.972,30.54577,32.897444,25.964009,161.745492292988,15.51113650453837,12.5976569
3050,PARANÁ,BULL24867515,>5d,B,131.92,30.8529436290861,26.550061,26.897012,14.74311479832764,2272.845,30.079786,32.207352,24.955876,156.353354364941,14.72148565251172,12.5719314
3051,PARANÁ,BULL24867515,2d,C,41.71,85.1872770111074,27.036396,25.243961,23.0047287930071,2186.394,30.152718,32.100008,24.22917,160.943911456304,22.9007993068704,12.54483163
3052,SÃO CARLOS,BULL24867515,4d,I,133.48,72.3133849193283,25.05,24.93,19.87089673197234,7338.87,27.66,30.606031,24.340674,143.44158031479,19.92768662793071,12.63
3053,SÃO CARLOS,BULL24867515,4d,I,19.41,69.9527665317139,27.17,25.03,20.791434682861,441.43,30.24,33.34,21.41,163.50932573722,20.7803845818265,12.59
3056,PARANÁ,BULL24867515,1,B,12.13,67.9076923076923,26.1753,24.82,19.92508310769231,19.268,28.98,31.29,24.0,153.280108974496,19.89864486174333,12.621914
3057,MATO G. DO SUL,BULL24867515,1,A,60.42081,55.6624253084573,26.8231,26.9248,18.47212496589793,2126.17,30.4282,32.32,25.66,158.673428149128,18.40411760129666,12.530333
3058,PARANÁ,BULL24867515,4d,D,348.95,49.1572310431815,25.885824,25.620155,17.15958770592954,12532.129,28.869093,31.078388,24.553479,150.323737049431,17.13972705630199,12.61271703
3059,PARANÁ,BULL24867515,4d,C,36.57,62.5058608058608,26.9625,24.97,19.55693942307692,1252.929,29.97,31.84,25.0,160.183375301066,19.48412892669829,12.534449
3060,PARANÁ,BULL24867515,4d,E,67.83,40.15959161741,26.86206,26.088462,16.18509540193444,1584.15,30.201538,32.320955,24.506236,159.39398391953,16.15055439403706,12.5691487
3061,PARANÁ,BULL24867515,2d,D,33.64,71.28262476894639,24.961155,24.968544,19.68371288437153,1294.876,27.567194,29.923067,23.70106,141.879182355579,19.69957883288337,12.6619071
3062,PARANÁ,BULL24867515,4d,C,238.65,52.9339510258107,26.783347,25.936311,18.05140802095566,9289.68,30.060022,32.146942,24.64539,158.628997699638,18.00210421080071,12.56646234
3063,PARANÁ,BULL24867515,4d,B,37.8,26.9144573643411,23.900612,26.636864,13.77491170283566,396.793,27.003194,29.350254,25.171287,131.61543069306,13.78399924118894,12.85811675
3064,PARANÁ,BULL24867515,5d,C,232.7,55.5402582691436,27.014425,26.075044,18.53731942262687,9621.335,30.386435,32.407825,24.821744,160.728028084386,18.47565675465463,12.55078465
3065,SÃO CARLOS,BULL24867515,3d,E,127.05,41.0500304215558,27.522,26.961,16.5091457220339,3354.206,31.307,33.36799999999999,24.027,165.487005669361,16.45880218400844,12.54
3069,SÃO CARLOS,BULL24867515,4d,D,13.43,77.0412587412588,27.773,26.9,22.2589577412587,105.009,31.6,33.61,23.32,167.821991701097,22.1348584798093,12.53
3070,SÃO CARLOS,BULL24867515,5d,E,26.49,30.1808143547274,26.68,27.35,14.66894354727398,275.44,30.39,32.78,23.25,157.814622016729,14.6510285730909,12.61
3072,S. J. RIO PRETO,BULL24867515,5d,I,102.06,76.678458805241,27.424635,25.493435,21.97641619433378,5836.942,30.695452,33.889658,17.2231746,165.935128892116,21.9562868927282,12.71330476
3073,ARACATUBA,BULL24867515,fr,E,157.63,91.3158483828881,26.9868,25.32,23.8869075654467,11562.767,30.11,32.69,26.6,161.183213924726,23.8325931769255,
3074,GOIAS,BULL24867515,2d,E,505.4,84.553911633563,28.73,24.52,24.1382694162951,35810.1,31.93,34.06,27.29435,177.299940578408,23.993157281759,12.46
3075,MATO G. DO SUL,BULL24867515,4d,E,20.35611,46.6389647814593,26.69,25.38,17.08846392639637,301.447,29.77,31.8,27.09407,157.74419858369,17.04842816184247,12.47
3076,GOIAS,BULL24867515,>5d,E,103.6,27.9301310043668,29.0,25.89,14.70812227074236,1471.2,32.75,34.71,22.261331,179.53808530402,14.66890364711381,12.42
3077,GOIAS,BULL24867515,4d,D,238.94,50.1689433330396,28.71,25.81,18.37803043095091,8674.06,32.37,34.67,27.548822,177.140390837358,18.30323421986713,12.46
3078,S. J. RIO PRETO,BULL24867515,>5d,B,57.51,78.3601406284333,27.62,25.29,22.3654539661613,3032.05,30.87,33.34,24.29,167.051845236852,22.2892622546156,12.5
3080,MATO GROSSO,BULL24867515,3d,E,50.47,79.5225370418508,29.17,26.06,23.5936196100858,2609.592,33.02,35.12,24.200543,181.280053285499,23.4302186684166,12.43
3081,ASSIS,BULL24867515,fr,E,39.460934,77.073096202773,24.53,25.05,20.15365895420746,1798.968,27.07,29.96,24.265991,138.488299134658,20.23098525811471,12.63
3082,GOIAS,BULL24867515,4d,E,46.94,53.5147681740126,28.61,25.19,18.89560299370349,1462.526,32.03,34.19,26.424055,176.116139536647,18.81324348647779,12.45
3084,PIRACICABA,BULL24867515,5d,D,36.92,61.7189807383628,27.744162,26.432862,19.82783687219663,1250.997,31.40423,33.965347,25.947549,168.177452838628,19.76498376945033,12.6073774
3090,S. J. RIO PRETO,SCS12,>5d,E,23.46,63.5514834205934,26.15,26.52,19.29453490401396,602.78,29.46,32.17,27.16,153.267695562207,19.28255926564055,12.54
3093,RIB. PRETO,SCS12,5d,C,28.83,54.6530005941771,26.8413515,25.2608,18.33028174347891,729.85,29.915615,32.75,21.05,160.096701698709,18.3167687055507,12.6795272
3094,RIB. PRETO,SCS12,4d,B,27.56,49.1330334190231,27.029222,25.7032,17.58080602787918,589.79,30.28411,33.21,21.41,161.901147070823,17.56628430373076,12.6841638
3096,MATO G. DO SUL,SCS12,5d,I,32.16,71.8715277777778,25.26,24.57,19.93896458333333,1219.01,27.82,29.9,25.1,144.391654865126,19.92649064180337,12.62
3097,RIB. PRETO,SCS12,>5d,I,69.99000000000001,64.69718917054661,27.6227,24.9,20.23272377254699,3067.91,30.74,33.29,23.4,167.214860918713,20.17938688791352,
3098,MATO G. DO SUL,SCS117,5d,D,13.3916941,106.3080810646535,26.16,24.59,25.3540242787549,143.248,28.89,31.22,24.790798,153.190698079926,25.3154238000967,12.52
3099,PIRACICABA,SCS117,>5d,C,65.72,50.2051377513031,27.83,25.82,18.04787330603127,2064.38,31.3,33.66,24.4,168.856949814579,17.99274137491523,12.58
3100,GOIAS,SCS117,>5d,D,77.54,52.1005645407385,28.45,26.41,18.59654286695148,2640.191,32.26000000000001,34.59,28.599796,174.634847090229,18.52174918231488,12.46
3103,PIRACICABA,SCS114,>5d,A,41.64,43.9919028340081,26.61,27.11,16.67401700404858,960.24,30.22,32.75,22.7,157.333387793502,16.64949162082693,12.63
3104,S. J. RIO PRETO,SCS125,5d,I,21.58,82.6346555323591,27.21,25.39,22.7435311064718,688.68,30.4,32.499996,25.569324,162.749641541799,22.6481490019316,12.46
3105,ARACATUBA,SCS125,1/½,B,12.1,125.8,27.4,25.21,29.5252,23.38,30.57,32.64,,164.537207066931,29.3587341642167,12.56
3106,RIB. PRETO,PS321801816,>5d,E,14.32,28.8879310344828,28.5349,25.63,14.79240250862069,51.18,32.09,34.59,23.1,175.70520691212,14.76464224431762,
3107,PIRACICABA,PS321801816,>5d,B,32.89,91.3845859262805,27.185452,27.160285,24.0549081912341,1670.344,30.94903,33.452969,24.409859,162.740788573777,23.9664950831303,12.61186975
3108,RIB. PRETO,PS321801816,5d,I,159.5,94.5849491525424,28.7803,25.44,25.8580022226441,12193.28,32.32,34.88,23.5,178.115306693835,25.7186241567693,
3109,MATO GROSSO,PS321801816,2d,A,61.392635,130.858671945726,27.27,24.74,30.1497192061124,5882.743,30.26,32.38,24.892434,163.417815719736,29.9973204853705,12.48
3110,MINAS GERAIS,PS321801816,>5d,C,15.5783463,74.1599983210121,28.53,25.94,22.2750477224633,234.43,32.2,34.65,25.0,175.569516738534,22.167480885836,12.59
3111,RIB. PRETO,PS321801816,2d,A,17.26,108.0076045627376,26.1015,24.44,25.5385123574144,517.0,28.78,31.5,23.1,153.121414319943,25.5487289413633,
3112,PIRACICABA,PS321801816,4d,B,38.82,88.7892990305742,27.69,25.81,24.0482410178971,2071.489,31.13,33.58,25.0,167.627087507717,23.9504949598874,12.6
3114,PIRACICABA,PS321801816,5d,I,29.03,90.0001761597182,27.633321,25.890265,24.1940179196142,1340.343,31.079811,33.571812,25.294344,167.125968429015,24.09985286441,12.606868
3115,PIRACICABA,PS321801816,2d,B,34.71,95.1188903566711,26.56,26.29,24.1021104359313,1899.63,29.9,32.9,25.0,157.471467784539,24.0914269808071,12.7
3118,S. J. RIO PRETO,PS321801816,1/½,I,16.78,119.857740585774,25.77,24.72,26.8520108786611,527.56,28.47,31.19,27.45,149.961862494827,26.8802547756973,12.58
3119,PARANÁ,SCS19004M,2d,E,47.83,44.2014512977951,26.6627,23.85,16.72160219944181,1165.778,29.27,31.59,28.0,158.020099930971,16.70205913642636,12.617112
3120,PARANÁ,SCS19004M,2d,D,360.47,37.8382644130054,26.527982,24.435561,15.75377840303383,9015.86,29.286392,31.847975,24.448541,156.954497182391,15.74537262605286,12.65358603
3121,PARANÁ,SCS19004M,1,C,16.99,48.0170340681363,24.450818,25.839713,16.48441536082164,191.725,27.183825,29.571913,22.808797,137.001990618877,16.50220095470494,12.67708653
3122,PARANÁ,SCS19004M,fr,D,51.03,87.9140148603638,25.5261545,24.179287,22.2682469371658,2974.924,28.022581,30.052309,26.003396,146.887294939017,22.2398361124748,12.59677714
3128,GOIAS,BULL24855156,fr,D,28.691652,109.6353329197134,28.18,25.2,27.7973968664096,1641.695,31.51,34.26000000000001,24.735492,172.655697305416,27.685672491863,12.53
3129,MATO G. DO SUL,BULL24855156,4d,E,124.7,53.6169210292813,28.36,25.07,18.80852828039042,4702.227,31.68,33.77,24.622289,173.682056887986,18.72870939335907,12.45
3130,MATO G. DO SUL,BULL24855156,3d,I,17.82,40.76563573883161,27.11,26.03,16.34648756013746,179.416,30.49,32.58,22.459574,161.71610260979,16.30667887191077,12.45
3131,MATO G. DO SUL,BULL24855156,3d,E,12.84,32.227380952381,27.4,27.95,15.11501666666667,28.991,31.5,33.95,25.556196,164.617762249566,15.08705761712188,12.47
3132,S. J. RIO PRETO,BULL24855156,3d,C,23.17,75.0419874664279,27.53,25.45,21.79042065353626,716.179,30.81,34.1,26.0,167.03039812784,21.77342441569063,12.72
3133,RIB. PRETO,BULL24855156,>5d,I,41.2,73.041095890411,24.24,24.92,19.4714301369863,1794.4,26.69,29.6,23.93,135.824164334313,19.5583626886808,12.65
3134,RIB. PRETO,BULL24855156,5d,D,60.03,67.38788257339161,29.1713,24.99,21.5108194803248,2672.28,32.63,35.06,23.9,181.74679801003,21.40191571538877,
3135,RIB. PRETO,BULL24855156,2d,B,21.75,97.2369230769231,28.6304,24.5,26.1752412553846,843.06,31.81,33.5,23.3,175.869146935119,25.9677018719898,
3136,PIRACICABA,BULL24855156,2d,D,78.43,50.5343971097396,26.82,25.81,17.71079765166341,2571.84,30.06,33.45,22.3,160.393705979675,17.71826199480672,12.75
3137,RIB. PRETO,BULL24855156,4d,I,34.79,126.286529179465,26.3839,24.92,28.438860070645,2616.59,29.26,32.15,24.0,155.900129214421,28.4458463163927,
3138,RIB. PRETO,BULL24855156,3d,A,62.3,85.538787276342,27.93,25.59,23.7147288131213,3711.001,31.34,34.23,26.3,170.382003889154,23.6472204924053,12.66
3139,RIB. PRETO,BULL24855156,>5d,D,160.3,63.6068779501011,28.4179,25.75,20.47276561496966,7665.3,31.99,34.51000000000001,23.2,174.601954411844,20.39137921577993,
3140,RIB. PRETO,BULL24855156,>5d,C,280.81,67.9248911870838,28.4239,26.04,21.18504820367546,15045.17,32.1,34.34,23.7,174.337334933868,21.07869779177776,
3141,RIB. PRETO,BULL24855156,>5d,B,437.62,68.4522014942907,26.85,25.28,20.38315192190217,24039.186,29.94,32.9,24.38,160.308994273467,20.37236922814137,12.7
3142,RIB. PRETO,BULL24855156,3d,D,32.4,93.5754901960784,27.7837,25.46,24.8756306460784,1676.14,31.12,32.92,23.4,167.845249591307,24.7131526301411,
3146,MATO GROSSO,BULL24855156,fr,E,25.007799,87.2590042327684,28.06,26.27,24.0865960797826,990.954,31.73,34.18,23.806309,171.075827529532,23.9718883773762,12.48
3148,PARANÁ,BULL24855156,1,E,22.73,54.5851817334576,25.8711,25.82,17.90703314342964,468.939,28.91,31.51,25.0,150.615414361168,17.90296261162887,12.668219
3150,RIB. PRETO,BULL24855453,4d,C,17.48,66.7189781021898,29.3629,25.56,21.50080144890511,311.86,33.07,35.31,24.5,183.308776989986,21.37384121682794,
3151,GOIAS,BULL24855453,3d,I,27.66,40.1570881226054,26.26,25.79,16.01520076628353,452.94,29.37,31.830002,23.438881,154.126555159423,16.00186993818621,12.52
3152,S. J. RIO PRETO,BULL24855453,3d,I,39.32,83.8442532942899,26.648515,26.571135,22.5241162204521,1974.785,30.092741,33.033646,28.688047,158.203404780848,22.5038744455628,12.6912829
3153,S. J. RIO PRETO,BULL24855453,2d,C,29.01,137.945914168136,26.89,24.33,30.7533466196355,2154.34,29.68,32.33,26.19,160.484616438424,30.7010307572424,12.55
3154,PIRACICABA,BULL24855453,>5d,B,22.15,66.9331034482759,28.1,25.7,20.84422965517242,569.571,31.58,33.93,26.0,171.420406103288,20.75745766023808,12.58
3155,RIB. PRETO,BULL24855453,5d,C,15.94,92.0609137055838,26.9829,24.86,23.9954466395939,327.44,29.96,32.6,24.4,161.275309432836,23.9511176668766,
3156,GOIAS,BULL24855453,5d,C,22.79,53.2696941612604,28.5,25.57,18.80949953660797,457.3,32.03,34.08,22.863388,174.912864131989,18.72336407766217,12.43
3157,S. J. RIO PRETO,BULL24855453,4d,I,172.59,63.4679681175665,26.697573,26.314486,19.56454218569606,8277.241,30.075146,33.50599,27.577836,159.202287828171,19.57620265677315,12.76065964
3158,RIB. PRETO,BULL24855453,3d,B,24.58,107.6448330683625,28.5939,24.996,27.871207954531,1215.212,31.9392,35.31,24.1,177.209745358838,27.8014585161128,
3159,RIB. PRETO,BULL24855453,3d,A,18.86,77.0185131195335,28.6536,24.939,22.8279231008746,458.027,31.9922,34.77,24.1,177.198868816026,22.7409848194469,
3161,GOIAS,BULL24855453,4d,D,48.8,74.5321195652174,27.47,25.84,21.67371889673913,2313.182,30.86,34.39,24.2,166.641415743027,21.67005549897747,12.75
3162,GOIAS,BULL24855453,4d,C,67.62,91.83563466379,28.31,24.69,25.0211920136642,4452.458,31.49,34.39,23.2,174.108065690962,24.9420003085573,12.66
3165,SÃO CARLOS,PS321803280,>5d,B,28.76,41.2158114558473,26.56,27.23,16.25382214797136,501.657,30.2,32.66,23.29,156.770182243954,16.22957834886801,12.62
3166,SÃO CARLOS,PS321803280,5d,A,68.93,27.8969260495345,25.189,28.508,14.09664557667311,917.012,28.87,31.428,22.679,143.771165013581,14.09475646568191,12.659
3169,PIRACICABA,PS321803280,4d,B,20.69,58.741081703107,27.43,24.73,19.21214890678941,418.18,30.45,32.96,25.3,165.372369149873,19.16879043743329,12.62
3170,RIB. PRETO,PS321803280,>5d,A,227.54,64.9418205437506,26.94,25.5,19.90950798923634,11423.08,30.12,32.68,23.84,160.693702135142,19.87211529442457,12.64
3171,RIB. PRETO,PS321803280,3d,I,20.32959,67.72903348183999,28.57,25.11,21.2343008479409,476.2,31.95,34.261015,25.11,175.905424336831,21.13429088072245,12.47
3174,RIB. PRETO,PS321803280,1/½,C,38.23,106.5240945482272,27.2949,24.617,26.4573657370568,2491.367,30.2548,33.52,31.63,164.921309371722,26.4547483054913,
3175,RIB. PRETO,PS321803280,1/½,B,72.9,113.459277504105,27.5652,24.646,27.792339462069,6190.87,30.5881,33.81,28.87,167.416700486626,27.768466143445,
3176,GOIAS,PS321803280,>5d,C,134.99,61.3563216521668,26.57,26.91,19.19121606472071,6082.334,30.11,33.32,23.8,157.687710826312,19.19060951631133,12.73
3177,ASSIS,PS321803280,5d,A,40.54,82.5129642606868,26.01,25.58,21.87886629292222,2024.44,29.01,31.18,24.7,151.454162214561,21.83332635623932,12.6
3178,RIB. PRETO,PS321803280,4d,I,44.94,76.4068002428658,27.7563,25.41,22.1481286666667,2133.56,31.07,33.19,25.9,167.947872103726,22.0441034468847,
3179,RIB. PRETO,PS321803280,>5d,I,19.87,73.722998729352,27.1515,25.94,21.35196015247776,497.76,30.51,33.38,23.4,162.962088931779,21.31783282331648,
3180,SÃO CARLOS,PS321803280,3d,E,50.51,68.90467411062059,27.774,26.812,20.9761432942093,2203.399,31.568,33.731,23.367,168.002745964962,20.87728541949807,12.553
3182,RIB. PRETO,PS321803280,2d,A,91.5,56.1353836477987,27.7382,24.699,18.94611494925786,3520.763,30.8158,34.25,25.08,169.251704639815,18.94036431354858,
3183,RIB. PRETO,PS321803280,3d,B,47.7,60.4263305322129,27.569811,25.464,19.53988813810084,1740.82,30.862179,33.2,21.47,166.412663979554,19.47763870423339,12.5892417
3184,ASSIS,SCS19005HP,3d,A,16.68,120.279914529915,25.63,25.95,26.7585523504274,518.75,28.65,30.63,23.8,147.588623515098,26.6815245654435,12.58
3185,RIB. PRETO,SCS19005HP,4d,B,110.54,96.0253907042825,26.91,25.88,24.5281857540085,8291.862,30.2,32.92,24.8,160.532901418022,24.48053507409,12.66
3186,RIB. PRETO,SCS19005HP,>5d,B,281.16,66.4285183533958,27.79,25.65,20.59426304800119,14661.98,31.19,33.88,26.0,168.846020188232,20.53689648847227,12.63
3187,RIB. PRETO,SCS19005HP,3d,C,27.06,106.7015272244356,27.02,25.42,26.2241693891102,1438.205,30.18,32.98,25.0,161.72167476287,26.178871258644,12.67
3188,S. J. RIO PRETO,SCS19005HP,3d,B,38.13,83.0946039035591,27.66,25.58,23.1334149712974,1869.702,31.01,33.94,28.0,167.87390481232,23.0817935215329,12.67
3189,ASSIS,DIVERSAS,1/½,B,29.4,113.652873563218,26.12,25.41,26.3533857471264,1780.76,29.08,31.44,29.4,152.741362944992,26.3067639725623,12.63
3190,RIB. PRETO,DIVERSAS,1/½,B,21.07,128.631753031974,26.767447,25.6424,29.2235323141676,1069.85,29.946407,32.3,29.57,158.816988298455,29.1235227201235,12.608676
3191,S. J. RIO PRETO,DIVERSAS,2d,I,21.47261,78.8516913501136,26.84,25.42,21.92079099635686,645.26,29.96,32.632761,25.602091,159.886335190929,21.88645163508346,12.54
3192,RIB. PRETO,DIVERSAS,>5d,I,48.06,81.2831392124237,26.93,25.34,22.3439726844149,2510.35,30.05,32.480495,24.043211,160.478033073086,22.2870242353895,12.51
3193,RIB. PRETO,DIVERSAS,BIS,I,16.93,71.65720081135899,27.19227,26.2768,21.06328302170385,306.11,30.670792,33.29,20.88,163.038556389822,21.01053748880536,12.6329768
3194,MATO G. DO SUL,DIVERSAS,1/½,D,35.05,63.7678958785249,27.24,25.3,19.8894273318872,1205.25,30.41,32.95,27.48,163.533820211418,19.84458702677978,12.52
3195,MINAS GERAIS,DIVERSAS,1,A,54.659966,105.6199996033752,26.33,25.84,25.4157459431637,4005.826,29.48,32.22,24.0,155.091346690457,25.396211820407,12.68
3196,MATO G. DO SUL,DIVERSAS,fr,D,36.71,100.9983812221773,25.68,24.7,24.1749785511938,2211.15,28.35,31.53,23.77,149.650502164972,24.2506718671023,12.64
3197,S. J. RIO PRETO,DIVERSAS,1,I,86.72734,75.8412928922667,27.66,24.76,21.99754646692897,4782.69,30.74,33.451668,21.648967,167.759728368002,21.94390243956156,12.54
3198,S. J. RIO PRETO,DIVERSAS,1,I,180.44,78.9255521253859,26.6,25.21,21.77113061030634,11284.94,29.61,32.48999999999999,21.69,157.879728395454,21.76308136676707,12.57
3199,SÃO CARLOS,DIVERSAS,2d,I,34.82,90.0258545135846,27.07,23.9,23.7584962751972,1792.55,29.77,32.730082,25.536542,162.587545323823,23.7497219029944,12.59
3200,RIB. PRETO,DIVERSAS,3d,D,128.15,64.4651743435213,27.14,25.36,19.94322739560913,6105.83,30.31,33.11,22.7,162.861468150775,19.91497322824999,12.67
3201,GOIAS,DIVERSAS,4d,D,88.12,86.2804781923279,26.28,26.72,22.6072522858644,5666.23,29.69,32.95,24.5,155.040550394467,22.6251204841947,12.75
3202,GOIAS,DIVERSAS,4d,D,27.7,85.7904458598726,27.6,25.99,23.5113095541401,1170.51,31.08,34.4,22.9,167.636163765707,23.4844619161917,12.72
3203,PIRACICABA,DIVERSAS,5d,I,12.72,102.2777777777778,27.3778,24.784,25.8827361111111,77.0,30.4089,32.67,24.82,164.593468803772,25.7757992670072,12.5862077
3204,GOIAS,DIVERSAS,4d,E,12.75,65.4133333333333,27.48,26.21,20.268384,52.06,31.0,34.21,28.621735,166.365247825498,20.24516243718594,12.57
3205,MATO G. DO SUL,DIVERSAS,3d,C,85.94,69.0208276981336,27.89,25.42,21.06060952123343,4228.12,31.23,33.82,,169.718440973816,20.99323604758623,12.51
3206,GOIAS,DIVERSAS,3d,I,109.18,111.5828359744804,25.39,25.33,25.3341417369829,9689.46,28.19,31.92,22.3,147.426917813024,25.4861965431038,12.85
3207,MATO G. DO SUL,DIVERSAS,4d,A,14.57,79.1128404669261,25.311,25.2856,20.93339019455253,184.48,28.0753,30.03,25.24,144.62231234212,20.90066009057154,12.58286
3208,MATO G. DO SUL,DIVERSAS,1/½,A,33.21,118.53323903819,27.32,25.09,28.3208922206506,2271.57,30.44,32.82,29.8,164.141209857436,28.2080958773016,12.5
3209,RIB. PRETO,DIVERSAS,5d,A,49.61,75.3398032438181,27.303357,25.5312,21.69311621349907,2394.21,30.561308,33.25,23.06,164.261564025462,21.64421750696876,12.6449865
3210,ASSIS,DIVERSAS,2d,B,52.04,100.9762737262737,26.27,25.28,24.6969142607393,3574.61,29.24,31.36,25.7,153.887790042344,24.6246468452236,12.59
3211,MATO G. DO SUL,DIVERSAS,fr,E,53.57,93.148664902574,25.07,25.02,22.6061305027664,3385.35,27.71,30.29,26.42,143.174085730539,22.6446019268491,12.58
3212,GOIAS,DIVERSAS,1/½,C,78.17,98.5157926552819,26.96,24.46,24.9427625812302,5736.75,29.81,33.19,,161.916188638791,24.9701178919437,12.76
3213,MATO G. DO SUL,DIVERSAS,>5d,B,44.12,66.0479452054795,25.78,24.38,19.44780684931507,1748.02,28.38,31.15,23.41,150.166639468444,19.46762295921569,12.6
3215,RIB. PRETO,DIVERSAS,4d,B,14.88,87.7072916666667,27.77,24.86,23.9390398958333,230.037,30.9,33.44,24.4,168.602762404907,23.855971009194,12.62
3216,PIRACICABA,DIVERSAS,4d,C,15.39,87.1474926253687,26.26,25.82,22.7160324483776,266.75,29.39,32.26000000000001,24.0,154.577228181234,22.7143212032948,12.7
3217,PARANÁ,DIVERSAS,4d,C,12.47,20.69148936170213,25.8329,27.58,13.20228503191489,16.085,29.4,31.48,23.0,149.431942271705,13.19448826421259,12.577324
3218,S. J. RIO PRETO,DIVERSAS,2d,I,30.52,108.1225701943845,27.4,24.75,26.8028758099352,1792.19,30.43,32.82232,25.476354,164.954274947705,26.702358030192,12.51
3219,MATO G. DO SUL,DIVERSAS,>5d,I,24.43,59.0458567980692,26.81,25.24,18.96749139179405,596.78,29.87,31.67,24.1,158.623972532894,18.89805041494657,12.53
3220,MATO G. DO SUL,DIVERSAS,5d,B,44.34,132.196629560915,26.48,24.88,29.4044719604205,3899.159,29.36,31.47,26.327585,155.912047958455,29.2977431178151,12.49
3222,MINAS GERAIS,DIVERSAS,2d,A,26.0,119.269285714286,26.23,25.48,27.2644193571429,1513.77,29.25,32.61,26.8,154.873145070923,27.3259002195114,12.78
3228,GOIAS,BULL2492579,4d,E,916.9275,51.197399791696,27.79,25.75,18.1892694271088,35482.805,31.23,34.06,26.012343,168.975359827064,18.15302593658676,12.53
3229,MINAS GERAIS,BULL2492579,1,C,94.19174,87.3406729192009,26.74,25.33,23.1052151882902,6204.381,29.82,32.03,26.0,158.432304343194,23.0323083463254,12.6
3230,ASSIS,BULL2492579,5d,I,159.89,65.1396916627223,25.45,25.73,19.14728852863615,7870.829,28.37,31.19,24.27,146.920425695011,19.16962982043614,12.59
3231,MATO G. DO SUL,BULL2492579,fr,D,31.52,87.7289959016394,24.33,23.84,21.33738519467213,1490.23,26.52,29.53,25.43,136.973201568233,21.46409506937547,12.68
3232,MINAS GERAIS,BULL2492579,4d,D,70.093727,106.5715360971762,27.07,25.49,26.2519304898445,5506.013,30.26,32.51000000000001,23.0,161.581838440076,26.1461842335176,12.59
3233,MINAS GERAIS,BULL2492579,4d,C,284.69,74.68330338479589,27.27,24.52,21.57174042685834,17105.11,30.2,33.73,24.4,164.973305030689,21.58887208901363,12.77
3234,GOIAS,BULL2492579,4d,C,38.46,85.0812547241119,27.43,26.42,23.2764376039305,1945.73,31.01,34.5,23.6,166.133630624585,23.2642791212275,12.74
3236,MATO GROSSO,BULL2492579,4d,C,17.6,105.5389285714286,27.24,26.4,26.2553327142857,535.818,30.77,32.97,23.398933,163.026427267002,26.1268501925262,12.46
3237,MATO G. DO SUL,BULL2492579,1/½,D,253.11,130.127618099623,24.93,23.54,27.2739010202812,28493.75,27.15,30.05,26.92,142.488703400761,27.41431972164,12.65
3238,MATO G. DO SUL,BULL2492579,4d,D,514.8299999999999,62.1190263110793,26.28,25.25,19.15699695722212,25213.35,29.23,31.7,23.53,154.399300556566,19.1369142912738,12.53
3239,MINAS GERAIS,BULL2492579,3d,B,26.622178,117.960001307603,26.74,26.16,27.6185041927406,1561.366,30.08,33.01000000000001,25.0,159.112734267943,27.5880655153963,12.7
3240,MINAS GERAIS,BULL2492579,5d,E,64.93290999999999,77.5700017248249,27.66,25.9,22.2682622701076,3482.811,31.12,33.79,24.0,167.562415299332,22.2002278394951,12.63
3241,MATO G. DO SUL,BULL2492579,4d,B,99.43,82.4162987532884,26.74,25.04,22.3793624362347,6168.497,29.73,32.06,26.338132,158.606880901126,22.3235139248214,12.51
3243,GOIAS,BULL2492579,>5d,E,91.67,45.0747207229823,25.93,26.34,16.60730859671143,2647.063,29.14,32.11,24.546316,151.504706605066,16.61407921050415,12.59
3244,PARANÁ,BULL2492579,3d,D,25.38,137.708146487294,25.8825,24.65,29.4514334360987,1693.975,28.58,30.72,26.0,150.331273999719,29.3893680557308,12.603049
3245,PARANÁ,BULL2492579,3d,D,56.23,60.4123897806918,25.6052,25.8,18.58660245444269,2153.28,28.58,30.66,23.0,147.494802168593,18.55962717584364,12.593445
3246,MATO G. DO SUL,BULL2492579,2d,E,123.35,94.9179164795689,27.99,24.42,25.2585748450831,9244.91,31.02,33.44,25.37,170.61035430069,25.1516401106994,12.5
3247,MINAS GERAIS,BULL2492579,2d,D,32.648632,116.829995517379,28.0,25.63,28.7727992827806,2176.596,31.44,33.75,24.0,170.438018867392,28.609056807651,12.58
3248,MINAS GERAIS,BULL2492579,>5d,C,50.69,62.2563970018093,27.81,24.32,19.94553636598604,1956.42,30.78,34.04,23.5,169.810775285944,19.93100097393369,12.72
3250,RIB. PRETO,BULL2492579,5d,C,105.57,76.86087421182,28.2274,24.378,22.5252335018489,6081.032,31.2904,34.28,22.63,173.46291304981,22.4726256931977,
3253,MATO G. DO SUL,BULL2492579,5d,D,33.75,66.6294252873563,27.19,25.72,20.29820970114943,1200.19,30.48,33.08,23.18,163.071409886021,20.25294429942394,12.52
3254,MINAS GERAIS,BULL2492579,3d,C,82.24,78.2391799544419,27.43,24.56,22.2207054669704,4664.64,30.4,33.97,28.0,166.511463081455,22.2347126080766,12.77
3255,PARANÁ,BULL2492579,1,I,23.0,77.1638181818182,25.4807,25.32,20.78453883763636,728.802,28.29,30.69,23.0,146.773495067906,20.78235552833319,12.651412
3256,ASSIS,BULL2492579,4d,A,53.82,90.0932568149211,26.01,24.92,22.9408652797704,3277.86,28.82,31.1,25.0,151.66978517002,22.9072684025672,12.62
3258,S. J. RIO PRETO,BULL2492579,>5d,D,81.97,66.4559096755753,26.9,25.79,20.11393054166071,3822.28,30.16,32.95,23.08,160.525684287835,20.08810124808133,12.55
3260,MATO G. DO SUL,BULL2492579,5d,E,43.3,99.1776038338658,28.24,25.9,26.1576428626198,2740.659,31.82,33.76000000000001,25.416004,172.290635981848,25.9737535619039,12.42
3261,MATO G. DO SUL,BULL2492579,5d,B,28.28,91.6808968058968,26.31,24.75,23.4023363329238,1309.205,29.12,31.03,24.934347,154.074822683054,23.3206492849245,12.46
3262,PIRACICABA,BULL2492579,1/½,B,74.92,133.964558169104,25.97,24.254,29.0384487762238,7686.01,28.571,31.294,28.103,151.915561735707,29.0647396680774,12.699
3263,RIB. PRETO,SCS120,>5d,I,166.66,66.4879736195526,26.7754,24.27,20.05081605418337,8439.11,29.53,32.36,23.1,159.614912941792,20.0432374822249,
3264,S. J. RIO PRETO,SCS120,5d,I,47.91,79.3536619326093,26.92,23.95,22.0491663603453,2430.67,29.6,32.31,24.98,160.889122274197,22.0282276070992,12.57
3266,ARACATUBA,SCS120,2d,C,27.64,93.3985294117647,27.972355,24.778283,25.0012620824265,1285.073,31.120626,33.87811,25.458035,170.756937908479,24.922581279665,12.64883816
3268,S. J. RIO PRETO,SCS120,5d,I,51.46,76.3945007602636,26.9,24.32,21.59478061327927,2553.007,29.69,33.03,25.0,161.334312261455,21.61630848445369,12.75
3269,ARACATUBA,SCS120,3d,D,60.79,91.9113547858168,26.036936,24.485027,23.217105728018,3910.875,28.71383,32.358683,24.9744625,153.537567280567,23.3104587544788,12.8302554
3270,RIB. PRETO,SCS120,>5d,B,20.15,29.2088343558282,27.6085,24.53,14.68604091042945,152.252,30.6003,34.13,24.97,168.154895221958,14.68724372572638,
3271,MINAS GERAIS,SCS120,2d,A,439.3,104.8018020126375,26.14,23.99,25.1221748045869,39666.21,28.7,30.96,27.2,152.994528718713,25.0845463390191,12.62
3272,S. J. RIO PRETO,SCS120,3d,C,20.78,70.118451025057,26.43,24.76,20.38649248291572,522.28,29.27,32.17,23.1,156.368430446284,20.39046955445672,12.7
3275,ARACATUBA,SCS120,>5d,I,27.01,88.7055296469021,26.03,24.48,22.7617858094604,1163.35,28.71,31.43,24.5,152.442308019476,22.7727016214672,12.69
3276,ARACATUBA,SCS120,5d,I,41.41,80.7830669840191,27.1,25.24,22.3862431145869,2034.91,30.22,33.0,24.1,162.480131252797,22.3504849477251,12.67
3278,GOIAS,AIC456911099,3d,C,17.84,73.5547945205479,28.33,27.49,22.0518979452055,371.48,32.5,35.9,24.1,174.376554001279,21.9950554165034,12.7
3279,GOIAS,AIC456911099,4d,I,63.02,116.220109760878,25.01,25.46,25.5590362798902,5329.31,27.76,32.22,24.5,144.615552816167,25.8212074705005,12.97
3280,GOIAS,AIC456911099,5d,D,35.32,77.7714408233276,26.62,26.33,21.6157846483705,1545.79,29.98,33.88,21.5,158.931071528954,21.66386827617475,12.82
3281,GOIAS,AIC456911099,>5d,I,73.39,62.3287180322528,27.29,26.7,19.69526098713146,3101.68,30.94,33.363472,24.159948,163.701615650443,19.63494783910832,12.48
3282,GOIAS,AIC456911099,5d,I,103.56,80.5157273918742,26.2,25.44,21.72923328964613,6285.3,29.19,32.98999999999999,25.0,155.055083660033,21.80152311407258,12.83
3283,GOIAS,AIC456911099,5d,E,99.24,28.7830123796424,24.87,31.27,14.15997369325997,1476.15,29.32,33.45,23.6,141.883900682564,14.17984311307171,12.88
3284,MINAS GERAIS,SCS124,4d,B,59.61,78.220331863054,27.01,24.58,21.9396718126444,3164.75,29.9,32.19,26.5,161.173032485539,21.87828771621054,12.61
3287,MINAS GERAIS,AIC456PS321955000,>5d,A,127.693016,89.6363198967862,26.32,26.13,23.1175210092198,8993.98,29.55,32.0,23.0,154.636020194389,23.0737356926161,12.64
3288,MINAS GERAIS,AIC456PS321955000,>5d,C,39.00122,102.1100024369269,25.77,25.22,24.4081473355648,2445.08,28.61,31.12,25.0,149.643128735256,24.4030226657602,12.67
3290,RIB. PRETO,AIC456PS321955000,>5d,A,15.27,86.2262996941896,29.3894,24.82,24.9075081590214,254.72,32.83,35.19,23.8,183.765866853544,24.7495447103034,
3291,RIB. PRETO,AIC456PS321955000,>5d,I,36.42,47.7416052416052,27.2013,26.15,17.43318863759214,884.81,30.64,33.31,23.4,163.194175230284,17.40392252591089,
3295,GOIAS,AIC456PS321955000,>5d,I,85.42446,74.3823450659358,27.17,25.85,21.46340174650246,4592.39,30.5,33.054932,23.535047,162.816560488159,21.40829071802989,12.51
3296,ASSIS,AIC456PS321955000,3d,C,31.34,102.440537745605,26.62,24.66,25.2224066184074,1761.12,29.46,31.65,26.5,157.358475936486,25.1462987295774,12.59
3297,PIRACICABA,AIC456PS321955000,4d,I,45.17,55.361621947543,26.79,25.68,18.4131838860416,1450.305,29.98,32.45,26.0,159.156133919886,18.38092864629609,12.63
3298,PIRACICABA,AIC456PS321955000,3d,I,15.61,89.9645429362881,26.93,24.48,23.6401062603878,293.452,29.78,32.37,26.0,160.772281080311,23.5989628960154,12.65
3299,MINAS GERAIS,AIC456PS321955000,>5d,I,28.24,73.45012315270941,27.95,25.03,21.80129464285714,1009.95,31.18,33.35,26.9,169.883096408991,21.70193571806361,12.56
3300,S. J. RIO PRETO,AIC456PS321955000,5d,E,23.58,78.1753022452504,26.73,25.75,21.74762202072539,778.31,29.93,33.87,28.7,160.102851013347,21.80075092919154,12.83
3301,MINAS GERAIS,AIC456PS321955000,>5d,I,16.67,93.3340471092077,27.46,25.88,24.5742436830835,391.83,30.87,33.44,23.6,165.569259235306,24.4904093651705,12.62
3303,RIB. PRETO,AIC456PS321955094,2d,I,45.33633,135.794370886057,27.4,24.29,31.0643331164528,4138.85,30.28,32.576069,23.803936,164.904178827595,30.9286766238113,12.5
3304,PIRACICABA,AIC456PS321955094,3d,I,33.01000000000001,83.315516420752,27.360399,27.417604,22.954347871138,1510.339,31.260933,33.93533499999999,25.013335,164.535451900137,22.878144524731,12.6318669
3306,S. J. RIO PRETO,AIC456PS321955094,2d,I,133.54,113.574716142834,26.668365,25.231254,26.8993501115448,12357.391,29.699453,32.937023,26.959066,158.902419890341,26.9215716010568,12.74
3307,S. J. RIO PRETO,AIC456PS321955094,3d,I,32.61,114.577292576419,26.55,25.04,26.924996069869,2126.118,29.5,32.17,24.0,157.200301754118,26.8942538352166,12.67
3308,S. J. RIO PRETO,AIC456PS321955094,3d,B,22.52,68.7105513307985,26.51,25.55,20.22870099809886,608.595,29.6,32.52,28.0,157.026674147958,20.22454264860276,12.7
3309,MINAS GERAIS,AIC456PS321955094,1/½,D,84.13,107.7153750173298,27.02,24.15,26.3764493276029,6915.95,29.78,32.91,,162.265272746666,26.3826969330285,12.73
3310,MINAS GERAIS,AIC456PS321955094,4d,D,17.52,86.4420289855073,28.42,24.72,24.2233811594203,422.92,31.63,35.08,27.3,175.688737772944,24.1853217618946,12.72
3311,GOIAS,AIC456PS321955094,4d,D,48.41,113.580335072782,26.42,24.91,26.6478843174952,3710.54,29.3,32.11,24.4,156.152165490926,26.6430252720354,12.69
3312,S. J. RIO PRETO,AIC456PS321955094,3d,B,134.18,71.3958094614503,27.21,25.25,21.03410261908659,7268.98,30.36,33.43,27.5,163.821545609639,21.01756359517302,12.7
3313,S. J. RIO PRETO,AIC456PS321955094,3d,B,106.2,72.6288747346072,27.42,24.1,21.34897248407643,5723.24,30.24,32.76000000000001,27.1,165.371895301967,21.29876542807228,12.63
3314,MINAS GERAIS,AIC456PS321955094,3d,C,24.12,89.009900990099,27.29,24.57,23.7748138613861,945.36,30.24,33.75,26.8,165.132670065756,23.7927317601134,12.77
3315,GOIAS,AIC456PS321955094,2d,C,16.39,91.4783599088838,28.22,26.31,24.891389977221,360.91,31.95,35.25,24.5,173.417099933493,24.8291663639624,12.69
3316,MINAS GERAIS,AIC456PS321955094,4d,I,83.41,73.6018764878869,28.22,25.14,21.99182436633525,4410.99,31.54,33.57,,172.279314729848,21.87350654955126,12.54
3317,S. J. RIO PRETO,AIC456PS321955094,2d,B,12.92,97.1097826086957,27.228482,26.134068,24.9609279248043,90.301,30.66839,33.492851,25.142527,163.614031372857,24.9038372505719,12.66717255
3318,PARANÁ,AIC456PS321955094,fr,D,27.71,104.1996180776576,25.3313,24.68,24.2914076847868,1460.456,27.93,30.19,26.0,145.280669222408,24.2884267994406,12.637006
3319,S. J. RIO PRETO,AIC456PS321955094,3d,B,19.37,88.7735413839891,27.59,25.6,23.9689951017639,577.821,30.93,33.85,26.0,167.200305703707,23.9152770927513,12.67
3320,ARACATUBA,AIC456PS321955094,2d,I,41.95,57.6329549248748,27.531585,24.956909,19.08752118216861,1378.707,30.650442,33.413818,25.145455,166.574904139648,19.05370963312141,12.6538701
3321,S. J. RIO PRETO,AIC456PS321955094,1/½,D,15.42,131.040935672515,26.68,25.09,29.4752093567251,419.12,29.67,32.48999999999999,29.0,158.584969821336,29.4496119630592,12.68
3322,SÃO CARLOS,AIC456PS321955094,1/½,I,39.48999999999999,124.490360130957,26.23,24.14,28.0073782466351,3104.36,28.85,31.76,28.88,154.593068888568,28.0403456714534,12.61
3323,RIB. PRETO,AIC456PS321955094,4d,I,24.60405,85.17727238467,27.86,24.17,23.6059154002087,934.33,30.79,33.404966,25.21,169.624549250957,23.5345345750481,12.53
3324,RIB. PRETO,AIC456PS321955094,3d,A,34.8,91.3035087719298,27.027436,24.7848,23.9172840264561,1820.12,29.989687,32.43,22.19,161.482503529842,23.8544870299288,12.620705
3325,RIB. PRETO,AIC456PS321955094,1/½,C,23.16,76.7455197132616,26.4678,25.759,21.36725230107527,734.56,29.6028,32.81,29.94,156.905420970534,21.38197679000617,
3326,RIB. PRETO,AIC456PS321955094,1/½,B,20.36,148.643181818182,27.325,24.452,32.9405676136364,1154.337,30.2391,33.4,30.66,165.121282879513,32.9229792967385,
3327,RIB. PRETO,AIC456PS321955094,>5d,C,30.37,88.8971148611867,27.037188,24.9408,23.5631637282526,1424.6,30.05052,32.84,23.8,161.940123065472,23.5299628656661,12.67011297
3328,MINAS GERAIS,AIC456PS321955094,1/½,I,41.78,104.2115513767629,25.96,23.9,24.8727325721961,2758.06,28.45,31.46,29.1,152.212877001075,24.9292469112684,12.74
3329,PIRACICABA,AIC456PS321955094,4d,A,18.33,75.9257503949447,26.62,27.41,21.34594470774092,416.65,30.34,32.62,25.0,157.120801104873,21.2769561085445,12.59
3330,GOIAS,SCS111,5d,B,73.93,73.5835297917003,26.83,25.64,21.13283746810916,3825.868,30.02,33.26000000000001,25.5,160.361249764224,21.13660944478899,12.73
3331,PIRACICABA,SCS111,>5d,B,54.19,31.0635221616497,26.38,27.19,14.74133448684522,816.29,29.96,32.66,26.3,155.331613421177,14.73240538891961,12.66
3334,ASSIS,SCS116,5d,A,271.33,105.7911155670381,26.7,26.09,25.7872939883546,24334.85,30.01,31.86,25.8,157.547413614213,25.6510542907741,12.53
3335,ASSIS,SCS116,5d,A,32.97,81.9365760610396,26.94,27.32,22.4485244635193,1478.57,30.71,32.73,23.9,159.880757380914,22.3422738365344,12.55
3336,ASSIS,SCS116,4d,D,51.48,81.943009118541,26.94,27.32,22.44948556231,2773.35,30.71,32.73,23.9,159.880757380914,22.34322516195,12.55
3337,ARACATUBA,AW,5d,I,31.47,43.2514637904468,25.55,26.8,16.23457334360555,620.466,28.81,31.83,26.0,147.917801250231,16.24763024424873,12.74
3338,PIRACICABA,PT35961007,2d,D,14.86,105.3800699300699,26.49,30.97,25.5307721328671,279.067,31.39,34.4,29.0,156.156099128534,25.4613066174686,12.67
3339,PIRACICABA,PT35961007,1/½,D,24.99,138.060046189376,28.0,24.32,32.1696073903002,1649.52,31.0,33.53,29.0,170.837246857644,32.023030675468,12.61
3340,PIRACICABA,PT35961007,1/½,C,40.34,145.760621030346,26.9,25.23,31.9303325335215,3802.776,29.98,32.63,30.0,160.452536441056,31.8571034678857,12.65
3341,PIRACICABA,PT35961007,1/½,C,26.92,147.345442359249,26.753826,25.084558,31.9686310646139,2031.354,29.759727,32.22533,29.986334,158.886520848112,31.8804211407988,12.63082
3342,PARANÁ,PT35961007,fr,B,23.69,70.608126603935,26.167278,24.828652,20.30317622657143,697.129,28.975382,31.295383,24.721156,153.214828994808,20.27633657608072,12.62360924
3343,PIRACICABA,AIC456PS321933046,5d,I,22.04,63.5886454183267,28.0,25.69,20.25418326693227,529.95,31.46,33.81,25.0,170.473226732192,20.17541910218515,12.58
3344,PIRACICABA,AIC456PS321933046,4d,B,15.65,39.6164383561644,26.41,28.03,15.97952876712329,112.8,30.27,32.79,25.0,155.313760423916,15.9578156303372,12.63
3345,GOIAS,BULL24835054,5d,C,18.92,88.0317919075145,27.21,25.1,23.5644355491329,538.14,30.31,33.56,25.6,164.030721955494,23.5591682152693,12.73
3346,GOIAS,BULL24835054,4d,C,25.0,91.6061538461539,27.21,25.1,24.108096,1046.88,30.31,33.56,25.6,164.030721955494,24.1025810413309,12.73
3347,MATO GROSSO,BULL24928064,4d,C,105.19,79.2319776800086,27.3,26.26,22.2864925850413,6277.348,30.8,33.25,23.152735,163.880080316799,22.211198169897,12.49
3348,S. J. RIO PRETO,BULL24928064,4d,I,19.1401,95.1795072898139,26.38,24.93,23.9612131482752,605.91,29.26,31.51659,25.864306,155.134651100468,23.9058697546364,12.51
3350,MINAS GERAIS,BULL24928064,3d,C,51.625534,107.1438282194506,26.845,26.145,26.1241012991774,3782.125,30.2,32.47,24.5,159.394280570115,26.0236561110926,12.6
3351,RIB. PRETO,BULL24928064,>5d,C,77.61,71.3069654016156,27.7603,26.28,21.34695566819083,3903.13,31.37,33.93,24.2,168.348701082468,21.27256700568544,
3352,PARANÁ,PT35011886,3d,E,15.29,48.0702127659575,26.8866,25.26,17.36962829361702,130.671,29.97,32.16,25.0,159.805492973808,17.33137557954249,12.583498
3353,PARANÁ,SCS19001,>5d,C,25.96,43.5902578796562,28.0512,27.33,17.07061547277937,453.0,32.1,34.4,25.0,170.713887076374,17.01381262182528,12.563261
3354,PARANÁ,SCS19001,>5d,B,17.67,28.5171075837743,26.395,26.21,14.3776376366843,105.652,29.67,31.82,25.0,154.993169620099,14.36183356636006,12.583155
3358,SÃO CARLOS,SCS19001,4d,A,12.61,68.5918032786885,26.714,26.98,20.32691793442623,46.521,30.31,33.17,23.9,158.677926009654,20.30076833406439,12.67
3363,PIRACICABA,SCS19001,3d,E,96.14,75.525980508676,27.526,26.83,21.86304373377704,5357.076,31.27,34.0,25.22,166.23375424399,21.79785046588362,12.64
3369,ARACATUBA,SCS19001,3d,B,36.77,51.6169156237384,27.892208,25.633419,18.296002634109,993.311,31.315626,34.433676,28.804842,170.246303997855,18.26923047325146,12.6880484
3370,MATO G. DO SUL,SCS19001,4d,B,52.95,73.6539682539683,27.29,25.73,21.42689174603175,2536.73,30.61,33.25,24.36,164.056823809277,21.3749065879364,12.52
3371,S. J. RIO PRETO,SCS19001,5d,C,73.72,65.87054439403761,26.83,25.84,19.98900173363577,3336.89,30.08,33.02,25.83,160.019285830088,19.97387950848351,12.57
3372,MATO G. DO SUL,SCS19001,fr,D,43.3,95.3952076677316,25.82,24.7,23.5252176996805,2622.27,28.52,31.76,23.36,151.028888643979,23.5943430402786,12.65
3373,S. J. RIO PRETO,SCS19001,5d,I,34.62167,54.7143530959474,27.86,26.15,18.77449640101726,978.27,31.45,34.087898,26.153187,169.388371710092,18.72274248242109,12.51
3374,S. J. RIO PRETO,SCS19001,5d,I,46.41,54.6396396396396,27.77,26.1,18.72427117117117,1479.23,31.32,33.96,26.15,168.545897955454,18.67506067588435,12.51
3375,PIRACICABA,SCS19001,5d,I,68.99546000000001,108.9398264352985,26.7547,24.6792,26.303180571049,5537.13,29.6299,32.42,23.76,159.315821037983,26.2807701225956,12.67966145
3376,RIB. PRETO,SCS19001,>5d,I,17.35762,71.28005345657209,27.28,24.55,21.05799216816422,329.6,30.22,32.809769,23.80077,164.066254643538,21.01449570420967,12.54
3377,MATO G. DO SUL,SCS19001,4d,D,49.57,79.8264572797445,27.51,26.29,22.5198835240884,2560.24,31.07,33.73,25.01,166.082029607145,22.4508381987254,12.51
3378,RIB. PRETO,SCS19001,2d,D,25.02,105.8486943164363,28.6526,24.22,27.6282476697389,1233.91,31.74,34.13,23.5,176.87921628021,27.473699167815,
3379,ARACATUBA,SCS19001,4d,D,108.73,47.1186601881526,27.42039,25.373124,17.41543436378786,3409.028,30.65245,33.63718,25.587848,165.698588280645,17.39768849322676,12.68412155
3380,ASSIS,SCS19001,fr,E,29.57591,114.282271586507,26.21,23.93,26.5343107924426,1809.704,28.76,31.58,25.685735,154.33434957788,26.5582805996136,12.6
3381,RIB. PRETO,SCS19001,4d,I,16.56,102.0372807017544,26.23,25.44,24.8123050438596,422.57,29.23,31.59,25.08,153.77424701972,24.7649676751944,12.52
3382,RIB. PRETO,SCS19001,4d,I,66.31424,87.6057711568826,27.93,25.01,24.0439993452914,4118.47,31.15,33.748735,24.420163,170.15807467165,23.9576632002379,12.52
3383,ASSIS,SCS19001,>5d,B,46.86,63.7376649454963,26.48,25.24,19.49161388410786,1815.575,29.47,32.32,24.090265,156.713355030471,19.48713107570515,12.58
3384,SÃO CARLOS,SCS19001,4d,I,49.41,64.161721464849,25.85,25.12,19.22439842288158,1963.37,28.68,31.40653,23.143894,150.662745983374,19.23288753353588,12.58
3385,PARANÁ,SCS19001,3d,C,57.31,64.7236813065548,27.29424,26.932413,20.06368635585963,2400.91,31.01632,33.010729,26.159723,163.256744336467,19.97481238386294,12.5367428
3386,MINAS GERAIS,SCS19001,3d,C,82.10979,108.4729319542963,27.125,26.225,26.5915309580873,6775.697,30.57,32.995,25.0,162.202708802948,26.4904957056978,12.615
3387,MATO G. DO SUL,SCS19001,3d,E,212.81,64.05537572830039,27.83,26.4,20.24036597778995,10465.24,31.49,34.07,23.77,169.014569686622,20.17345241985449,12.5
3388,MATO G. DO SUL,SCS19001,3d,D,150.18,63.8362281082646,27.83,26.4,20.20567490953828,7174.73,31.5,34.08,23.26,169.013220585145,20.13897311826482,12.5
3389,ASSIS,SCS19001,1/½,C,94.12,133.65903555772,25.8,25.91,28.7889469069654,10002.64,28.85,31.31,30.0,149.771770965552,28.7611807827482,12.65
3390,GOIAS,SCS19001,2d,C,231.3,139.808572731418,26.97,23.86,31.1329433378933,28040.42,29.640348,32.57546,23.36,161.624411109238,31.1232824296506,12.6985794
3391,S. J. RIO PRETO,SCS19001,3d,D,45.46,90.4602809324567,27.27,25.89,23.9808848983861,2637.281,30.64,33.73999999999999,23.0,164.322748873382,23.9512856690096,12.7
3392,PARANÁ,SCS19001,3d,C,23.8,73.1402542372881,25.991,25.23,20.55413297033898,733.455,28.88,31.04,24.0,151.306999284225,20.51726535327125,12.599962
3393,MINAS GERAIS,SCS19001,2d,A,65.61,119.324752844619,28.71,24.89,29.9339662003358,5765.68,32.04,34.13,27.5,177.025214110279,29.711290317516,12.54
3394,PARANÁ,SCS19001,>5d,C,29.16,40.9421328671329,25.1661,25.57,15.81055015541958,508.647,27.98,30.35,22.0,143.741009608805,15.81286580414826,12.654156
3396,PIRACICABA,SCS19001,2d,E,19.9,105.0859493670886,27.713,26.71,26.6265952240506,747.379,31.46,34.11,25.7,167.937566686252,26.5155964369835,12.62
3398,S. J. RIO PRETO,SCS19001,>5d,D,51.4,64.65786802030459,27.12,26.76,19.96186964467005,2086.72,30.74,33.59,24.29,162.529572036215,19.92656633743592,12.54
3399,S. J. RIO PRETO,SCS19001,>5d,C,22.27,41.3359298928919,26.59,27.19,16.28011217137293,313.28,30.22,33.0,25.21,157.396802820067,16.26535041418011,12.53
3400,GOIAS,BULL24935744,5d,D,64.7,40.4426944971537,26.36,25.53,16.08437092979127,1510.93,29.42,31.7,22.472203,154.896407385848,16.0643588600165,12.5
3401,GOIAS,BULL24935744,5d,C,59.44,46.7414207419899,26.12,25.83,16.90548860876897,1660.133,29.22,31.51,22.433139,152.602846279079,16.88474264010282,12.5
3405,RIB. PRETO,SCS19002,4d,I,19.32,93.7950819672131,26.28,25.28,23.680337704918,610.74,29.24,31.27,24.85,153.876011623282,23.6047599999077,12.47
3406,MATO G. DO SUL,SCS19002,5d,E,31.33,61.827470253492,27.98,26.15,19.96242974650802,975.165,31.59,33.54,24.150843,169.804525904651,19.86300032038039,12.43
3408,ARACATUBA,SCS19002,fr,E,21.67,129.222337125129,26.7081,25.02,29.2411785667011,1145.54,29.68,32.36,25.7,158.705400852204,29.1971499567743,
3409,S. J. RIO PRETO,SCS19002,4d,C,25.68,92.6337719298246,27.23,24.39,24.2805234649123,1115.07,30.11,32.63,22.42,163.537687672684,24.2190553465722,12.53
3410,RIB. PRETO,SCS19002,3d,C,55.86,94.6894664842681,28.0392,25.84,25.2627289083447,3638.76,31.56,33.93,23.8,170.847544120285,25.1350186756426,
3411,RIB. PRETO,SCS19002,3d,D,40.48999999999999,96.7943137943138,24.3608,26.31,22.4812555394875,2427.79,27.2,29.39,22.6,135.838446118802,22.5007960599979,
3412,RIB. PRETO,SCS19002,3d,B,21.07,72.7717750826902,25.8092,27.16,20.39209596471885,563.2,29.24,31.4,22.7,149.350120501625,20.34701063070515,
3413,S. J. RIO PRETO,SCS19002,1/½,C,46.64,88.0516743648961,26.33,26.33,22.8982049364896,2646.43,29.63,33.14,28.8,155.826415856816,22.9382397438127,12.78
3415,GOIAS,SCS19002,3d,D,58.79,100.9222055994871,26.28,26.72,24.6980909596068,4172.67,29.69,32.95,24.0,155.040550394467,24.7194812312405,12.75
3416,RIB. PRETO,SCS19002,3d,I,42.79,95.2799610263073,26.419019,25.4488,24.0081534035758,2576.19,29.463375,32.33,24.75,156.126203610987,24.0028246195926,12.69464606
3417,S. J. RIO PRETO,SCS19002,2d,C,40.46,76.4814476458187,26.638798,27.287861,21.43930886834716,1847.142,30.308868,33.286304,31.66588,158.046262523604,21.41727443078329,12.69680023
3418,S. J. RIO PRETO,SCS19002,fr,B,12.91,123.179120879121,26.04,24.7,27.6095485714286,113.173,28.78,32.04,27.0,153.113893368901,27.6889186085844,12.77
3419,SÃO CARLOS,SCS19002,3d,I,55.48,86.6906623735051,25.74,24.69,22.2624970101196,3259.55,28.42,31.451504,23.601869,150.046207829453,22.3107627009324,12.62
3420,S. J. RIO PRETO,SCS19002,1/½,D,18.72,112.648511904762,27.021751,25.522943,27.1191688435387,688.358,30.216103,33.22881,29.658844,161.948221993686,27.0920654064293,12.6997653
3421,MINAS GERAIS,SCS19002,3d,C,53.25,63.6443636363636,27.45,24.27,19.97905418181818,2142.33,30.33,33.7,24.6,166.543611673027,19.9813064789188,12.75
3422,MATO G. DO SUL,SCS19002,2d,B,44.74,112.897373243739,26.42,24.56,26.5494012217471,3315.38,29.2,31.49,21.92,155.599211057931,26.4887831956185,12.52
3427,PARANÁ,SCS19002,3d,D,26.8,78.5689864864865,25.8111,25.22,21.19390929263514,997.221,28.66,30.96,24.0,149.779640228729,21.17185100849924,12.627059
3428,S. J. RIO PRETO,SCS19002,3d,C,110.59,56.6682219292017,25.49,26.7,18.02574313824932,4415.84,28.7,32.29,26.4,147.974072220582,18.07372003456624,12.82
3431,ASSIS,SCS19002,>5d,E,38.32,60.031914893617,26.16,26.38,18.80131914893617,1276.2,29.43,32.34,25.533645,153.598426301671,18.80124356119197,12.57
3432,S. J. RIO PRETO,BULL24937570,>5d,I,58.15,85.7497291440953,28.23,25.7,23.9695810400867,3415.55,31.74,34.001204,24.192722,172.559443212088,23.8412154484182,12.46
3433,ASSIS,BULL24937570,2d,I,12.43,98.4906976744186,27.3,25.02,25.233076744186,49.191,30.39,33.46,23.0,164.704671480207,25.207533574466,12.58
3435,PARANÁ,BULL24966928,4d,B,22.71,69.17581699346411,24.177829,25.531285,18.96277322281699,624.353,26.769887,29.30894,23.951045,134.679468785492,19.01429885613465,12.7142193
3436,PARANÁ,BULL24966928,4d,E,93.19,49.4400172435029,26.544723,25.697645,17.44554679921973,3051.755,29.692917,32.115255,27.058875,156.782987108914,17.42067753392359,12.62386924
3437,PARANÁ,BULL24966928,>5d,B,77.82,42.1432847158918,26.522492,26.914868,16.37755611140261,1996.031,30.049513,32.019459,26.978969,155.91263411515,16.33799950434694,12.54843944
3438,S. J. RIO PRETO,BULL24966928,4d,I,117.79183,85.1118839706242,27.36,25.35,23.2299853778879,7746.64,30.57,33.089617,23.777065,164.639521307829,23.1597629711896,12.51
3439,GOIAS,BULL24966928,5d,C,64.16,73.6096625766871,27.12,26.22,21.31538098159509,3225.56,30.56,34.09,23.5,163.287320019107,21.32076073850847,12.76
3440,S. J. RIO PRETO,BULL24966928,4d,C,73.97999999999999,86.2636334301388,27.65,24.94,23.6222586318167,4614.86,30.78,33.07,24.82,167.184552313357,23.5245687070193,12.49
3443,ARACATUBA,BULL24966928,4d,C,34.96,71.9465156794425,27.643651,24.958354,21.37782369955226,1388.372,30.780756,33.5275,27.009868,167.616148089528,21.32864586142331,12.6493092
3444,ARACATUBA,BULL24966928,4d,D,62.08,61.6517571884984,27.2196865,24.197337,19.55684178583067,2498.56,30.104656,32.842434,24.018718,163.698394546807,19.53209185192308,12.64764625
3445,SÃO CARLOS,BULL24966928,5d,D,50.16,36.8455450733753,26.837,27.706,15.68633352253669,960.106,30.704,33.059,24.04,159.219316483458,15.65774416336124,12.596
3446,SÃO CARLOS,BULL24966928,5d,C,20.38,43.9315035799523,26.813,27.93,16.73001362529833,279.586,30.75,32.93,25.45,158.780581353666,16.68692465896205,12.57
3451,S. J. RIO PRETO,BULL24966928,5d,I,59.8,66.97395397489541,26.24,25.78,19.82829104602511,2639.755,29.35,32.45,26.0,154.644131804242,19.8417119365953,12.73
3456,ARACATUBA,BULL24966928,2d,C,16.58,101.1844978165939,27.07,24.42,25.4401038209607,420.465,29.93,33.01000000000001,24.0,162.639046424022,25.434667706897,12.71
3464,ARACATUBA,BULL24966928,3d,C,131.07,79.1957839926094,27.0735445,24.238559,22.1287864022499,8013.002,29.875338,32.442236,24.592866,162.133973336314,22.0883700422591,12.6418684
3465,RIB. PRETO,BULL24966928,4d,I,93.72,83.0788056779246,27.49,24.78,23.0101069995105,5820.56,30.54,32.89305,24.007681,165.759216886426,22.9290214982601,12.5
3466,ASSIS,BULL24966928,3d,E,19.401882,61.9332467067159,27.59,25.58,19.78459316157702,381.6,30.93,33.42,25.4333515,166.752438228944,19.72729167655168,12.5
3468,MATO GROSSO,BULL24966928,5d,C,74.72,57.8628667091837,27.36,26.54,19.04453632653061,2888.519,30.96,33.13,22.367902,164.115408924903,18.9764487239358,12.46
3469,ASSIS,BULL24966928,fr,E,31.69,96.6429659725749,27.31,25.27,24.9588380904012,1678.62,30.48,32.69,27.165185,163.835527807455,24.8518094136344,12.48
3470,MATO G. DO SUL,BULL24966928,4d,C,30.788376,101.7742306200387,27.12,24.54,25.5738636697499,1698.712,30.02,32.23999999999999,24.260678,162.137283548172,25.4784591179198,12.49
3471,PIRACICABA,BULL24966928,>5d,I,123.37,73.5247373619467,26.7814,26.1897,21.09421752841879,6864.01,30.1374,32.64,23.21,159.043092698444,21.04678765916015,12.6268875
3472,PARANÁ,BULL24966928,2d,C,54.39,55.0993158763859,27.4635,25.21,18.66466271054494,1838.98,30.65,32.62,28.0,165.025146147406,18.59527911083716,12.538565
3473,MATO G. DO SUL,BULL24966928,3d,D,81.8,76.4555873925501,27.34,25.47,21.88748710601719,4511.0,30.59,32.97,23.64,164.28217972167,21.8154373433781,12.5
3474,S. J. RIO PRETO,BULL24966928,3d,I,119.89,107.3400407822783,26.932287,25.400823,26.2364485155268,10298.237,30.071245,33.188519,24.54867,161.232848552069,26.2278658670098,12.7155185
3475,PIRACICABA,BULL24966928,4d,I,23.45,87.9650655021834,27.3493,24.459,23.6601057991266,881.8,30.2722,32.7,24.98,164.552588801173,23.5886674008088,12.61328757
3476,PARANÁ,BULL24966928,>5d,C,62.26,25.642061281337,25.484256,27.01396,13.83953046685237,697.65,28.797144,30.992193,23.920391,146.338512883788,13.83265422520432,12.6084199
3477,RIB. PRETO,BULL24966928,>5d,C,188.67,85.4118978887191,28.6737,26.52,24.2404796182714,12981.68,32.58,34.59,23.9,176.421057999044,24.070461920581,
3478,MINAS GERAIS,BULL24966928,5d,D,83.94,75.2333889352238,28.53,25.18,22.4524791909925,4561.01,31.93,35.09,25.6,176.375135711706,22.3939968877385,12.68
3479,MINAS GERAIS,BULL24966928,4d,E,49.78,83.9258867125463,28.03,24.55,23.5297196400212,2729.36,31.11,34.06,28.5,171.53415216567,23.4746353554501,12.67
3480,PARANÁ,BULL24966928,1/½,E,158.3,85.0911961722488,25.936537,25.675697,22.186381598288,10705.242,28.946386,31.148834,25.796658,150.787480256479,22.1441429456784,12.6055787
3481,PARANÁ,BULL24966928,3d,D,370.03,79.9338323604167,27.49418,25.527853,22.5257902668212,24334.35,30.791555,32.743685,24.666392,165.260852663617,22.4115970722647,12.53378934
3482,PARANÁ,BULL24966928,3d,B,160.55,78.4508919555705,26.952691,25.091403,21.93619654086032,9883.28,30.00119,32.115313,24.343207,160.363082782265,21.85885918415968,12.5733306
3483,MINAS GERAIS,BULL24966928,>5d,I,44.52,63.7548585485855,27.0305,27.4,19.77901401414514,1695.068,30.846182,33.572071,22.0,161.470580118417,19.73582873120367,12.6444
3484,GOIAS,BULL24966928,3d,C,85.8,82.6978319783198,29.01,26.68,24.0257012195122,5229.5,33.06,36.5,24.3,180.953327341775,23.9446339485869,12.69
3485,MATO G. DO SUL,BULL24966928,>5d,B,55.812164,106.3263154040965,25.67,24.44,24.89440731574,4144.64,28.27,30.42,25.42868,148.364925749119,24.8628009962676,12.52
3486,MATO G. DO SUL,BULL24966928,>5d,B,42.577837,116.883873898602,26.37,24.31,27.0718126792291,3219.122,29.06,31.36,24.426395,155.172694056408,27.0165067891354,12.52
3487,MATO G. DO SUL,BULL24966928,>5d,A,17.8375363,108.8418817369924,25.28,24.23,24.8606018946726,577.318,27.75,30.17,28.14236,145.06167034147,24.8859425429353,12.56
3488,MATO G. DO SUL,BULL24966928,5d,B,54.13,99.2068834559696,28.24,25.9,26.1623978732495,3686.026,31.82,33.76000000000001,25.349334,172.290635981848,25.9784468111522,12.42
3489,ARACATUBA,BULL24966928,>5d,I,19.26,89.6661157024794,27.41433,24.054905,23.971711372562,575.856,30.22502,33.221035,23.329501,165.846652588042,23.948671920342,12.69318
3490,ASSIS,BULL24966928,2d,B,55.49,57.5877673028282,25.51,26.51,18.1589073626121,1994.612,28.67,31.22,28.011185,147.061537803076,18.15715395692875,12.54
3491,ARACATUBA,BULL24966928,1/½,B,21.14,112.572538293217,27.86,24.56,27.9508045733042,931.233,30.91,33.32,30.0,169.351414874874,27.8252311979951,12.6
3492,RIB. PRETO,BULL24966928,3d,I,131.3134,94.010989545181,27.45,24.42,24.6706978847305,9797.01,30.38,32.61618,25.421254,165.293045342664,24.5717143389461,12.49
3493,ARACATUBA,BULL24966928,1,C,48.2,83.8467679558011,26.661726,24.693106,22.5339762575354,2612.853,29.518278,32.100002,22.8620615,158.203967393032,22.5042825195047,12.6486206
3494,S. J. RIO PRETO,BULL24966928,2d,I,44.23,100.7058330747751,26.791139,25.515495,25.120603071198,2870.989,29.937847,33.292562,24.136267,160.132491321875,25.1402160481488,12.7460065
3495,S. J. RIO PRETO,BULL24966928,4d,C,29.15,66.14314868804661,26.11,26.35,19.63959827988338,940.555,29.36,32.29,28.0,153.153753554082,19.64250866655455,12.71
3496,ARACATUBA,BULL24966928,2d,C,25.38,91.027802690583,27.26,24.82,24.059642690583,1069.392,30.28,33.12,30.0,164.113138207068,24.0211670728736,12.67
3497,MINAS GERAIS,BULL24966928,>5d,I,50.04,90.0081493165089,27.46,25.88,24.0600598843323,2979.43,30.87,33.44,23.6,165.569259235306,23.9796537048534,12.62
3498,PARANÁ,BULL24966928,5d,I,85.06,65.9189707090063,26.6891,26.92,19.92021152641664,3951.32,30.26,32.36,26.0,157.636683608582,19.85258007764797,12.564633
3499,PARANÁ,BULL24966928,2d,A,37.58,85.429593432369,24.9109,24.8,21.48042137845974,1890.329,27.46,29.63,27.0,141.190969588655,21.48644037202847,12.633233
3500,S. J. RIO PRETO,BULL24966928,2d,I,80.50613,98.4421913776183,28.05,25.59,25.8739717161077,5933.82,31.49,34.046812,25.5718565,171.175068685335,25.7594417498433,12.5
3501,PARANÁ,BULL24966928,fr,C,47.06,68.2343696520251,27.21121,25.022545,20.55392805994581,1983.577,30.28571,32.422203,25.535072,162.845641528961,20.48270956613647,12.569769
3502,GOIAS,BULL24966928,4d,C,34.5,92.0528888888889,27.21,25.1,24.1760444,1813.19,30.31,33.56,25.6,164.030721955494,24.1704984924008,12.73
3504,S. J. RIO PRETO,BULL24966928,5d,I,41.3,79.0507167235495,27.052008,25.446684,22.092479245286,1976.586,30.227173,33.441599,22.639361,162.454010782971,22.0880492569309,12.7268032
3505,S. J. RIO PRETO,BULL24966928,5d,B,47.44,62.5376693002257,27.01,26.06,19.58570416196388,1803.055,30.37,33.45,26.0,161.828309190714,19.5719735416923,12.71
3506,PIRACICABA,BULL24966928,5d,C,32.55,28.1591240875912,27.99,25.23,14.58384394160584,344.07,31.29,33.67,29.6,170.46650126849,14.56067985772396,12.59
3507,PIRACICABA,BULL24966928,5d,A,37.31,47.2880284472541,27.31,25.37,17.4025971552746,905.14,30.52,32.8,22.0,163.900521726267,17.36026993182925,12.59
3509,PARANÁ,BULL24966928,3d,E,73.07,44.0293106271492,27.8284,25.15,17.06972740330768,1968.03,31.07,33.0,24.0,168.449366759417,17.01096536535815,12.526217
3510,PARANÁ,BULL24966928,5d,C,88.76,21.8902032308494,27.0121,26.34,13.48472719921834,771.172,30.47,32.55,24.0,160.741641134608,13.47108505971134,12.558116
3511,MATO G. DO SUL,BULL24966928,2d,A,422.2351,104.3749333004416,26.9927,25.196,25.8494966249353,37907.44,30.0778,31.89,24.83,160.376358745022,25.7062562424338,12.52351075
3512,MINAS GERAIS,BULL24966928,4d,B,25.1,82.3992366412214,27.09,24.5,22.6232448091603,934.23,29.98,31.92,23.4,161.527559804694,22.526626067075,12.55
3513,PARANÁ,BULL24966928,4d,B,81.85,53.6638940586972,27.1718,26.29,18.32116267879742,2922.223,30.65,32.38,26.0,161.86657775083,18.24402521835009,12.502207
3517,SÃO CARLOS,BULL24966928,4d,D,17.93,52.526981450253,26.123,28.0,17.72362559021922,252.325,29.9,32.44,23.45,152.627563936663,17.6992106750554,12.64
3520,S. J. RIO PRETO,BULL24966928,3d,I,39.64011,69.84673071127429,27.41,25.65,20.91418120260737,1610.89,30.73,32.809006,27.423957,164.591225249817,20.82690351592954,12.46
3527,MATO G. DO SUL,BULL24966928,4d,C,38.01000000000001,40.4690503652441,27.18,26.61,16.32160184544406,752.48,30.77,33.5,25.41,162.992898470513,16.29862443135124,12.52
3528,SÃO CARLOS,BULL24966928,3d,I,50.14,77.9265862611432,27.07,23.9,21.93513654955427,2526.44,29.77,32.730082,25.536537,162.587545323823,21.92772279664483,12.59
3533,PIRACICABA,BULL24965902,3d,I,120.25557,99.6378924428554,25.6171,23.8778,23.9337394518361,9499.29,28.0471,30.83,23.53,148.729030108317,23.9826440344486,12.7179231
3534,MINAS GERAIS,BULL24965902,>5d,I,33.5,45.5627906976744,26.7183,27.72,16.93987222325581,733.6,30.559933,34.141684,22.0,159.317770548807,16.94439549897764,12.7659
3535,MINAS GERAIS,BULL24965902,>5d,B,59.20965,83.0598998298018,28.24,25.71,23.5401277323598,3366.713,31.76,34.0,24.0,172.63029618165,23.4143727562994,12.57
3536,PIRACICABA,BULL24965902,3d,C,22.27,73.00555014605649,26.54,26.65,20.87020699123661,638.527,29.99,32.93,24.0,157.167532334739,20.8560251734262,12.69
3537,S. J. RIO PRETO,SCS123,5d,I,38.73999999999999,68.0826477187734,26.82,25.99,20.31144839192221,1511.65,30.12,33.049086,24.422158,159.890989210286,20.29411824866137,12.56
3538,ARACATUBA,SCS18,1/½,D,14.84,93.6549295774648,26.33,25.44,23.7011514084507,243.9,29.35,32.68,30.2,155.788496987378,23.7410395955538,12.77
3539,PARANÁ,SCS19003,>5d,C,69.0,36.2243157894737,26.26095,26.187554,15.45461756257895,1392.786,29.499224,31.605637,26.52562,153.677254127441,15.43203454416864,12.5796728
3540,RIB. PRETO,SCS19003,3d,I,158.81,99.8905387916355,25.58,23.93,23.9355351679041,12915.21,28.02,30.58,24.38,148.100346868721,23.9619328160204,12.58
3544,MATO G. DO SUL,SCS19003,4d,A,56.06001,30.9936407186471,24.3234,29.156,14.34066232032176,848.86,27.9496,30.73,26.5,135.785466823018,14.35113668302642,12.7201698
3545,MATO G. DO SUL,SCS19003,4d,B,15.54,85.9378531073446,25.93,25.06,22.2995429378531,273.74,28.76,31.59,25.14,151.54228662413,22.3174570906779,12.59
3546,MATO G. DO SUL,SCS19003,5d,B,38.05,64.9009596928983,25.85,24.93,19.32678291746641,1390.07,28.62,31.11,23.21,150.413632416648,19.32221398942075,12.55
3547,MATO G. DO SUL,SCS19003,fr,D,69.06,131.412022432527,25.83,24.34,28.5146827024185,6825.65,28.43,30.85,24.65,150.222261875346,28.5053998357335,12.55
3548,MINAS GERAIS,SCS19003,3d,A,18.14,73.3892508143323,27.95,25.03,21.79158550488599,388.93,31.18,33.35,26.9,169.883096408991,21.69232500479498,12.56
3549,S. J. RIO PRETO,SCS19003,4d,C,273.29,69.8055417352367,25.96,26.74,20.06965362623905,15116.01,29.3,32.73999999999999,25.7,152.21620595896,20.1052737455172,12.78
3551,S. J. RIO PRETO,SCS19003,3d,E,208.56,65.5167378917379,26.89,25.73,19.96864227207977,10531.25,30.12,32.76000000000001,22.7,160.279795066907,19.93545092723625,12.67
3552,GOIAS,SCS19003,5d,I,184.05,114.974367916303,26.17,25.48,26.5914679337402,17728.74,29.17,33.18,25.0,154.976444314819,26.7229089802391,12.86
3553,PIRACICABA,SCS19003,>5d,I,30.55,71.666846361186,26.3184,25.7127,20.54333772938005,1118.82,29.4224,31.86,21.96,154.661632408633,20.5121697025619,12.6319948
3554,MINAS GERAIS,SCS19003,5d,C,12.71929145,74.10000132769551,28.48,26.02,22.2340802188042,56.668,32.16,34.42,24.0,174.892841240327,22.1156456572964,12.56
3555,MINAS GERAIS,SCS19003,5d,B,86.849365,114.455672135629,27.96,25.62,28.3519252728463,7680.742,31.39,33.53,28.0,169.877560924244,28.1754516196271,12.56
3556,S. J. RIO PRETO,SCS19003,3d,C,36.53,60.2829188748471,27.7,24.36,19.580418263351,1196.38,30.66,33.2,26.3,168.005245099679,19.53238859319845,12.63
3557,RIB. PRETO,SCS19003,4d,I,81.38,101.5024502738541,27.8,23.92,26.141387143269,6221.68,30.63,33.144873,23.901654,168.981817809626,26.0502573424053,12.52
3559,MATO GROSSO,SCS19003,>5d,B,30.94,79.5826293558606,27.62,26.13,22.5564067053854,1292.015,31.15,33.29,23.439762,166.59424371145,22.4478854733005,12.46
3560,S. J. RIO PRETO,SCS19003,2d,B,106.5,70.41164021164019,26.32,24.85,20.36454687830688,5531.9,29.16,32.63,26.7,155.940072877865,20.4077757489791,12.79
3561,MATO G. DO SUL,SCS19003,2d,A,37.53943,57.4563786270876,27.3098,25.1976,18.95928065504986,1172.93,30.4606,32.4,25.44,163.533433306463,18.88816111904113,12.53708667
3562,MINAS GERAIS,SCS19003,4d,C,12.15452719,116.479994750438,27.63,26.22,28.3302231794935,28.145,31.19,33.59,22.0,166.956095516827,28.1898120461465,12.6
3563,ARACATUBA,SCS19003,fr,C,21.74,92.1611909650924,26.722267,23.515532,23.8015445642608,792.77,29.392952,31.537157,25.042766,158.389060340993,23.7347214211947,12.5647684
3564,PIRACICABA,SCS19003,2d,C,122.49,101.9812652728754,28.43,24.29,26.7839218843334,9954.03,31.5,33.53,27.0,174.367191919647,26.6100053677337,12.54
3565,PARANÁ,SCS19003,fr,B,20.64,128.911226851852,26.407281,24.9931,28.8437289730938,1022.113,29.310148,31.503359,26.332105,155.309462751767,28.7544851097889,12.59673834
3568,GOIAS,SCS19003,5d,C,127.36,68.5325069348128,29.93,26.69,22.1362784934119,6533.59,34.2,37.34,24.0,189.395370650817,22.028605021521,12.64
3569,PARANÁ,SCS19003,3d,E,284.4,55.205231277533,26.784872,25.120327,18.38783814168723,11781.105,29.804071,32.005909,25.092318,158.873768205719,18.34571512393085,12.5887215
3570,MINAS GERAIS,SCS19003,>5d,I,73.02000000000001,72.7217305801377,27.23,25.12,21.24791956735497,3717.24,30.34,33.2,22.9,163.808664528197,21.21808482721168,12.68
3571,ARACATUBA,SCS19003,5d,I,47.65,64.0552594670407,28.64,25.74,20.66199517531557,1867.77,32.25,34.53,26.5,176.464730257145,20.56125420671253,12.56
3572,S. J. RIO PRETO,SCS19003,4d,B,25.04,83.4256134969325,26.58,25.64,22.4138544478528,943.39,29.72,32.36,22.49,157.366245051825,22.382873234572,12.54
3573,S. J. RIO PRETO,SCS19003,1,I,78.4,75.514593373494,27.271003,26.16092,21.69931545950407,4229.369,30.731644,33.54429,21.033425,163.99916679409,21.65416527203654,12.65899724
3574,ASSIS,PS321911049,>5d,C,45.86,54.9525694034259,26.74,26.06,18.33120873006497,1466.374,30.05,32.84,25.617359,158.978790046778,18.31311668031579,12.55
3575,ASSIS,PS321911049,3d,I,13.08,70.9296296296296,28.12,26.16,21.4994562962963,75.644,31.77,35.11,24.52,172.534053304279,21.46021230416437,12.58
3576,ASSIS,PS321911049,4d,I,14.15,59.06,26.96,26.04,19.040176,113.179,30.31,33.13,27.3,161.088804176897,19.01611912456475,12.55
3577,ASSIS,SCS17,5d,D,32.09,97.1632653061225,26.36,25.73,24.2294448979592,1722.93,29.47,31.29,24.3,154.328818187122,24.1211869039767,12.53
3578,ASSIS,SCS17,5d,B,91.47,84.2039763432742,26.25,25.55,22.2890666289166,5750.05,29.3,31.59,23.8,153.865332105559,22.2432410832806,12.61
3579,RIB. PRETO,SCS17,>5d,B,125.27,56.1671404608458,25.31,24.83,17.87864639533857,5014.812,27.95,31.0,24.2,146.01319778653,17.91897973024476,12.76
3580,ASSIS,PT35001499,3d,C,27.48,116.624677002584,25.41,24.49,26.0301691860465,1631.59,27.97,30.7,22.9,146.627891061933,26.0853996178938,12.71
3581,MINAS GERAIS,AIC456PS321974039,>5d,I,34.68,70.6375661375661,31.88,28.6,23.6571481481481,1341.9,37.47,41.56,23.0,208.372349919947,23.5147966560201,12.69
3582,PIRACICABA,AIC456PS321974039,3d,C,21.49,61.8071654373024,27.42,24.7,19.68026491043203,484.67,30.43,33.1,23.2,165.456776992958,19.6432470791635,12.64
3583,S. J. RIO PRETO,SCS19006,fr,I,36.23999999999999,123.131270627063,26.729415,24.99194,28.3689860454332,2705.822,29.69555,32.87883,28.33612,159.457393857641,28.3871275427549,12.7333612
3584,RIB. PRETO,PS32187365,2d,I,14.32,154.788793103448,26.87,24.33,33.2326935344828,343.27,29.66,32.20537,23.64,160.176392067811,33.1579281897862,12.54
3585,S. J. RIO PRETO,PS32187365,5d,I,18.93,109.9455988455989,26.61,25.51,26.309851991342,690.763,29.71,32.84,24.0,158.197827170135,26.3194337321042,12.72
3586,GOIAS,BULL24988082,2d,I,46.3,92.1521865889213,26.74,26.2,23.814432303207,2761.22,30.09,32.435585,25.077677,158.478026195845,23.7405340868263,12.49
3587,PARANÁ,BULL24988082,3d,D,46.38,54.4498545666085,27.0509,26.65,18.38908516096568,1471.426,30.62,32.82,26.0,161.205472482336,18.33375060741725,12.573551
3588,PARANÁ,BULL24988082,2d,C,75.85,89.0888018794049,24.2758,22.72,21.46326714111198,4934.12,26.18,28.45,24.0,135.656271271595,21.53251379720194,12.68434
3589,MINAS GERAIS,BULL24988082,1/½,I,28.83,135.770112893642,26.3577,23.15,29.7705414989305,2095.051,28.708292,31.973192,30.0,156.355370937065,29.8668805576842,12.7717
3590,S. J. RIO PRETO,BULL24988082,1/½,I,17.16,180.665697674419,26.588215,24.092208,36.6053146079942,882.315,29.273163,32.395657,29.005575,158.202512196645,36.6593487213999,12.73587453
3591,GOIAS,BULL24988082,3d,C,26.12,63.699716713881,26.19,24.46,19.33618980169972,742.0,28.89,32.63,23.5,155.074103182654,19.39689060363577,12.83
3592,GOIAS,BULL24988082,1,I,21.16,126.351528384279,27.27,27.0,29.4614783842795,1059.46,31.01,33.52294,30.975769,163.568945335518,29.3321405547098,12.49
3593,PARANÁ,BULL24988082,2d,E,116.66,90.8688228549589,26.061925,24.142013,23.0904747182472,8266.411,28.646467,31.143818,23.017666,152.52824613462,23.0832973505094,12.65828174
3594,RIB. PRETO,PT35022994,>5d,I,19.42,87.9123989218329,26.58,24.93,23.0680277628032,575.27,29.5,32.64,24.12,158.015649914255,23.0843982651217,12.61
3595,RIB. PRETO,PT35022994,1/½,A,86.83,137.545770412936,26.07,24.55,29.6642898971001,9406.59,28.77,31.58,29.7,152.913867023522,29.6911399973341,12.7
3596,GOIAS,PT35022994,2d,C,39.65,111.303616636528,26.62,25.75,26.5181887522604,2757.745,29.8,33.42,23.6,158.755853139844,26.5733869793657,12.79
3597,RIB. PRETO,PT35022994,2d,C,167.92,99.0189584402258,25.51,24.99,23.7562612852745,13579.996,28.23,30.97,25.3,147.50300806593,23.7913306274148,12.71
3598,GOIAS,PT35022994,fr,D,498.49,135.015881107525,27.58,24.58,31.1658742765524,59857.996,30.585714,33.534286,28.91,167.281394549496,31.1020775701115,12.68
3599,RIB. PRETO,PT35022994,1,B,783.17,64.1336151561912,24.71,24.22,18.62618248635191,40215.88,27.07,30.1,19.9,140.478471532133,18.69804719071192,12.79
3600,ARACATUBA,BULL24985476,5d,D,69.3,67.6439790575916,27.1842,25.2,20.44909306806283,3200.4,30.31,32.32,24.5,162.42370188231,20.37017331730467,
3603,S. J. RIO PRETO,BULL24985476,fr,I,152.33,158.957172379391,25.844925,25.093444,32.3461102980475,20634.5,28.668943,31.658943,22.299085,150.918742661075,32.415105611972,12.7320695
3604,PIRACICABA,BULL24985476,2d,I,35.61,110.7540872511648,28.54,24.53,28.3339260313427,2343.584,31.71,34.36,25.0,176.047502432703,28.2003613685748,12.62
3605,SÃO CARLOS,BULL24985476,fr,B,19.41,145.007962213225,26.135,25.55,30.8006754588394,997.589,29.15,31.32,27.54,152.639290022446,30.7061453730003,12.6
3606,RIB. PRETO,BULL24985476,2d,A,22.71,117.346405228758,25.082576,23.7976,25.7820235273203,1140.26,27.39492,30.16,23.24,143.707707309052,25.8749335059301,12.73325896
3607,RIB. PRETO,BULL24985476,2d,A,43.32,116.373946360153,28.1093,24.999,28.8139121409962,3280.992,31.3597,34.5,24.28,172.410388769867,28.7426653130774,
3608,S. J. RIO PRETO,BULL24985476,3d,I,71.16,112.295469912103,26.31,23.6,26.3522817444219,5945.48,28.78,31.66,23.69,155.394813405214,26.3818501934342,12.61
3609,MATO G. DO SUL,BULL24985476,3d,C,15.5825264,123.260589733547,26.13,25.04,27.7211213293501,410.594,28.99,32.14,26.400033,153.782218238618,27.774773214959,12.62
3610,S. J. RIO PRETO,BULL24985476,2d,C,20.71,120.33524684271,27.13,26.19,28.391122847302,955.6,30.57,33.11,29.24,162.37691165688,28.2911198437924,12.51
3611,RIB. PRETO,BULL24975201,4d,I,26.67812,91.6028374205961,27.29,24.38,24.1712738416091,1180.42,30.17,32.588469,,163.99273155579,24.0990526991478,12.52
3614,S. J. RIO PRETO,BULL24975201,4d,D,31.41,102.4971664090675,25.95,25.03,24.6243547140649,1768.55,28.77,31.88,27.4,152.050399980606,24.6741643527014,12.62
3616,ARACATUBA,BULL24975201,5d,I,13.03,139.227184466019,26.85,23.73,30.8932368932039,143.044,29.46,31.87,24.0,159.910448573871,30.8182299251595,12.63
3618,ASSIS,BULL24975201,3d,C,40.07,124.452796579979,26.54,25.09,28.3506366227289,3168.55,29.5,31.32,23.4,156.104146566747,28.2049142802018,12.53
3619,ASSIS,BULL24975201,3d,B,13.01,77.1485148514852,24.44,26.53,20.10447524752475,77.8,27.36,29.58,24.4,136.591406798779,20.1169451161977,12.65
3620,ARACATUBA,BULL24975201,1/½,I,37.43,133.823240267401,27.07,24.42,30.3587623082973,3109.965,29.93,33.01000000000001,29.0,162.639046424022,30.3513367461658,12.71
3621,S. J. RIO PRETO,BULL24975201,4d,B,39.54,82.8456063907044,26.76,24.88,22.456811503268,1963.088,29.7,33.56,24.0,160.458370792723,22.5176233025865,12.83
3622,S. J. RIO PRETO,BULL24975201,3d,A,28.22,100.5659679408138,26.46,24.85,24.8066389642417,1448.54,29.33,32.25,23.96,156.659906921128,24.8119446786978,12.59
3623,RIB. PRETO,BULL24975201,5d,C,27.56,72.2107969151671,26.68,25.0,20.83894498714653,948.88,29.64,32.37,22.4,158.498940484564,20.82081795380321,
3624,S. J. RIO PRETO,BULL24975201,1/½,I,207.19,144.18320610687,26.86,23.76,31.6424244274809,25812.84,29.47,32.19,28.41,160.36269775092,31.6110570553812,12.57
3625,MATO G. DO SUL,BULL24975201,5d,A,18.79,71.7187039764359,27.0545,26.2512,20.99035229013255,417.49,30.4931,32.32,26.81,160.867601083118,20.89018020076489,12.5193776
3626,MATO G. DO SUL,BULL24975201,2d,A,15.9859,57.3272786572669,27.2515,25.3576,18.91308990441306,192.67,30.442,32.36,25.44,162.938048484047,18.84161098362045,12.5341197
3627,RIB. PRETO,BULL24975201,2d,B,21.7,114.15412371134,27.0949,24.933,27.4200628201031,1002.895,30.1152,33.36,26.37,162.968871136153,27.4220927386039,
3629,MATO G. DO SUL,BULL24975201,>5d,C,44.27,86.0885652308646,26.62,24.63,22.8317482367524,2402.838,29.45,31.69,25.420357,157.421656825058,22.7740819076637,12.51
3630,MATO G. DO SUL,BULL24975201,5d,C,49.714046,118.107390334095,25.51,24.07,26.3351084341362,4013.739,27.97,30.57,23.8146715,147.472424759792,26.3746254534935,12.59
3631,MATO G. DO SUL,BULL24975201,5d,B,45.04,120.366858353511,25.51,24.11,26.6403625635593,3592.441,27.99,30.71,23.8173895,147.611054672075,26.695743952819,12.6
3632,ASSIS,BULL24975201,3d,C,17.11,80.981409001957,25.22,23.96,21.11934227005871,364.495,27.6,31.1,24.812853,145.839343078688,21.23242646546419,12.72
3633,ARACATUBA,BULL24975201,3d,I,118.5,80.0394178403756,26.673294,24.916801,21.98362381560676,7258.198,29.606659,32.58487,25.501191,158.720590113305,21.98278353650563,12.7116468
3636,RIB. PRETO,BULL24975201,5d,A,38.5,79.451320754717,26.87943,25.6272,22.0363720557736,1799.46,30.077656,32.83,23.12,160.315092614687,22.0040488847188,12.6642186
3637,S. J. RIO PRETO,BULL24975201,fr,C,91.28,121.595988900101,25.23,23.94,26.4995493314834,8700.77,27.61,31.56,27.5,146.435336931017,26.733573694073,12.77
3638,RIB. PRETO,BULL24975201,4d,C,93.25,101.4422153846154,27.4967,25.21,25.8605917915077,7279.18,30.69,33.13,23.4,165.863728048057,25.7619127039542,
3639,RIB. PRETO,BULL24975201,>5d,C,23.0,83.6923636363636,27.0949,24.933,22.8218905985455,800.616,30.1152,33.36,26.4,162.968871136153,22.8233152072644,
3640,GOIAS,BULL24975201,5d,C,18.33,88.13112164297,27.21,25.1,23.5795436018957,493.91,30.31,33.56,25.6,164.030721955494,23.5742693866623,12.73
3641,GOIAS,BULL24975201,3d,C,88.51,65.7107567638217,26.19,24.46,19.6215563847863,4121.41,28.89,32.63,24.2,155.074103182654,19.68461835524544,12.83
3642,GOIAS,BULL24975201,3d,I,78.65,112.488372093023,26.29,25.9,26.359788372093,6709.55,29.45,33.14,25.5,155.704390719211,26.4406202859933,12.81
3643,GOIAS,BULL24975201,2d,B,39.15,92.7399631675875,24.65,26.18,22.2136053406998,2204.09,27.52,31.79,29.9,140.932918595739,22.4100390985095,12.95
3644,RIB. PRETO,BULL24975201,5d,I,24.5,45.0288,27.831,25.29,17.228789328,424.86,31.12,33.44,23.4,168.888281406715,17.1818316689261,
3645,ARACATUBA,BULL24975201,fr,I,48.06,165.111453133666,26.076402,23.265398,33.5525836511364,5533.199,28.407751,31.037405,26.955017,152.952098328536,33.5813805973215,12.6882007
3646,ARACATUBA,BULL24975201,1/½,D,34.09,108.8434133091897,26.72,23.84,26.2553504391127,2151.271,29.34,31.64,29.0,158.537646240526,26.1912058402271,12.61
3649,PIRACICABA,BULL24975952,3d,A,57.2,46.1526548672566,27.9,25.77,17.43027212389381,1555.7,31.37,34.04,25.7,169.849052897654,17.39096422473692,12.63
3650,S. J. RIO PRETO,BULL24975952,3d,I,29.08,92.6008196721312,26.95,25.03,24.0498225409836,1388.662,29.97,33.44,26.0,161.82318268096,24.0758713299728,12.77
3651,MINAS GERAIS,BULL24975952,4d,C,63.85,75.4135004821601,27.29,24.57,21.69592422372228,3299.99,30.24,33.75,26.8,165.132670065756,21.71067864704928,12.77
3652,S. J. RIO PRETO,BULL24975952,4d,B,17.89,81.0772495755518,27.75,26.04,22.8796668081494,418.865,31.27,34.38,27.0,168.838911473764,22.8340006310311,12.69
3653,S. J. RIO PRETO,BULL24975952,4d,B,38.92,86.5108841010401,27.31,25.71,23.4076163558692,2017.833,30.63,33.81,26.0,164.807514519917,23.3858230041615,12.71
3654,RIB. PRETO,SCS19007,2d,I,12.4,130.775,24.92,24.53,27.34573,59.51,27.4,30.01,28.09,141.876425541711,27.4260724437167,12.59
3655,MINAS GERAIS,SCS19007,2d,I,26.73,156.515953835709,26.9794,24.35,33.6476227888663,2140.72,29.797169,32.344381,23.0,161.208019201485,33.5629392148395,12.6405
3656,GOIAS,BULL24987935,5d,C,35.63,61.4835378755819,26.57,26.91,19.20975146847228,1181.296,30.11,33.32,23.8,157.687710826312,19.20914335668064,12.73
3657,GOIAS,BULL24987935,4d,B,102.19,92.1475329859186,27.11,24.93,24.1102922341723,7240.506,30.14,33.16,24.8,162.874333768798,24.0922056424633,12.7
3658,RIB. PRETO,BULL24987935,2d,A,22.32,98.0795542635659,26.29,25.04,24.3007683042636,900.341,29.18,32.23999999999999,24.3,155.187048870255,24.325477343067,12.73
3661,ASSIS,BULL24975033,fr,E,121.92,65.0228347889374,26.69,25.08,19.78905443049491,5840.27,29.68,32.54,25.898904,158.724249508423,19.77973564121594,12.57
3662,ARACATUBA,BULL24975033,1/½,D,28.64,112.349759615385,26.9855,24.24,27.0379132271635,1681.82,29.77,31.84,29.1,160.723855437509,26.9244031422272,
3663,S. J. RIO PRETO,BULL24975033,1,I,73.47,78.444607125427,26.81,25.39,21.84044631527575,4096.35,29.92,32.62,22.06,159.636345784149,21.80963899306146,12.55
3667,SÃO CARLOS,VIC456654,4d,D,16.45,62.1680898876405,25.93,26.67,18.98841492134832,235.248,29.24,31.65,22.83,150.838476388217,18.96526116330709,12.63
3668,SÃO CARLOS,VIC456654,3d,A,233.36,77.7759622334659,25.592,26.389,20.94026878677268,14572.167,28.739,31.296,23.48,147.857876724716,20.93618256856376,12.665
3669,PIRACICABA,VIC456654,3d,B,128.62,78.8878494254845,25.872,26.381,21.27868247230321,7812.461,29.075,31.9,23.031,150.796188662073,21.28377856805985,12.698
3670,SÃO CARLOS,VIC456654,5d,C,91.67,63.3454499811723,25.956,26.99,19.16577099937241,4102.692,29.37,32.12,22.95,151.416206546098,19.15838785977745,12.68
3671,SÃO CARLOS,VIC456654,2d,C,95.6,85.9019377990431,25.59,26.033,22.04327334689,6190.202,28.629,31.302,24.646,148.022973195417,22.0523613043286,12.684
3672,SÃO CARLOS,VIC456654,2d,A,134.56,87.3691579634465,25.84,26.102,22.431091462141,9249.244,28.954,31.632,24.43,150.371510972629,22.4289442681369,12.681
3679,SÃO CARLOS,VIC456654,fr,B,33.09,144.964580369844,26.135,25.55,30.7945434352774,2816.223,29.15,31.32,27.58,152.639290022446,30.7000441813472,12.6
3680,SÃO CARLOS,VIC456654,fr,A,14.14,145.419626168224,26.135,25.55,30.8588641588785,297.518,29.15,31.32,27.58,152.639290022446,30.7640414993592,12.6
3686,PARANÁ,VIC456654,fr,C,21.35,76.7783957219251,25.465787,25.241521,20.72292078993155,617.678,28.249178,30.362572,25.730992,146.290275445185,20.69910860439454,12.6069084
3687,PARANÁ,VIC456654,>5d,C,36.91,67.0160578081092,25.9888,26.76,19.69608629466078,1382.45,29.34,30.99,25.0,150.491968912062,19.61928216762486,12.509067
3688,RIB. PRETO,VIC456654,3d,I,156.16,95.4664955604883,27.0964,26.48,24.6004360357936,12044.53,30.62,33.07,23.5,161.926556773378,24.5138442853244,
3689,PARANÁ,VIC456654,1/½,D,34.98999999999999,86.5521531100478,23.574598,25.093035,20.62911202283254,1725.954,25.931211,28.39773,28.217249,129.008216314313,20.72321445779827,12.7270978
3690,RIB. PRETO,VIC456654,>5d,C,20.61,83.7653890824623,25.9441,25.79,22.0070376190476,629.9,28.99,32.04,22.6,151.808791898069,22.0334323477139,
3692,PARANÁ,VIC456654,3d,C,24.2,84.3235245901639,24.2758,22.72,20.87829123163935,894.347,26.18,28.45,24.0,135.656271271595,20.94325737603919,12.68434
3696,S. J. RIO PRETO,BULL24036152,1/½,I,17.72,162.676573426573,25.48,24.81,32.3112020979021,873.87,28.15,30.79,22.67,147.127819059521,32.3605967504946,12.58
3697,PARANÁ,BULL24036152,2d,E,136.82,85.6303076430059,25.911769,25.107989,22.2432783132843,9202.535,28.748428,31.174353,24.877734,150.894445343283,22.2268407405306,12.6448861
3698,ASSIS,BULL24036088,3d,I,134.05,85.4867677181483,27.06,26.31,23.0671072183531,8981.06,30.52,33.83,24.17,162.491773229128,23.0591539827811,12.59
3699,PARANÁ,BULL24036088,4d,D,29.97,46.932999443517,26.6863,26.28,17.13036509727323,639.746,30.05,32.14,25.0,157.673380080819,17.08880810529847,12.567034
3700,PIRACICABA,VIC456984,3d,C,33.88,82.6828153564899,27.2,25.06,22.7437879341865,1558.54,30.29,33.08,25.0,163.458498800011,22.7055131048523,12.67
3702,PARANÁ,BULL24036066,>5d,D,47.93,27.1809073197885,27.3744,26.59,14.33397341497356,557.45,31.0,33.16,24.0,164.234696920902,14.31106082481231,12.561203
3703,MINAS GERAIS,BULL24036066,5d,C,26.43,89.1233541233541,26.76,24.22,23.3834070686071,1124.89,29.49,32.9,24.2,160.110850402703,23.4228055651188,12.77
3711,ARACATUBA,VIC457870,3d,B,17.92,101.9861486486487,26.69,24.73,25.2189652364865,544.718,29.57,32.36,26.0,158.698481043068,25.2008313216725,12.68
3715,ARACATUBA,VIC457870,5d,D,97.72,97.2177904806346,27.3512,24.26,25.0819534522632,7316.869,30.21,32.53,25.5,164.474010167344,24.9934982521829,
3716,S. J. RIO PRETO,VIC457870,5d,I,116.44,64.8560130218307,26.730182,25.678001,19.78578691605936,5532.282,29.913172,33.085726,25.751277,159.346099822889,19.78812737095461,12.73304385
3717,RIB. PRETO,VIC457870,1/½,A,30.54,160.681769147789,26.135743,24.7536,33.0172727745847,2768.56,28.913,31.46,30.91,153.196644755912,32.9933669400408,12.6599315
3718,S. J. RIO PRETO,VIC457870,2d,I,269.29343,120.444665687732,27.64,24.86,28.9607457135614,27914.1,30.75,33.055506,25.931338,167.115706940711,28.8214709821017,12.49
3719,RIB. PRETO,VIC457870,1/½,I,27.04,124.890957446809,23.7,23.86,25.2082420212766,1709.88,25.78,28.62,24.34,130.881103898431,25.4206016414274,12.68
3720,RIB. PRETO,VIC457870,3d,I,17.6,97.7392857142857,27.96,23.69,25.68399,492.14,30.75,32.979845,,170.204011792584,25.5642989682306,12.49
3721,S. J. RIO PRETO,VIC457870,3d,B,48.28,97.9328004410143,27.283472,25.894638,25.1335154942183,3129.642,30.656395,33.4776,25.091832,164.163125403203,25.0758034897545,12.6650608
3724,S. J. RIO PRETO,VIC457870,1,B,80.56,111.6888856476079,25.25,23.85,25.2087773483081,6846.67,27.61,30.96,22.52,145.965952554793,25.3549165249076,12.69
3725,PARANÁ,VIC457870,fr,E,302.59,80.4593482225816,25.8699,24.25,21.49524313912385,19905.602,28.45,31.08,25.0,150.864717146603,21.50658802696962,12.683654
3729,S. J. RIO PRETO,VIC457870,3d,C,28.73,122.892468619247,27.104994,25.08416,28.7503007313891,1867.231,30.182074,33.208736,26.86204,162.811362225009,28.7238442529626,12.69979143
3731,S. J. RIO PRETO,VIC457870,1/½,I,17.03,125.479125248509,26.92,24.54,28.9310854870775,582.8,29.78,32.35,22.45,160.648183603134,28.8684658450634,12.54
3732,S. J. RIO PRETO,VIC457870,1,I,64.99000000000001,94.3980184940555,27.04,25.58,24.3926619815059,4378.271,30.26,33.33,22.0,162.170742673203,24.3737716320526,12.71
3733,S. J. RIO PRETO,VIC457870,1,D,16.26,94.3291079812207,27.04,25.58,24.3822978403756,362.722,30.26,33.33,22.0,162.170742673203,24.3634232891622,12.71
3734,RIB. PRETO,VIC457870,1,B,17.88,143.263605442177,27.0579,25.05,31.7655424438776,783.83,30.11,32.91,21.3,162.131293817312,31.7067749161591,
3736,SÃO CARLOS,VIC450618,3d,E,29.9,65.9085474860335,26.199,28.41,19.6544746575419,976.963,30.13,32.33,25.64,152.931069763849,19.59738926662193,12.58
3738,S. J. RIO PRETO,VIC450618,4d,C,27.5,67.3045161290323,27.59,27.0,20.62197406451613,869.22,31.41,33.93,23.73,166.604536275474,20.5503290700685,12.49
3739,S. J. RIO PRETO,VIC450618,3d,D,37.09,57.8648864089279,27.18,28.02,18.96228975687525,1162.75,31.25,33.97,25.07,162.795096255334,18.91619996077425,12.5
3746,ARACATUBA,BULL24975242,2d,I,141.42,81.3740225622006,27.559487,24.560738,22.7942420219427,8990.386,30.555416,33.037758,29.982325,166.587352449293,22.7243464766481,12.6150229
3747,ARACATUBA,BULL24975242,2d,D,13.84,104.3353260869565,26.598335,24.305102,25.4794202255163,181.897,29.333992,32.176971,25.45959,157.956596621406,25.4769499435799,12.6945959
3748,ARACATUBA,BULL24975242,2d,B,130.63,104.595473320408,26.603611,24.203221,25.5222827273212,10996.601,29.3036,32.229122,27.699753,158.115340877799,25.5296191479525,12.7077009
3749,PIRACICABA,BULL24975242,1/½,A,46.76,102.6087456846951,26.59,25.45,25.219815995397,3161.56,29.67,32.34,27.0,157.520620784892,25.1854409205772,12.66
3750,MATO G. DO SUL,BULL24975242,2d,E,110.59,152.450755654732,25.95,23.4,31.5928804138351,13859.04,28.3,30.59,26.364514,151.320821690738,31.5677146849023,12.54
3751,MATO G. DO SUL,BULL24975242,5d,D,12.73548245,95.7395916109215,27.5,25.37,24.9796366996928,73.589,30.75,33.03,26.67091,165.699416853627,24.8707263981595,12.48
3752,ARACATUBA,BULL24975242,1,D,32.05,77.1800498753117,26.598,24.93,21.51498368079801,1318.86,29.52,31.84,21.5,157.268630308206,21.46861656880711,
3753,ARACATUBA,BULL24975242,1,C,25.11,66.0717009916095,25.8268,24.88,19.47638595270786,720.88,28.58,31.25,21.5,150.414500147429,19.48430746487489,
3754,MATO G. DO SUL,BULL24975242,fr,E,33.14,93.1456953642384,25.07,25.02,22.605742384106,1727.42,27.71,30.29,26.42,143.174085730539,22.6442124003728,12.58
3755,S. J. RIO PRETO,BULL24975242,>5d,C,12.64,62.015625,25.94,26.12,18.972178125,44.01,29.08,31.97,23.96,151.545788109705,18.97946980842446,12.58
3756,S. J. RIO PRETO,BULL24975242,1/½,I,299.31,120.096028679823,26.85,24.59,28.0522602589537,31069.07,29.72,32.28,27.82,159.96815923389,27.9947703842472,12.54
3757,RIB. PRETO,BULL24975242,1/½,I,67.49000000000001,113.405298251937,23.72,23.25,23.8847009551271,5638.98,25.66,28.45,25.08,131.104999495765,24.0778779971649,12.68
3758,ARACATUBA,BULL24975242,1/½,D,41.6,93.9797297297297,26.67,25.09,24.0264263513514,2438.6,29.65,31.99,,157.952260839615,23.9651268970747,12.61
3759,GOIAS,BULL24975242,2d,D,66.41,73.769343870612,27.99,24.47,21.87691808491086,3372.87,31.04,33.93,26.9,171.104831030885,21.82780101942234,12.66
3760,GOIAS,BULL24975242,2d,C,428.84,86.9590490356012,26.7,24.41,23.0189802082334,31257.93,29.48,32.53,26.6,159.128195951129,23.0285896548202,12.72
3762,S. J. RIO PRETO,BULL24975242,2d,D,57.19,105.3016375304271,27.39,25.49,26.3591220159327,4228.301,30.65,33.52,26.263689,165.276659876442,26.3009633616663,12.67
3763,MATO GROSSO,BULL24975242,2d,C,62.74,101.2656286953094,25.31,23.89,23.8812551793457,4541.338,27.69,29.96,23.648935,145.20018431977,23.8901981956354,12.55
3764,MATO GROSSO,BULL24975242,2d,B,44.27,101.2767895878525,25.31,23.89,23.8827406941432,2892.962,27.69,29.96,23.648933,145.20018431977,23.8916848285793,12.55
3765,GOIAS,BULL24975242,4d,I,21.0,68.76488888888889,28.92,25.2,21.6046192,522.884,32.4,34.81,30.222271,179.317603879346,21.49776519336618,12.47
3766,ARACATUBA,BULL24975242,1/½,B,100.19,117.2258646105,27.379226,24.217365,28.1829235289028,9291.869,30.230324,32.78385,30.069387,165.008318086949,28.1004325632976,12.6336899
3767,MINAS GERAIS,BULL24975242,3d,C,13.43,88.6713286713287,26.76,24.22,23.3166881118881,121.64,29.49,32.9,23.0,160.110850402703,23.3558556910156,12.77
3768,PIRACICABA,BULL24975242,2d,I,24.19,132.26127973749,26.376817,29.285873,29.289744109717,1477.985,30.644875,33.274874,27.0493965,154.950512528065,29.1914115757552,12.635247
3769,GOIAS,BULL24975242,fr,D,79.32,136.677956030897,26.0,24.52,29.4549138443256,8405.32,28.68,32.08,,152.922233178367,29.5698959919883,12.8
3770,GOIAS,BULL24975242,1/½,D,106.18,99.1471650031854,25.54,24.87,23.7997261414313,8219.52,28.23,31.93,,148.88207206807,23.928884520494,12.85
3771,GOIAS,BULL24975242,1/½,D,16.81,106.3970893970894,26.94,24.91,26.1029251559252,466.05,29.92,32.85,,161.181422935237,26.0822921172026,12.7
3772,GOIAS,BULL24975242,3d,I,33.0,81.5942857142857,26.73,25.57,22.2512382857143,1473.48,29.88,33.062685,29.01081,159.37145607847,22.2562112204553,12.6
3773,ARACATUBA,BULL24975242,>5d,E,27.59,65.9799871712636,26.9418,24.73,20.06558172315587,853.548,29.87,31.65,25.2,159.904838765652,19.9839012991377,
3774,S. J. RIO PRETO,BULL24975242,1/½,I,374.77,137.515037075833,26.35,24.0,30.0114078203821,45545.09,28.94,31.7,27.91,155.571879639117,30.0204297959508,12.59
3776,RIB. PRETO,BULL24035151,2d,I,18.02,98.5681063122924,23.15,22.75,21.6523438538206,533.14,24.89,27.64,23.54,125.837739384293,21.85471752537055,12.7
3778,ASSIS,BULL24005014,1/½,B,22.69,145.531337698784,25.9,24.66,30.560855940131,1439.45,28.6,31.3,29.1,151.171108043561,30.5837042260787,12.69
3779,ASSIS,BULL24005014,2d,B,44.13,145.4011826953,25.81,24.96,30.422703330221,4298.18,28.58,30.68,24.9,149.558454312902,30.3504604950786,12.6
3780,RIB. PRETO,BULL24005014,1/½,I,19.88,121.035532994924,26.78,25.03,28.1154517766497,871.2,29.77,31.95,29.73,158.81340133413,28.0078774652646,12.49
3784,PIRACICABA,BULL24975375,3d,I,17.91131,108.871928557291,27.5378,24.1809,27.0517665153748,584.64,30.4062,32.61,25.14,166.116622493716,26.9295744437023,12.5777665
3785,S. J. RIO PRETO,BULL24975375,3d,I,12.23358,95.1834917373063,26.38,24.93,23.9617861118246,31.43,29.26,31.5163,27.339167,155.134307454301,23.9064114814499,12.51
3786,MINAS GERAIS,AIC456PS321013127,3d,C,16.66,75.27038626609439,27.29,24.57,21.67404206008584,306.84,30.24,33.75,26.8,165.132670065756,21.68876318501878,12.77
3787,GOIAS,BULL24985517,fr,C,77.53,106.8654051579429,27.24,25.56,26.4574877460705,6228.53,30.49,33.98,,164.483044355673,26.4653657825175,12.76
3788,GOIAS,AIC456PS321015503,1/½,C,91.29,121.004918653046,27.11,25.89,28.4706432084752,8655.0,30.44,34.36,,163.622978868132,28.5276504774532,12.81
3789,RIB. PRETO,BULL24005983,3d,B,38.23999999999999,88.0155868902439,26.2,24.57,22.7942133384146,2006.649,28.94,31.89,24.8,154.290457239115,22.8162926159125,12.72
3790,S. J. RIO PRETO,SCS19001BT,2d,C,70.81,115.008671994559,26.87,25.03,27.3173895255909,6069.94,29.88,32.8,23.76,160.49239120705,27.2960040195347,12.58
3791,MATO G. DO SUL,SCS19001BT,fr,B,28.94,100.9504132231405,25.84,24.8,24.3107371900826,1518.82,28.58,31.64,24.0,150.997238193428,24.3638617741807,12.62
3792,MATO G. DO SUL,SCS19001BT,2d,C,33.86,75.4158279963404,26.53,25.53,21.21431980786825,1398.27,29.62,32.62,22.54,157.30369758444,21.2145542932471,12.59
3793,PIRACICABA,SCS19001BT,3d,I,22.97,113.804922515953,26.119,23.9133,26.3738370100273,1128.8,28.6469,31.47,19.77,153.485352967621,26.4039053960109,12.7083397
3794,ASSIS,SCS120BT,2d,A,25.14,129.711567732116,26.25,25.03,28.7738984018265,1558.73,29.13,31.08,24.1,153.524044837123,28.659017189568,12.56
3795,ASSIS,SCS120BT,2d,C,76.09,108.2210953346856,26.3,24.58,25.75961663286,6178.81,29.06,31.37,24.1,154.488094351328,25.7103605106368,12.62
3796,GOIAS,SCS120BT,4d,I,44.72,116.891503667482,25.01,25.46,25.6463846271394,3444.05,27.76,32.22,24.5,144.615552816167,25.9102447445821,12.97
3797,ASSIS,SCS120BT,1/½,C,12.24,131.0,26.25,25.03,28.9575,40.56,29.13,31.08,22.2,153.524044837123,28.8413613356177,12.56
3799,S. J. RIO PRETO,BULL24015177,1/½,I,19.2,97.9263888888889,25.76,24.93,23.8234711111111,630.67,28.51,31.63,21.42,150.295784184022,23.8832573334901,12.63
3800,ARACATUBA,BULL24075322,1/½,C,44.71,92.3365943136655,24.75,24.38,22.2429157749924,2639.81,27.16,29.92,,140.493489906899,22.3227293705976,12.74
3801,MATO G. DO SUL,SCS19004,4d,E,133.402695,53.6799066939988,27.13,25.29,18.30616988280203,5072.053,30.27,32.16,26.901142,161.760803808186,18.24201632914345,12.44
3802,MATO G. DO SUL,SCS19004,3d,E,202.97,58.0755616065351,27.25,24.66,19.0265231449966,8811.05,30.22,32.63,23.12,163.567468510263,18.98355623289118,12.51
3803,MATO G. DO SUL,SCS19004,3d,D,72.42,58.7893081761006,27.05,24.68,19.04179088050315,2839.01,29.99,32.4,23.24,161.674106400636,19.00314789036183,12.52
3804,S. J. RIO PRETO,SCS19004,4d,C,15.72,78.3118279569893,27.07,24.03,21.99319247311828,258.68,29.81,32.57,24.52,162.3464426912,21.96974744168417,12.57
3805,MINAS GERAIS,SCS19004,3d,I,16.03,72.9186104218362,25.3649,26.68,20.14171136426799,257.502,28.544447,31.883701,23.0,146.54323627482,20.19618699551885,12.787
3807,MINAS GERAIS,SCS19005,3d,I,34.31,118.450918870462,27.94,25.53,28.9682764679516,2386.92,31.33,34.12,29.3,170.383297949786,28.8600476004888,12.64
3808,RIB. PRETO,SCS19005,3d,A,37.47,74.4695720455438,28.7243,25.018,22.4475986376129,1603.1,32.1051,35.01000000000001,24.1,177.98419349189,22.3689615337631,
3809,GOIAS,SCS19005,fr,C,46.58,113.781087333719,27.11,25.69,27.3791222961249,3531.59,30.38,33.64,,163.008027513492,27.3697612364433,12.73
3812,S. J. RIO PRETO,SCS19005,2d,C,17.03,25.7952286282306,24.23,28.31,13.6871564612326,81.39,27.59,32.7,22.9,137.388084306679,13.72975729026649,13.06
3813,RIB. PRETO,AIC456SCS1078008,1/½,I,15.59,132.128133704735,24.99,25.76,27.6046445682451,443.26,27.82,30.91,30.13,142.911096372793,27.7261056885044,12.63
3814,ARACATUBA,SCS19003BT,2d,C,23.77,105.28632115548,26.51,25.76,25.5358451996602,1109.98,29.67,32.23,23.8,156.601161200171,25.4893103631745,12.64
3816,PARANÁ,PS321832847,2d,E,31.64,74.53528513238291,25.2086,26.44,20.26003567199593,1240.193,28.28,30.8,21.0,144.19955676117,20.26713697643438,12.67062
3817,GOIAS,PS321832847,1,I,391.8,99.3001579778831,27.96,26.77,25.9331052132701,33168.6,31.78,34.71465,29.797907,170.548129933725,25.8412767903121,12.53
3818,S. J. RIO PRETO,PS321832847,5d,I,25.83,61.8705712219812,27.14,25.49,19.55040448300795,701.71,30.35,33.158161,23.242218,162.85213674642,19.52308222960039,12.55
3819,PIRACICABA,PS321832847,4d,I,206.57,63.298915557383,26.318348,28.060822,19.34515724973223,9993.23,30.164095,32.755877,26.573588,154.5189665446,19.31106843009691,12.6397385
3820,S. J. RIO PRETO,PS321832847,1/½,I,23.79,138.995419847328,27.87,25.34,32.154173129771,1509.276,31.19,34.11,,169.879465674767,32.0499690286389,12.66
3823,S. J. RIO PRETO,SCS14,>5d,I,186.77,60.4844080791898,27.92,25.65,19.71871776620702,8485.62,31.35,34.12,23.5,170.157071729916,19.66815200636295,12.53
3829,S. J. RIO PRETO,SCS14,5d,I,42.96,93.265503875969,26.76,24.62,23.994788372093,2527.98,29.62,32.41,23.41,159.373878003334,23.9764124540965,12.57
3830,MATO G. DO SUL,SCS14,5d,C,79.6,87.2452662721894,28.43,25.12,24.3627972485207,5098.58,31.78,33.98,24.96,174.459199562086,24.2242857294159,12.46
3831,MATO G. DO SUL,SCS14,5d,B,156.94,78.5013798813302,26.72,25.03,21.78900311853181,9650.71,29.7,32.54,21.88,158.99236677503,21.77519522256207,12.57
3843,RIB. PRETO,SCS14,>5d,I,29.29,78.0566801619433,27.1,24.43,21.97455870445344,1154.12,29.97,32.375296,24.186397,162.17398164358,21.91999467407549,12.52
3844,SÃO CARLOS,SCS14,4d,E,82.09,84.7459552004566,27.977,26.513,23.6226212623769,5110.764,31.718,33.795,23.256,169.87191039296,23.4845429208568,12.54
3845,RIB. PRETO,SCS14,3d,I,261.81,103.0857851967495,25.68,24.12,24.4605354149153,22766.14,28.19,30.9,23.93,149.194680733185,24.4964852193995,12.59
3846,ARACATUBA,SCS14,4d,B,49.5,51.3064,26.68,24.66,17.77017952,1485.99,29.53,32.79,24.0,159.128040212126,17.7830735997939,12.75
3847,PIRACICABA,SCS14,1,A,86.14,99.2649042352307,25.75,24.2,23.9989243323442,6481.82,28.29,30.97,23.1,149.805450475676,24.0255794388527,12.69
3848,ASSIS,SCS14,fr,C,38.801409,100.8850657068067,25.22,23.45,23.7506056864398,2394.245,27.46,30.65,25.476126,145.569646074754,23.8723467677894,12.69
3849,MATO G. DO SUL,SCS14,>5d,A,29.91,89.5039642657733,26.28,24.39,23.0675660971524,1400.096,28.98,31.11,25.386803,154.105417177451,23.013733174894,12.5
3850,ARACATUBA,SCS14,3d,I,321.42,83.1118350462155,26.2571,24.86,22.138485434374,22015.424,29.09,31.8,22.9,154.512828561047,22.1343487566028,
3851,ARACATUBA,SCS14,1/½,D,30.87,111.6068892421834,28.051,24.29,27.9879017922629,1891.582,31.05,32.97,28.1,170.644685914205,27.8021036587172,
3852,ARACATUBA,SCS14,1/½,C,86.46,150.204485629868,27.5137,24.22,33.4406292871609,10302.706,30.39,32.64,28.1,165.936618609204,33.2747311944863,
3853,ARACATUBA,SCS14,4d,I,226.37,81.5343098381303,26.59,24.72,22.1450558053832,14918.07,29.45,32.42,25.6,157.957020995144,22.1490207209268,12.71
3854,RIB. PRETO,SCS14,5d,C,86.15,113.101550910317,27.417282,24.7728,27.5871112102171,7508.68,30.45251,32.98,24.67,165.265186966263,27.4953481028489,12.6242166
3855,RIB. PRETO,SCS14,>5d,A,96.37,74.85646556833001,26.713013,24.6664,21.24807995040891,5315.2,29.57691,32.92,23.13,159.524111445165,21.27284423155148,12.7591261
3856,RIB. PRETO,SCS14,>5d,C,226.24,90.8749533233757,27.997261,24.3776,24.6178321467686,16910.17,31.015205,33.6,23.44,170.863052284821,24.5303158337742,12.62145597
3858,PIRACICABA,SCS14,2d,E,34.88,76.1241258741259,27.908,26.13,22.2008659440559,1479.16,31.5,33.87,24.77,169.569158659631,22.1039845637703,12.58
3859,MATO G. DO SUL,SCS14,2d,D,76.36,87.0383778744562,24.67,24.53,21.5073624766936,4841.47,27.1,29.65,25.56,139.456844865902,21.56415488773351,12.59
3860,GOIAS,SCS14,>5d,I,88.75,117.372508143322,25.56,25.53,26.2885121042345,8099.34,28.45,31.99,23.4,148.778704388584,26.4127151420192,12.81
3861,MINAS GERAIS,SCS14,>5d,I,24.65,68.53675889328059,27.46,25.88,20.74058292490119,727.19,30.87,33.44,23.7,165.569259235306,20.68230818280622,12.62
3862,S. J. RIO PRETO,SCS14,3d,I,437.92078,100.3669024084714,27.72,24.76,25.8912770586117,37649.3,30.81,33.32788,25.649162,168.118556425033,25.7957132397623,12.51
3863,S. J. RIO PRETO,SCS14,1,I,288.021,92.1304973172331,28.23,24.73,25.0051797145869,22129.7,31.41,33.881466,22.4372015,172.899100761031,24.892924961877,12.5
3864,MATO G. DO SUL,SCS14,fr,A,175.84,131.476684570313,26.72,24.52,29.58696796875,19587.06,29.54,31.98,26.41,158.613815639433,29.5169326048024,12.53
3865,RIB. PRETO,SCS14,>5d,B,203.87,72.66855162349509,26.04,24.75,20.51786464793871,11652.475,28.8,31.83,25.07,152.849688131807,20.54514657557773,12.74
3866,S. J. RIO PRETO,SCS14,4d,I,290.19,63.4075991229016,26.21,25.99,19.30501983536432,14313.08,29.38,33.12,24.34,154.989229267543,19.35073297707854,12.67
3867,RIB. PRETO,SCS14,3d,A,200.07,98.9127399372574,27.03,25.29,25.0629848125698,16357.679,30.16,32.89,24.74,161.757413444139,25.0158271283467,12.66
3868,S. J. RIO PRETO,SCS14,4d,I,235.99,89.494026519041,26.017025,25.505492,22.8623570706806,17369.887,28.989874,32.474897,25.995661,153.005169256821,22.9270583257099,12.80201274
3869,S. J. RIO PRETO,SCS14,4d,B,167.74,94.7509824065751,26.571883,25.408932,24.0583763376367,12899.638,29.62778,33.13393,25.201413,158.24781800053,24.1021506143618,12.78229266
3870,S. J. RIO PRETO,SCS14,4d,I,144.31,76.61101957524,26.473719,25.347418,21.35161741635523,8560.684,29.495539,32.899069,47.954247,157.229648844212,21.38343568437858,12.76982313
3871,S. J. RIO PRETO,SCS14,5d,B,122.7,58.6672086720867,28.83,25.41,19.8540912195122,5178.06,32.37,35.15,24.4,178.808957171074,19.78450841267567,12.62
3872,S. J. RIO PRETO,SCS14,5d,C,24.99,79.5790608160123,26.7,25.25,21.93412193995381,889.852,29.74,33.5,24.0,159.731846076451,21.98357941046227,12.81
3873,MATO G. DO SUL,SCS14,>5d,C,28.51,63.1889763779528,27.27,26.22,19.81655669291339,857.13,30.75,33.12,23.03,163.515645915023,19.75593081963436,12.49
3874,MINAS GERAIS,SCS14,1,C,34.929108,74.7813345377413,20.65,25.09,17.43058543751462,1451.52,22.41,26.63,21.0,104.4393622653747,17.80346652683795,13.28
3875,MINAS GERAIS,SCS14,1,B,12.49709862,78.5199995928373,26.48,25.33,21.63209594104285,45.067,29.5,32.64,20.0,157.013457295613,21.64629512026013,12.74
3876,PIRACICABA,SCS14,4d,I,123.45,84.8814087034545,27.549439,25.570485,23.3326501886843,8134.633,30.880888,33.71605,25.08605,166.732555870828,23.2771266441519,12.6591395
3877,PIRACICABA,SCS14,4d,D,53.02,84.7870307167236,26.095422,26.394855,22.2596391407918,2997.724,29.361357,32.665913,23.812474,153.404105884769,22.2923849985055,12.7629022
3878,PARANÁ,SCS14,2d,E,178.47,74.07860875833481,26.055253,25.691362,20.72530551986412,10346.226,29.101732,31.555809,25.142975,152.199897111034,20.70341456071469,12.64318836
3879,PARANÁ,SCS14,>5d,D,155.22,58.8149001536098,26.094841,26.27772,18.59848574096006,6716.83,29.326025,31.47901,27.502128,152.149352702211,18.56107795334705,12.5904629
3880,PARANÁ,SCS14,>5d,A,54.31,72.12644764831009,25.5345,26.67,20.13781405696053,2555.95,28.75,30.76,26.0,146.636016795496,20.09518541543137,12.578353
3881,PARANÁ,SCS14,4d,B,18.09,17.40459770114943,25.6129,26.21,12.73572248045977,44.914,28.71,31.16,24.0,147.956159459514,12.73478834687199,12.649697
3882,PARANÁ,SCS14,3d,D,58.41,68.0758457229045,24.817,25.62,19.18724114630468,2614.48,27.57,30.02,25.0,140.550082345883,19.20855458529444,12.67748
3883,MATO G. DO SUL,SCS14,4d,I,15.58,46.46,26.89,27.19,17.131094,135.3668,30.6,32.97,28.6,159.799793978606,17.09318090050276,12.6
3884,MINAS GERAIS,SCS14,2d,D,68.423386,127.418897405413,27.315,25.8225,29.676404137639,6524.325,30.67125,33.10125,24.625,164.05615381925,29.5501536175257,12.61125
3885,GOIAS,SCS14,5d,B,61.26,113.269711733658,27.81,25.28,28.0107414250914,5000.546,31.09,33.76000000000001,24.306425,169.06347536413,27.905772874012,12.52
3886,S. J. RIO PRETO,SCS14,>5d,C,264.27,63.826019740754,25.39,27.09,18.93950404328696,13086.15,28.7,32.42,28.4,147.100920102179,19.00174295220957,12.84
3887,MATO GROSSO,SCS14,>5d,C,15.96,83.2643939393939,27.62,26.13,23.1314983333333,294.207,31.15,33.29,25.873268,166.59424371145,23.0170650846154,12.46
3888,ARACATUBA,SCS14,1/½,D,36.28,115.590568369028,28.58,24.39,29.1753162355848,2527.179,31.71,34.25,30.0,176.329300619681,29.0229656508776,12.6
3889,GOIAS,SCS14,>5d,D,344.53,85.9308934532223,27.71,25.05,23.6145433615012,24596.24,30.9,33.09,24.257369,167.627465497139,23.505677570064,12.47
3890,S. J. RIO PRETO,SCS14,5d,D,64.96000000000001,62.2364237160121,25.81,25.47,18.93765011518127,2672.521,28.73,32.83,23.0,151.7045384059,19.01825638640866,12.89
3891,PARANÁ,SCS14,3d,E,82.23,49.3518297024064,26.916545,25.920185,17.57160248588281,2635.219,30.216728,32.226149,26.701847,159.804222553786,17.5207581501256,12.55171394
3892,PARANÁ,SCS14,3d,D,89.27,43.9558690306717,27.409731,25.900843,16.92431345633881,2481.23,30.81167,32.7548,26.398912,164.408640817886,16.87035056511903,12.5323827
3893,PARANÁ,SCS14,3d,C,80.0,51.4977941176471,26.979046,25.599162,17.91639274986765,2697.85,30.19186,32.223577,25.66479,160.458496174113,17.86378311690061,12.55591375
3894,GOIAS,SCS14,fr,E,35.07,64.7345470307759,27.63,24.87,20.24240970091027,1228.586,30.74,33.51000000000001,24.484746,167.523331436572,20.20145243602488,12.55
3895,SÃO CARLOS,SCS14,4d,I,89.61,74.0726710475454,26.19,24.74,20.8081120216467,4829.46,28.97,32.04,25.07,154.305768995874,20.83329918704887,12.62
3896,MATO G. DO SUL,SCS14,5d,B,69.399044,106.3043929442449,25.67,24.44,24.8914105154783,5424.982,28.27,30.42,25.528673,148.364925749119,24.8598115416577,12.52
3897,RIB. PRETO,SCS14,5d,B,106.35,94.6130895601484,27.18,24.94,24.5406669952305,7806.545,30.22,32.85,25.1,163.114038714057,24.4839976140801,12.64
3898,MINAS GERAIS,SCS14,5d,I,52.48,97.6847826086957,28.17,24.94,25.8552293478261,3480.52,31.41,35.06,25.2,173.489736908795,25.8372130005656,12.75
3899,RIB. PRETO,SCS14,2d,B,15.6,61.235,28.04,25.98,19.897294,189.246,31.61,34.33,23.2,171.197153738816,19.8380718643306,12.63
3900,RIB. PRETO,SCS14,2d,A,80.31,107.83167910994,26.46,24.68,25.8572607992973,6558.262,29.28,32.26000000000001,22.86,156.751839148541,25.8718117998567,12.71
3901,MATO G. DO SUL,SCS14,>5d,I,930.2,73.53394685253761,25.81,24.28,20.49783806033544,56512.47,28.39,30.59,23.6,149.769359702641,20.47749245785046,12.62
3902,RIB. PRETO,SCS14,3d,A,19.5,98.4266666666667,28.09175,24.4496,25.9075631333333,660.2,31.151505,33.57,24.75,171.568220014588,25.7909493617941,12.5955822
3903,ARACATUBA,SCS14,>5d,B,51.75,89.5683270440252,27.4143305,24.054906,23.9566382938869,3095.341,30.225021,33.221035,23.329497,165.846656059271,23.9336277318352,12.6931799
3905,MINAS GERAIS,SCS14,4d,C,38.13,85.798316111749,28.42,24.72,24.1176835055492,1940.35,31.63,35.08,24.7,175.688737772944,24.0799532141009,12.72
3906,ARACATUBA,SCS14,5d,B,64.05,58.7251296829971,27.37,25.44,19.18165243227666,2444.043,30.61,33.4,26.0,165.010961366353,19.14945701276289,12.66
3907,MINAS GERAIS,SCS14,3d,C,38.680466,68.3484910645864,27.5625,26.745,20.76923392192625,1515.404,31.29,33.7275,25.25,166.290892893137,20.69405899953597,12.6025
3908,ARACATUBA,SCS14,2d,I,108.17,100.0415098263492,26.784319,24.250581,25.0163376651438,8478.952,29.53639,32.206842,26.583927,159.521550890014,24.9880200722814,12.6724434
3909,PARANÁ,SCS14,3d,E,82.22,56.2023924807747,26.972009,25.051612,18.61798618043691,3115.892,30.007545,32.126062,24.148359,160.556407853987,18.56654864549597,12.5722123
3910,PARANÁ,SCS14,3d,C,38.13,60.6756218905473,26.6924,25.21,19.15161707064677,1283.894,29.72,31.75,24.0,157.78678919857,19.09626262766653,12.563604
3911,PARANÁ,SCS14,3d,E,269.41,59.0157608484519,27.987958,25.315401,19.51686009783093,12114.327,31.318312,33.45941,25.135022,170.178989491618,19.4369055411877,12.5531967
3912,S. J. RIO PRETO,SCS14,4d,C,92.67,62.1558200074377,26.8,25.71,19.42306136110078,4058.07,30.01,33.19,25.0,160.005440408657,19.42333422925817,12.73
3913,ARACATUBA,SCS14,3d,I,221.85,85.142125327615,26.715153,24.701353,22.7629756494103,15360.875,29.584326,32.238228,,158.788440205428,22.7364184901506,12.6620904
3914,ARACATUBA,SCS14,3d,B,69.99000000000001,66.6566649422314,27.6,24.35,20.5264397309881,3181.54,30.54,33.18,25.0,167.170628808145,20.48110906764214,12.64
3915,MINAS GERAIS,SCS14,5d,C,12.7,74.44,27.58,25.96,21.728152,55.708,31.04,33.73,25.0,166.819200466297,21.66691087711561,12.64
3916,S. J. RIO PRETO,SCS14,fr,D,15.43,137.795918367347,25.49,24.25,28.9698693877551,443.48,28.0,31.06,28.81,147.806492611686,29.0839024583353,12.64
3917,PARANÁ,SCS14,5d,C,35.7,68.87932489451481,27.4118,25.37,20.76612779409283,1360.04,30.64,32.68,28.0,164.596372607496,20.67957865526618,12.549198
3918,GOIAS,SCS14,>5d,B,59.69,71.0394212623192,28.22,24.93,21.57619412874817,2827.59,31.47,33.46,24.766016,172.258125842395,21.46154700231893,12.44
3919,PIRACICABA,SCS14,3d,C,66.62,100.7162577810326,27.96471,25.379969,26.1632932775943,4857.682,31.312244,33.845785,25.01686,170.370618581134,26.0500486229855,12.6106744
3920,MINAS GERAIS,SCS14,fr,I,56.11,131.078666968941,27.81,24.32,30.8263372477896,5264.56,30.78,34.04,,169.810775285944,30.7918967543853,12.72
3921,MINAS GERAIS,SCS14,fr,B,15.0,155.26,28.31,24.2,35.365706,441.78,31.33,34.7,,174.652574102879,35.3016077659784,12.72
3922,S. J. RIO PRETO,SCS14,3d,I,86.23665,75.3409508645662,24.31,25.7,19.7972710514281,4714.22,26.98,31.542477,23.461414,138.175193556309,19.99205673537727,12.83
3923,S. J. RIO PRETO,SCS14,3d,I,146.36,50.4366626972313,25.04,25.99,17.01214081571896,5176.35,27.95,31.87,23.41,144.238710405051,17.08281470735581,12.73
3924,PIRACICABA,SCS14,1/½,D,31.28,123.918205394191,28.29,25.2,30.2314756587137,2169.783,31.64,34.15,25.0,173.449135592828,30.0690975179927,12.6
3925,MINAS GERAIS,SCS14,4d,D,12.35659388,69.2500010375949,27.32,25.2,20.77070015895954,32.415,30.47,33.01000000000001,24.0,164.303676088803,20.71938561411347,12.64
3926,GOIAS,SCS14,5d,C,91.37,74.6139599344841,27.8,26.04,21.89300566964848,4981.67,31.34,35.14,26.4,169.968131296642,21.89101024393325,12.77
3927,RIB. PRETO,SCS14,2d,I,52.14,109.5276532137519,28.633137,25.0088,28.2219081719283,3926.76,31.99006,34.39,24.26,176.609278937136,28.0539566719468,12.5786549
3928,RIB. PRETO,SCS14,2d,A,31.61,108.9036206017338,27.504646,25.0584,27.0245633354819,1912.28,30.65001,33.28,20.98,166.164224848832,26.9390715551116,12.63491297
3929,PIRACICABA,SCS14,>5d,C,56.6,77.4658295964126,25.91,26.1,21.10629689686099,2931.776,29.04,32.4,23.0,151.770770418871,21.1502094388011,12.78
3930,ARACATUBA,SCS14,2d,D,81.12,101.5664496527778,28.18,24.46,26.4918515538194,6202.833,31.26,33.3,25.0,171.98634385472,26.3294088119958,
3931,ARACATUBA,SCS14,2d,B,21.82,114.785437881874,27.2338,24.13,27.6581280360489,1021.353,30.03,32.89,23.7,163.987521861085,27.6221039870724,
3932,ARACATUBA,SCS14,2d,D,201.18,98.3196426683582,27.4703,24.35,25.353907679723,16341.95,30.38,32.81,24.3,165.713380758112,25.2684841003855,
3934,RIB. PRETO,SCS14,1/½,A,17.71,91.2714535901927,27.3487,25.02,24.1671375971979,464.64,30.45,33.36,29.6,164.995643721108,24.1281870707395,
3935,PARANÁ,SCS14,2d,B,52.93,95.9698753970193,27.258855,25.665839,24.8128415305119,3448.887,30.552786,32.52668,24.1017685,163.037577707188,24.6826065803402,12.5408886
3936,RIB. PRETO,SCS14,3d,B,450.65,92.4056833466317,28.0032,24.558,24.8674823173282,35281.953,31.084,34.22,23.97,171.47028913053,24.8223175710252,
3937,GOIAS,SCS14,4d,B,79.58,78.1029594554602,27.35,25.94,22.1468042764131,4479.238,30.75,34.23999999999999,24.0,165.45678574236,22.1439476860924,12.75
3938,MINAS GERAIS,SCS14,4d,I,385.86,96.2051837586262,28.09,25.68,25.548614066763,31492.95,31.56,34.94,24.1,172.362637261899,25.5033653386561,12.72
3939,PIRACICABA,SCS14,3d,C,108.76,56.2569243489045,27.59,24.92,18.89965450599421,4294.3,30.71,33.26000000000001,23.2,166.902669178347,18.85551571126948,12.62
3940,PIRACICABA,SCS14,3d,A,157.98,61.7761337169475,27.69,24.88,19.80987538018907,7278.32,30.82,33.41,23.4,167.896055030046,19.7599028811202,12.63
3941,GOIAS,SCS14,4d,I,131.41,82.8970772967088,28.41,27.18,23.6342103843899,8477.82,32.5,37.197573,24.848245,176.285427756917,23.647356670405,12.68
3942,PARANÁ,SCS14,3d,E,127.4,71.0941681109186,26.765648,25.578082,20.72563685178648,6831.467,29.924042,32.047428,26.016327,158.545730460989,20.65999803179905,12.5743476
3944,ARACATUBA,SCS14,>5d,I,233.53,58.5551121744233,27.881163,25.333055,19.39349324925301,10325.354,31.196308,34.244432,27.111343,170.116431813137,19.36112821968014,12.6800807
3945,S. J. RIO PRETO,SCS14,BIS,I,25.86,69.5235930735931,26.9,25.01,20.57101536796537,809.277,29.91,33.18,,161.148940023392,20.57958293326336,12.74
3946,PARANÁ,SCS14,5d,C,54.19,62.7954491585684,26.9264,27.83,19.58193192320455,2155.06,30.86,32.75,25.0,159.555506691671,19.49514823822355,12.523473
3947,MATO G. DO SUL,SCS14,3d,E,102.92,77.3065332160141,28.15,25.2,22.5470051143863,5949.67,31.47,33.67,23.53,171.793714411705,22.4355735179383,12.46
3948,MATO G. DO SUL,SCS14,3d,D,71.71000000000001,81.1686484675934,28.09,24.79,23.1292355384358,4142.06,31.27,33.55,22.56,171.358516749745,23.0226132253802,12.48
3949,S. J. RIO PRETO,SCS14,1/½,I,44.38,120.534589252625,26.87,24.97,28.1390934218654,3526.35,29.86,32.760506,28.917374,160.480371030001,28.1152560818185,12.57
3953,GOIAS,SCS14,2d,E,176.38622,78.7467321774295,28.97,24.73,23.3269204505098,10984.243,32.3,34.42,28.22778,179.543913146912,23.1830086987754,12.45
3954,MATO G. DO SUL,SCS14,4d,B,50.21,68.1993195498561,27.3,25.2,20.59849589112798,2159.376,30.45,32.85,25.568668,163.960429851057,20.54007275613304,12.51
3955,MATO G. DO SUL,SCS14,2d,C,32.135046,97.8711720847323,27.29,24.99,25.1297022117556,1741.02,30.37,33.21,23.3651085,164.371936247875,25.0843567584252,12.55
3956,RIB. PRETO,SCS14,5d,A,182.2,63.3017038777908,27.6557,24.772,20.0316408539953,8743.55,30.7391,33.88,24.15,168.166809512818,20.01162341716598,
3957,GOIAS,SCS14,fr,E,157.03,143.172171274909,27.81,23.62,32.7383202785631,19035.9,30.55,32.76000000000001,24.964439,168.769236912427,32.5637611949136,12.49
3958,S. J. RIO PRETO,SCS14,>5d,C,29.26,79.2387022016223,27.6,26.05,22.4892375434531,1172.54,31.1,34.12,22.65,167.330820401872,22.4442427757351,12.55
3959,RIB. PRETO,SCS14,1,B,25.67,108.983174835406,27.715,25.44,27.2409059253841,1337.76,31.03,33.73999999999999,22.5,168.185646981959,27.1473799080324,
3960,RIB. PRETO,PS321801842,>5d,I,13.55,72.52903225806449,27.62,24.86,21.45463483870968,105.82,30.72,33.198416,23.47,167.117309153659,21.38910060954599,12.51
3961,MINAS GERAIS,PS321801842,>5d,C,40.508402,99.3446010758513,28.003334,26.04,25.9780482411361,2502.055,31.586666,34.123333,23.666667,170.655680107943,25.8577170874462,12.6166667
3962,MINAS GERAIS,PS321801842,>5d,A,199.53189,95.7939083320709,28.068571,25.777143,25.4644836540137,15726.03,31.578571,33.80857,24.428572,170.985387185321,25.3220069599456,12.5657143
3963,MINAS GERAIS,PS321801842,1,D,20.854473,142.201876497901,28.04,25.34,32.8843809902633,1164.869,31.39,33.71,28.0,170.862475679129,32.6841924385248,12.59
3965,MATO G. DO SUL,PS321801842,>5d,B,73.61,66.0542119785749,25.78,24.38,19.44867041064762,3342.28,28.38,31.15,23.14,150.166639468444,19.4684888181946,12.6
3966,ASSIS,PS321801842,>5d,E,22.39,52.0837343599615,26.92,25.19,17.98049316650626,428.47,29.99,32.82,24.062814,160.843176463827,17.96619034666892,12.56
3968,RIB. PRETO,SCS115,4d,I,17.27,93.4573055028463,26.73,24.74,23.9986611005693,441.28,29.62,32.133255,24.98,158.762680270731,23.9548924832295,12.53
3969,MINAS GERAIS,SCS115,>5d,I,34.89,65.01358671909131,26.9584,26.67,19.92998435578855,1225.481,30.512886,33.572983,22.0,161.230576216325,19.91124809338409,12.6975
3970,MINAS GERAIS,SCS115,5d,I,69.8,50.8700692041523,30.66,30.92,19.25315491349481,2258.69,36.95,40.7,22.7,196.23697806239,19.16130408724898,12.66
3971,RIB. PRETO,SCS115,5d,I,38.52,82.1131221719457,27.0297,25.22,22.5377919230769,1871.4,30.13,32.31,24.0,161.153196633198,22.4575962978797,
3972,S. J. RIO PRETO,SCS115,>5d,E,339.84,54.2359687652513,27.09,26.3,18.37340768667643,13858.64,30.55,33.4,25.0,162.310750937097,18.3485201816607,12.68
3973,GOIAS,SCS115,5d,D,51.21,67.82223922468759,27.43,26.42,20.61337151236929,2200.79,31.01,34.5,23.6,166.133630624585,20.60408440129524,12.74
3974,ARACATUBA,SCS115,>5d,I,29.59,66.8050028425242,25.34,25.74,19.31098737919272,976.02,28.24,30.7,23.1,145.462959018949,19.31443784840518,12.66
3977,GOIAS,BULL24855536,5d,D,46.71,45.8271103428407,28.6,26.26,17.61530031691155,1186.139,32.39,34.63,23.642915,175.984510808017,17.54712214161954,12.45
3978,RIB. PRETO,BULL24855536,>5d,I,29.54,71.97662485746861,23.49,23.51,18.89131419612315,1063.99,25.45,28.76,24.36,129.609429866039,19.05381665477619,12.76
3980,S. J. RIO PRETO,BULL24855536,>5d,I,37.46589,49.3735219935372,26.89,27.36,17.56491742483769,963.75,30.66,32.628027,26.017946,159.345278021052,17.50681198876364,12.43
3981,S. J. RIO PRETO,BULL24855536,>5d,D,29.37,54.5538284398388,27.82,25.2,18.7320156591825,751.16,31.08,34.26000000000001,23.0,169.69108449388,18.7103593560447,12.71
3982,MATO GROSSO,BULL24855536,3d,E,28.99,61.7497351383167,27.25,25.1,19.58683460859329,857.248,30.36,32.95,22.634078,163.709046850461,19.54748489889692,12.53
3983,GOIAS,BULL24855536,3d,D,153.11539,42.9725112193645,27.16,25.71,16.69543270085566,4382.698,30.45,32.69,23.906252,162.394456595674,16.65809399423975,12.48
3985,SÃO CARLOS,BULL24845210,>5d,A,41.53,48.0843210294616,26.528,26.89,17.24233015916018,1077.57,30.05,32.47,22.9,156.468143864449,17.21303488173522,12.62
3986,MINAS GERAIS,PS321813250,>5d,C,12.19117509,54.7200008118212,27.96,25.63,18.81811212956667,20.167,31.39,33.53,26.0,169.876828848221,18.74449825656377,12.56
3987,RIB. PRETO,PS321813250,>5d,I,19.78,108.8753213367609,28.53,24.16,28.0134906169666,765.69,31.57,33.880901,23.64,175.639838211892,27.8526619102726,12.48
3988,ARACATUBA,BULL24867515,5d,C,145.67,80.3814019600509,27.7506,24.92,22.7704810971198,9152.542,30.9,33.21,24.5,168.160947853999,22.6785045456669,
3989,PARANÁ,BULL24867515,4d,E,283.25,35.4717788018433,26.517725,26.177032,15.40756829905991,6378.72,29.809544,32.250456,25.475569,156.486267189054,15.3913497033655,12.62709737
3990,ARACATUBA,BULL24867515,2d,E,27.9,97.5295597484277,27.1991,23.65,24.9997233157233,1371.92,29.84,32.11,25.2,163.05474470626,24.9196458126376,
3992,ARACATUBA,BULL24867515,4d,E,32.42,71.8570029382958,27.4737,25.05,21.26209306366308,1234.28,30.61,32.52,24.5,165.070713375048,21.16235414025728,
3993,PARANÁ,BULL24867515,>5d,B,85.83,35.5737234186645,26.781731,26.004789,15.48460438243099,1752.448,30.079021,32.137833,24.169523,158.573689336208,15.45528761286501,12.5617086
3995,MATO G. DO SUL,BULL24867515,5d,D,326.37,48.5694563730636,26.99,25.8,17.48176151032223,11508.34,30.27,32.69,24.71,160.974191846612,17.44790520944709,12.5
3996,MATO G. DO SUL,BULL24867515,5d,D,49.94,46.0282024248814,26.97,26.04,17.09402190300474,1303.03,30.32,33.07,23.93,161.10966833705,17.07393397768006,12.54
3999,PARANÁ,BULL24867515,>5d,D,34.9,20.18375545851528,27.2029,28.12,13.24416815860262,199.408,31.31,33.16,25.0,162.108568140289,13.228451813888,12.510782
4000,PARANÁ,BULL24867515,1,E,25.45,69.3002973977695,26.3005,24.82,20.19422902936803,782.689,29.13,31.34,24.0,154.342400705034,20.15626189271093,12.603049
4001,GOIAS,BULL24867515,2d,E,91.9,51.6160325406758,28.75,26.12,18.6356854505632,3177.321,32.53,34.56,27.30008,177.208917515449,18.54492185230187,12.42
4002,GOIAS,BULL24867515,4d,E,467.90964,52.0698699856401,27.5,26.08,18.21082984777422,18280.24,30.98,33.21,25.568074,165.560579536696,18.15315245695494,12.47
4003,ARACATUBA,BULL24867515,>5d,C,72.74000000000001,69.7882779058281,27.3743,25.11,20.88454321007573,3522.06,30.51,32.6,24.5,164.327448598544,20.80274093229843,
4004,PARANÁ,BULL24867515,2d,D,235.77,65.87923314117171,26.079525,25.0144415,19.58594009991956,12068.556,28.923546,31.325539,24.92287,152.460062506423,19.56788045480711,12.6374375
4005,PARANÁ,BULL24867515,2d,E,192.46,50.1375429458052,26.978771,25.303702,17.71253522287881,6894.301,30.095182,32.175182,24.481405,160.546085078605,17.66518269911653,12.56454414
4006,GOIAS,BULL24867515,>5d,E,155.63612,31.862615336588,28.46,26.47,15.26938648440239,2864.989,32.3,34.55,24.059247,174.64106568592,15.23047692565219,12.45
4007,GOIAS,BULL24867515,>5d,D,420.84,48.1987354466295,28.71,26.14,18.04880869313179,14811.491,32.48999999999999,34.77,24.583384,177.082099796932,17.97576325752324,12.45
4008,MINAS GERAIS,BULL24867515,5d,A,42.808647,90.2900008559285,26.89,26.61,23.6573811274478,2424.009,30.41,32.93,23.0,160.032806571949,23.5894885532234,12.63
4009,MINAS GERAIS,BULL24867515,5d,B,44.457428,66.61295331225881,27.146667,25.59,20.2720421770733,1784.596,30.393333,33.026667,23.666667,162.714039932902,20.23093882635749,12.64666665
4010,MINAS GERAIS,BULL24867515,4d,B,18.8872323,61.4218846081321,26.98,25.525,19.40339831429818,352.38,30.17,32.93,23.5,161.285878782037,19.37798947478944,12.67
4011,MATO G. DO SUL,BULL24867515,4d,E,140.41,34.1508137995483,26.6,26.37,15.23401881473406,2856.386,29.97,32.04,,156.82320061682,15.2079517507178,12.46
4012,MATO G. DO SUL,BULL24867515,4d,C,43.83345,36.3344972034134,28.57,26.44,16.0322261866056,786.651,32.42,34.75,,175.769934737191,15.98525901886537,12.46
4013,MATO G. DO SUL,BULL24867515,5d,A,77.24002,45.432163264205,25.7766,25.5688,16.60581540425647,2193.115,28.7206,30.85,23.73,149.20255916664,16.58697835832587,12.59847337
4014,PARANÁ,BULL24867515,5d,E,91.05,52.0154332700822,27.0078,26.66,18.0054361943074,3175.22,30.57,32.73999999999999,28.0,160.763245565139,17.95282572595269,12.569778
4015,PARANÁ,BULL24867515,3d,E,287.71,50.3738420804469,26.371322,25.00633,17.51482840915252,10592.052,29.2725,31.625023,26.977062,155.155859904504,17.49344036086602,12.6227346
4016,PARANÁ,BULL24867515,4d,E,117.98,44.316087941121,27.333781,25.963637,16.9552781526589,3436.859,30.741552,32.861551,25.267382,163.878111454984,16.90810640611064,12.5595302
4017,RIB. PRETO,BULL24867515,>5d,I,19.3,67.4643835616438,27.18,24.77,20.41949342465754,416.89,30.17,32.640287,25.551643,162.95933482178,20.37286644876584,12.52
4018,PARANÁ,BULL24867515,5d,D,20.71,39.6946039035591,24.1737,25.24,15.37145799540758,253.22,26.69,28.9,26.0,134.253261699149,15.38575565867608,12.659644
4019,MATO G. DO SUL,BULL24867515,3d,I,213.89,77.8400118876616,25.89,26.16,21.1451776511962,13304.44,29.03,31.53,23.4,150.632886736228,21.12759091073413,12.65
4020,MATO G. DO SUL,BULL24867515,3d,D,141.85,35.1354639969195,26.1,26.13,15.26210042356565,3016.14,29.28,31.96,25.96,152.818387364022,15.25789873096459,12.55
4021,MATO G. DO SUL,BULL24867515,3d,E,234.36,36.8126461593812,26.56,27.42,15.6127212808059,5529.34,30.26,33.05,24.76,157.091854934566,15.60011285709964,12.53
4022,RIB. PRETO,BULL24867515,3d,I,92.78396,94.9150984923245,27.08,24.71,24.5035968526425,6710.21,30.03,32.469728,28.48931,161.988144264348,24.4362817543594,12.52
4023,ARACATUBA,BULL24867515,5d,C,17.4,70.1277777777778,25.94,26.96,20.10301222222222,325.89,29.34,31.38,,150.472165581982,20.04907926935708,12.58
4024,MATO GROSSO,BULL24867515,>5d,B,95.26,91.0943550324285,29.15,26.46,25.5646818880615,6597.396,33.14,35.18,24.489944,180.987964855202,25.3659940884649,12.42
4025,MATO GROSSO,BULL24867515,>5d,E,236.68,19.8220802919708,28.35,27.97,13.27891012773723,1769.465,32.71,34.88,25.16635,173.350624881116,13.26209754297975,12.43
4026,MATO G. DO SUL,BULL24867515,5d,E,96.14386,42.5074071952487,27.6,25.73,16.7591555224588,2579.011,30.99,32.85,26.984003,166.139445703495,16.70239483492646,12.43
4027,MATO GROSSO,BULL24867515,4d,E,48.23,53.2787192934033,28.9,26.45,18.97610356058515,1507.528,32.83,34.75,23.707103,178.488800690051,18.87244446917997,12.41
4028,MATO G. DO SUL,BULL24867515,>5d,I,41.93,49.4677581022386,26.88,24.82,17.5752024056131,1133.41,29.83,31.74,23.031083,159.465061392685,17.52518524879286,12.46
4029,MATO G. DO SUL,BULL24867515,>5d,E,212.23,40.74519302801779,28.06,27.34,16.61647800029966,5767.65,32.11,34.62,22.533638,171.005519460304,16.57064434940669,12.47
4030,MATO G. DO SUL,BULL24867515,1,D,20.4,129.328571428571,27.12,26.07,29.74008,997.56,30.52,32.87,24.344251,162.092604300552,29.6101508445776,12.49
4031,PARANÁ,BULL24867515,4d,E,146.1,27.0400820283371,27.252396,27.044928,14.2939728696868,2028.875,31.0022,32.87384,25.561591,162.713320898481,14.26674070907624,12.51851565
4032,PARANÁ,BULL24867515,4d,E,296.47,29.763954019756,25.843059,26.568169,14.4590746356877,5065.312,29.09738,31.615593,23.356768,150.155180177717,14.45418226826808,12.6512185
4033,ASSIS,BULL24867515,3d,B,13.48,85.1804054054054,26.35,24.19,22.5013881756757,120.307,29.0,31.73,25.851982,155.508318754782,22.5019969455231,12.59
4034,MATO G. DO SUL,BULL24867515,4d,A,129.60319,77.6179479485208,25.771,26.4904,21.0362476119908,7728.88,28.9883,31.14,23.5,149.061796140815,20.99371380489875,12.5965972
4035,ASSIS,BULL24867515,2d,D,31.08,51.6239517819706,27.24,25.88,18.03869025157233,768.025,30.6,32.98,29.022232,163.284996379066,17.99450940185972,12.5
4036,ASSIS,BULL24867515,4d,I,288.52,68.70309561695359,26.82,25.23,20.40339877043252,15691.54,29.88,33.4,23.52,160.619318524465,20.4271754288192,12.64
4037,ASSIS,BULL24867515,5d,I,43.87,54.7496077816128,27.06,26.55,18.43809093191089,1374.43,30.6,33.3,23.95,161.836718842528,18.40546096180185,12.52
4038,ASSIS,BULL24867515,5d,I,25.34,51.044227886057,27.45,25.24,18.0323332083958,532.85,30.65,33.42,23.4,165.771538680766,18.00389099864147,12.54
4039,PARANÁ,BULL24867515,>5d,D,67.93,42.7268192383336,26.752052,26.7396145,16.53283635198498,1730.551,30.280088,32.594944,27.143546,158.490829530846,16.50119723906786,12.5966952
4040,PARANÁ,BULL24867515,5d,D,161.83,46.4899085630381,26.215629,25.821206,16.90295744376073,5179.623,29.33032,31.377739,24.451478,153.222969637422,16.87076730979541,12.57385314
4041,MATO G. DO SUL,BULL24867515,3d,A,13.11952,32.4998570816064,26.7693,26.0608,15.02768539195369,34.95,30.0817,32.42,24.39,158.764452171862,15.00865029418344,12.6037693
4042,MINAS GERAIS,BULL24867515,>5d,C,202.8672,101.9809815410925,27.34,26.102,25.8030825684036,17186.418,30.792,33.352,23.8,164.395858608506,25.7127289403909,12.63
4043,MATO G. DO SUL,BULL24867515,5d,D,205.55,73.3595970033583,27.52,25.17,21.52300945492121,11888.15,30.7,33.09,23.18,166.035343101975,21.45154657701121,12.5
4044,MATO G. DO SUL,BULL24867515,5d,C,215.63,75.5434366252517,27.31,25.01,21.72850014732603,12951.35,30.4,32.91,22.86,164.200825301352,21.67136349684746,12.52
4045,MATO G. DO SUL,BULL24867515,5d,B,75.28999999999999,86.6157370832675,27.42,24.95,23.5057466582398,4734.43,30.51,32.91,24.32,165.127764181472,23.4257409923133,12.5
4046,ARACATUBA,BULL24867515,4d,C,94.23,41.4638209899064,25.47,26.22,15.96877668734039,2434.81,28.54,30.76,23.0,146.335236622133,15.95802936447124,12.63
4048,ARACATUBA,BULL24867515,3d,C,82.3,75.0859317211949,27.6874,25.21,21.89654245283073,4446.941,30.92,33.13,24.1,167.417222588802,21.8046402925349,
4049,MATO G. DO SUL,BULL24867515,>5d,C,13.34,93.8805970149254,26.74,24.53,24.0692,121.72,29.57,31.95,25.26,158.731242551678,24.0144417408732,12.52
4050,PARANÁ,BULL24867515,3d,D,22.58,86.2126654064272,26.4699,25.82,22.7384984716446,797.17,29.64,31.9,25.0,155.875724352511,22.6774009914802,12.600648
4051,PARANÁ,BULL24867515,2d,E,63.75,60.3175845410628,27.133843,25.151911,19.31230738583672,2512.435,30.233822,32.319439,28.438213,162.039215062994,19.2495324582809,12.5631299
4053,PARANÁ,BULL24867515,4d,B,23.31,44.0719717064545,27.3289,25.98,16.9162804709107,374.734,30.74,32.5,25.0,163.425078797737,16.85650084284867,12.505637
4054,S. J. RIO PRETO,BULL24867515,2d,I,152.29,97.7463824934065,26.55,24.64,24.4760986527906,12041.36,29.37,32.19,25.46,157.427626752041,24.4698929085889,12.58
4055,SÃO CARLOS,BULL24867515,3d,E,264.54,59.3590678704364,27.834,26.621,19.4988348066049,11972.059,31.578,33.856,23.76,168.713617954964,19.42181086895079,12.57
4057,SÃO CARLOS,BULL24867515,4d,E,99.62,49.2347295138096,28.217,26.465,18.03835608525451,3274.507,31.996,34.248,23.86,172.33771223373,17.97013134588598,12.558
4060,ARACATUBA,BULL24867515,fr,E,22.34,95.3479690522244,27.9089,24.74,25.2597450485493,873.818,31.03,33.05,26.6,169.359932832007,25.1156308117422,
4062,SÃO CARLOS,BULL24867515,>5d,I,139.09048,75.3829536248506,25.98,24.13,20.86093691675411,8067.37,28.55,31.534132,22.281782,152.331916910245,20.89465138160847,12.62
4064,ASSIS,BULL24867515,fr,E,12.26906663,77.0731010382075,24.82,24.93,20.34237155309821,29.509,27.39,30.54,24.3327055,141.528751573379,20.42883753848737,12.66
4073,RIB. PRETO,SCS12,>5d,C,47.36,79.5904977375566,27.302181,24.8928,22.3428203026018,2402.0,30.3532,33.12,23.56,164.422184953996,22.3022913472865,12.66034275
4074,RIB. PRETO,SCS12,>5d,B,91.22,80.7572582681141,27.40672,24.6024,22.5932382610452,5458.95,30.38511,33.11,23.19,165.404093205113,22.5476448558898,12.65374595
4077,RIB. PRETO,SCS12,5d,C,120.05,94.1979639055993,27.050887,24.8552,24.3715226637325,8893.49,30.03994,32.53,24.83,161.750754880292,24.3092071444865,12.6270207
4078,RIB. PRETO,SCS12,>5d,I,20.83925,96.9676160307718,27.48,24.15,25.1529869615635,763.05,30.33,32.934265,24.747386,166.02549619102,25.0871792193077,12.54
4079,MATO G. DO SUL,SCS12,3d,I,237.95,91.6680238990927,25.03,23.2,22.3807435140518,18012.99,27.17,29.46,25.9,142.691698234703,22.4119493383753,12.66
4080,RIB. PRETO,SCS12,3d,I,29.87,76.8970341354225,26.425573,25.9464,21.36176903404029,1171.71,29.625202,32.22,22.36,155.817889011245,21.33335445244718,12.6511659
4083,RIB. PRETO,SCS12,4d,A,140.67,99.5937514572161,27.24,25.03,25.3492877220797,11282.688,30.32,33.02,25.0,163.744513408659,25.2918711925143,12.65
4084,GOIAS,SCS12,3d,I,40.52,84.6535764375877,27.6,25.93,23.3339579242637,2084.08,31.05,33.24178,22.816127,166.484804884776,23.2238735801419,12.46
4085,PIRACICABA,SCS117,>5d,D,28.63,24.0360793746242,26.75,25.55,13.77532170775707,212.16,29.9,33.28,23.0,159.765956801225,13.77852278492683,12.76
4086,ASSIS,SCS122,4d,B,107.02,97.5403073037255,25.92,25.8,23.9072107766786,8140.04,28.97,30.97,25.2,150.371310621707,23.8363244326001,12.57
4087,PARANÁ,SCS125,>5d,E,85.35,25.3436128152693,26.2708,26.92,13.90424029764145,990.754,29.74,31.76,23.0,153.584641509792,13.88925063689537,12.561546
4088,ASSIS,PT35991906,5d,A,30.59,71.9209252286175,25.77,26.34,20.25111140398064,1125.93,28.94,31.02,24.5,148.985923356172,20.20832327079832,12.59
4089,GOIAS,BULL2493509,>5d,C,95.47,61.3486282496705,26.57,26.91,19.190095135977,4131.13,30.11,33.32,23.8,157.687710826312,19.18948868211318,12.73
4090,RIB. PRETO,PS321801816,5d,B,32.18,50.5748265609514,28.0655,25.66,18.19723876114965,790.44,31.53,34.27,23.8,171.501065944269,18.15272595508707,
4091,RIB. PRETO,PS321801816,5d,C,152.81,57.3888218166323,26.9471,25.69,18.78431258575385,6403.2,30.18,32.77,22.9,160.769493661827,18.75247203956729,
4092,RIB. PRETO,PS321801816,5d,I,52.85,77.3982864137087,27.370743,25.4896,22.0522025310551,2683.52,30.629402,33.33,22.11,164.916326789163,22.00046573669,12.6452734
4093,PIRACICABA,PS321801816,3d,C,33.03,86.6050404184498,26.004958,29.49538,22.4484045764869,1580.944,30.239176,33.213123,25.768698,151.751212183971,22.4261448335125,12.6915651
4094,RIB. PRETO,PS321801816,>5d,C,207.12,73.26019885198849,27.9005,25.75,21.74067791846044,11965.09,31.36,34.0,23.9,169.826057020827,21.66845563712112,
4095,PIRACICABA,PS321801816,>5d,B,71.43,83.8088170957429,27.554074,28.594843,23.1691965495965,4279.598,31.92409,34.659098,25.0,166.274581121924,23.0782751783066,12.6281642
4096,MATO G. DO SUL,PS321801816,5d,E,62.93,124.965992538779,27.55,24.63,29.5662118397801,5765.358,30.56,32.51000000000001,24.921741,165.887789463374,29.3840868763286,12.45
4097,RIB. PRETO,PS321801816,3d,B,46.26,78.3169877408056,28.2912,26.16,22.8038331068301,2284.02,31.98,34.44,24.1,173.289872203248,22.6962584776189,
4098,PIRACICABA,PS321801816,4d,A,27.58,78.007702182285,27.4,26.54,22.1651861360719,1040.4,31.01,33.42,25.0,164.750130390332,22.0826851151102,12.6
4099,PIRACICABA,PS321801816,5d,B,18.42,99.9769470404985,27.65,25.8,25.768392211838,576.812,31.07,33.51000000000001,25.0,167.240160942514,25.657555417798,12.6
4100,RIB. PRETO,PS321801816,>5d,C,147.39,73.19088558977771,27.05,25.45,21.20922828126154,8296.634,30.23,32.71,25.6,161.652654207095,21.15737844179289,12.62
4101,PARANÁ,SCS19004M,2d,C,63.09,44.2090820121354,26.6627,23.85,16.72272106819338,1657.562,29.27,31.59,26.0,158.020099930971,16.70317337409687,12.617112
4102,PARANÁ,SCS19004M,1,B,21.14,82.2225382932166,25.7399,24.86,21.64850653894967,653.834,28.47,30.76,24.0,149.143856844553,21.63058973894606,12.629803
4103,PARANÁ,SCS19004M,1,D,15.35,79.6773134328358,27.422832,26.063329,22.4377583528597,238.719,30.88286,33.17379800000001,22.961229,164.89697022272,22.347656176694,12.58222
4104,PARANÁ,SCS19004M,5d,B,18.19,51.5770597738288,26.3982,25.52,17.69838422035541,256.982,29.46,31.12,25.0,154.516771354236,17.64039477865967,12.508724
4107,MATO G. DO SUL,BULL24855156,4d,E,29.15,58.7654227405248,27.54,25.66,19.26734669387755,814.027,30.89,32.72,27.182323,165.543417106743,19.18052281002154,12.42
4108,MINAS GERAIS,BULL24855156,4d,I,16.71,69.04628450106159,27.1461,25.15,20.64028729681529,280.688,30.247406,32.771608,26.0,162.649236371978,20.59397919794355,12.6278
4110,RIB. PRETO,BULL24855156,>5d,I,23.04,85.5634057971015,27.77,23.73,23.6009490942029,824.14,30.53,32.881056,23.86,168.539333231794,23.5155664937382,12.51
4111,GOIAS,BULL24855156,3d,E,26.53,79.0025464556091,27.48,26.21,22.3719941913283,985.547,31.0,34.21,28.622139,166.365247825498,22.3428646885595,12.57
4112,RIB. PRETO,BULL24855156,5d,A,18.33,84.7424960505529,28.4444,26.11,23.9620670205371,472.46,32.15,34.42,23.9,174.554757308663,23.824638791524,
4114,SÃO CARLOS,BULL24855156,5d,E,110.67,43.8283166109253,27.677,27.44,16.98972519509476,3152.5,31.67,33.71,26.83,166.883707792765,16.92968768950216,12.53
4116,S. J. RIO PRETO,BULL24855156,5d,I,16.66,68.3167381974249,27.24,24.93,20.58267090128755,274.436,30.29,33.56,26.0,164.360423915107,20.58044210527577,12.73
4117,RIB. PRETO,BULL24855156,4d,B,18.48,100.0030864197531,27.8072,25.79,25.9108238765432,582.26,31.26,33.8,23.2,168.834330527869,25.8019051430282,
4118,RIB. PRETO,BULL24855156,>5d,B,122.96,84.7383741888969,27.4442,25.22,23.2338599864816,8083.05,30.63,33.01000000000001,23.1,165.300120324217,23.1508015153458,
4120,GOIAS,BULL24855156,4d,C,91.6,55.6225628140704,27.06,26.05,18.569557959799,3484.356,30.44,34.06,27.8,162.836649750985,18.57988122842629,12.77
4121,RIB. PRETO,BULL24855156,>5d,B,271.45,70.2798496820197,27.5,25.68,21.03337670071305,15132.707,30.85,33.56,24.37,166.12137363846,20.98217048843583,12.64
4122,RIB. PRETO,BULL24855453,>5d,C,34.94,66.2114210985179,28.0489,25.31,20.70033676068004,1255.61,31.39,33.84,23.7,171.088599535503,20.62441906139262,
4123,S. J. RIO PRETO,BULL24855453,>5d,C,57.69,58.2998467936091,27.92,25.86,19.37093560954257,2127.44,31.42,33.97,26.78,169.903630206374,19.31091388670984,12.5
4124,MATO G. DO SUL,BULL24855453,>5d,D,35.754566,61.622417854319,26.71,24.41,19.29945766637033,1190.759,29.49,31.51,28.997086,158.036331288373,19.24667585310341,12.48
4125,S. J. RIO PRETO,BULL24855453,3d,I,56.07,80.0576128885863,26.825432,26.431076,22.0898351196206,3011.299,30.26249,33.174833,28.29426,159.862043685805,22.0631377300837,12.6811722
4126,S. J. RIO PRETO,BULL24855453,2d,D,20.22,126.532846715328,26.89,24.33,29.0539408759124,953.46,29.68,32.33,26.19,160.484616438424,29.0063658141264,12.55
4128,SÃO CARLOS,PS321803280,2d,C,31.65,99.1175063613232,27.264,25.58,25.2976161709924,1723.859,30.53,32.94,23.919,163.582656037258,25.2055030015921,12.61
4129,SÃO CARLOS,PS321803280,2d,B,91.19,82.7597802752873,26.7,26.217,22.4016877004672,5615.467,30.043,32.509,24.269,158.230998157509,22.3472732990613,12.627
4130,SÃO CARLOS,PS321803280,>5d,C,84.69,41.140789654698,26.56,27.23,16.24289897372403,2130.244,30.2,32.66,23.29,156.770182243954,16.21871742904337,12.62
4133,RIB. PRETO,PS321803280,>5d,C,68.53999999999999,72.3404315528829,27.05,25.45,21.08123494870888,3423.648,30.23,32.71,25.6,161.652654207095,21.03010573789045,12.62
4134,RIB. PRETO,PS321803280,>5d,A,60.57,95.0886555486926,26.25,24.71,23.8401334156887,4047.616,29.04,32.03,23.7,154.783777892928,23.8637121392865,12.72
4136,ASSIS,PS321803280,5d,B,74.64,83.9294380587484,26.01,25.58,22.0773142720307,4517.66,29.01,31.18,24.7,151.454162214561,22.0308595230469,12.6
4138,MATO G. DO SUL,PS321803280,>5d,B,36.214973,62.4827736128386,26.56,25.55,19.35029183802931,1234.439,29.67,31.93,24.968364,156.760606135123,19.30791690757669,12.5
4140,RIB. PRETO,PS321803280,>5d,C,78.58,90.8961850405527,27.0855,24.954,23.9018839942926,5264.908,30.1139,32.98999999999999,24.14,162.487131340307,23.8728605604468,
4141,RIB. PRETO,PS321803280,>5d,B,12.59,48.9864406779661,,,12.0,33.822,,,26.93,,,
4145,ASSIS,SCS19005HP,3d,B,31.36,119.048037190083,25.81,25.92,26.7833339359504,2084.45,28.86,30.8,23.8,149.245219378795,26.6918313482223,12.56
4146,RIB. PRETO,SCS19005HP,4d,A,76.14,66.807171811662,26.61,25.56,20.00732780168382,3527.332,29.73,32.53,23.51,157.835943766624,19.99285562633323,12.68
4147,RIB. PRETO,SCS19005HP,3d,B,29.05,49.9395894428153,27.08,25.78,17.72129008797654,658.87,30.37,33.15,24.8,162.215632367254,17.69911941990648,12.66
4148,ASSIS,SCS19005HP,2d,A,116.36,133.957934074358,25.99,25.57,29.0619149770027,12739.53,28.98,30.96,26.9,151.037144776506,28.9566829365401,12.57
4149,PIRACICABA,SCS19005HP,4d,I,15.27,81.9449541284404,27.2996,25.1888,22.7012982018349,240.72,30.4464,32.65,24.55,163.73891534753,22.6133714734823,12.57702214
4150,PIRACICABA,SCS19005HP,2d,I,213.62733,96.6160587456076,26.4372,25.0606,24.2161896332209,17072.91,29.3665,31.8,23.39,155.864935244268,24.173283812062,12.63256073
4151,RIB. PRETO,DIVERSAS,2d,A,28.93,112.619019492026,27.402499,24.7896,27.4978434710691,1715.48,30.44023,33.11,23.48,165.27863794128,27.4227462587249,12.6447905
4152,RIB. PRETO,DIVERSAS,3d,C,70.18,95.4499828119629,27.041405,23.9496,24.5520498871777,4867.12,29.746626,32.27,23.47,161.820576916336,24.5025245685466,12.6379942
4154,PIRACICABA,DIVERSAS,1/½,D,14.55,140.588235294118,26.31783,27.994548,30.4110449294118,339.9,30.14217,33.484861,28.01598,155.280121973313,30.4241380372743,12.74319607
4155,PIRACICABA,DIVERSAS,1/½,B,15.08,124.07987012987,26.62,29.76,28.386077012987,357.206,31.13,34.44,29.0,157.826868824243,28.3442565192668,12.72
4156,MATO G. DO SUL,DIVERSAS,3d,D,42.51000000000001,66.2664700098328,26.79,25.81,20.02601091445428,1667.67,30.03,32.42,23.7,159.049053929069,19.97983307501613,12.5
4157,S. J. RIO PRETO,DIVERSAS,1,I,42.16,106.8448275862069,27.39,24.95,26.5966189655172,2872.52,30.48,33.087444,22.586691,165.07072622696,26.5179666374915,12.53
4158,RIB. PRETO,DIVERSAS,5d,I,17.59,78.3881932021467,27.45,25.43,22.2569758497317,383.11,30.71,33.34,23.54,165.597512389371,22.1970613278747,12.52
4159,PIRACICABA,DIVERSAS,5d,I,50.39999,91.916687478304,26.7732,24.5159,23.8062520745448,3080.8,29.6021,32.14,23.47,159.229045231916,23.7660575955281,12.6432246
4160,PIRACICABA,DIVERSAS,>5d,I,13.50601,74.4697047164362,26.7116,24.7986,21.19029307906322,106.08,29.6168,32.07,22.95,158.512340569409,21.15258265268491,12.63025576
4161,PARANÁ,DIVERSAS,>5d,C,12.49,21.0265306122449,25.8329,27.58,13.24863095306122,16.423,29.4,31.48,23.0,149.431942271705,13.24053363401582,12.577324
4162,GOIAS,DIVERSAS,5d,D,37.93,59.0705746239877,27.43,26.42,19.2629896644813,1232.54,31.01,34.5,23.6,166.133630624585,19.2551585623807,12.74
4163,RIB. PRETO,DIVERSAS,1/½,I,48.81,125.145884270579,26.86,25.38,28.813478402608,4176.9,29.98,32.64,31.56,160.065230827168,28.7529714716672,12.54
4164,S. J. RIO PRETO,DIVERSAS,4d,I,17.51,94.9872958257713,27.56,24.17,24.91282323049,469.26,30.43,32.76000000000001,24.36,166.471902279884,24.8192054512704,12.5
4165,PIRACICABA,DIVERSAS,2d,B,20.38,121.964200477327,26.66,24.12,28.1207517899761,933.5,29.35,32.07,25.0,158.425171323644,28.1015268943602,12.68
4166,PIRACICABA,DIVERSAS,2d,C,38.76000000000001,113.406950672646,26.96,24.95,27.1704798206278,2725.65,29.96,32.62,24.0,161.0690407978,27.1166368670011,12.65
4167,MATO G. DO SUL,DIVERSAS,fr,D,33.48,93.1447858472998,25.07,25.02,22.6056235102421,1754.99,27.71,30.29,26.42,143.174085730539,22.64409309532,12.58
4168,MATO G. DO SUL,DIVERSAS,2d,I,44.99,113.470003031222,25.19,24.84,25.3838933998181,3359.4954,27.81,30.41,22.4,144.350929998862,25.4296492681695,12.7
4169,PARANÁ,DIVERSAS,4d,C,22.86,37.1369244935543,27.5164,26.22,15.90034575211786,284.987,31.05,33.2,27.0,165.612770664646,15.86135261744289,12.558802
4170,MATO G. DO SUL,DIVERSAS,>5d,C,26.52,57.9097796143251,25.95,24.74,18.40441425619835,678.61,28.69,31.17,25.47,151.369090422084,18.39840422632682,12.55
4171,MATO G. DO SUL,DIVERSAS,4d,D,26.79,70.25422582826229,26.07,24.59,20.19636957403651,873.58,28.78,31.24,23.86,152.498281623432,20.18461862617424,12.54
4172,S. J. RIO PRETO,DIVERSAS,>5d,I,34.6,68.9327433628319,26.67,25.76,20.35203345132743,1298.68,29.87,32.26127200000001,25.801101,157.922566952557,20.30777205515559,12.51
4174,ASSIS,DIVERSAS,1/½,D,32.59,54.9927149101506,26.42,25.28,18.19954949004371,897.22,29.41,31.94,29.459162,155.784149989393,18.18167096909232,12.54
4175,MATO G. DO SUL,DIVERSAS,4d,C,26.752906,36.3330364878621,28.57,26.44,16.03198414603875,370.983,32.42,34.75,,175.769934737191,15.98501979757487,12.46
4176,MATO G. DO SUL,DIVERSAS,4d,A,20.97,132.214269788183,26.48,24.88,29.4070262653289,1090.322,29.36,31.47,26.327569,155.912047958455,29.3002817590476,12.49
4177,MATO G. DO SUL,DIVERSAS,>5d,I,45.78,44.319271758437,27.81,25.62,17.10967686500888,1103.745,31.21,33.16,23.716503,168.245742399529,17.04974860970911,12.43
4179,MINAS GERAIS,DIVERSAS,3d,I,76.23,74.0767554102444,26.71,24.74,21.13149072084696,3999.19,29.6,32.79,24.6,159.320643278277,21.14518753966549,12.74
4181,S. J. RIO PRETO,BULL2492579,5d,I,115.09,63.0208555631002,26.01,26.33,19.14802186439034,5271.74,29.24,32.228107,24.182855,152.277018570805,19.15705350332336,12.58
4182,MATO G. DO SUL,BULL2492579,3d,E,38.28,55.2264079147641,25.97,25.47,18.03872918569254,1147.99,28.92,32.1,24.85,152.245129934217,18.06229319459558,12.62
4183,ASSIS,BULL2492579,4d,I,74.6,61.1936900958467,26.26,25.97,19.01502020766773,3091.525,29.42,32.13,26.73,154.38279804608,19.0043352420584,12.55
4186,MATO G. DO SUL,BULL2492579,2d,I,188.52,92.9000113301609,27.55,24.72,24.57995176184,14292.47,30.59,32.76000000000001,24.9,166.129418930188,24.4690717377633,12.57
4187,S. J. RIO PRETO,BULL2492579,4d,I,33.66,98.9469067405356,25.97,24.31,24.1464828716528,1895.27,28.59,31.85,23.64,152.520974164759,24.2178640357925,12.65
4188,MINAS GERAIS,BULL2492579,>5d,E,139.11884,87.1688970730067,27.24,26.13,23.4557399139262,9567.383,30.68,33.2325,23.0,163.438629751569,23.3834747726729,12.63
4189,MATO G. DO SUL,BULL2492579,5d,E,34.57,60.447053610988,26.7,25.0,19.12171688081524,1105.45,29.66,32.12,23.64,158.384574272852,19.09190131761851,12.52
4190,MINAS GERAIS,BULL2492579,4d,C,44.874214,105.9998747954856,26.983334,26.206667,26.0843152001894,3102.172,30.406666,32.883333,25.333333,160.918759906764,25.9983447859348,12.62666667
4191,MINAS GERAIS,BULL2492579,5d,C,28.25,62.2572307692308,27.81,24.32,19.94566818461539,828.68,30.78,34.04,23.5,169.810775285944,19.93113255141688,12.72
4192,MINAS GERAIS,BULL2492579,5d,D,57.91,67.78283598344589,26.5,24.35,20.08851121759965,2572.99,29.23,32.61,22.5,157.615398889224,20.12283991290163,12.77
4193,MINAS GERAIS,BULL2492579,5d,C,309.23,85.8764256636275,26.73,24.23,22.8819975002523,21970.29,29.46,32.86,23.9,159.816460796823,22.920151777917,12.77
4194,MATO G. DO SUL,BULL2492579,3d,E,235.5,44.5201342281879,27.26,25.63,16.96257248322148,7280.25,30.54,32.98,24.1,163.57137989772,16.92912161942553,12.5
4195,RIB. PRETO,BULL2492579,5d,B,27.38,35.0923276983095,28.3121,25.46,15.76684358647594,367.16,31.76,34.45,23.9,173.809759820526,15.73656399856034,
4196,MATO G. DO SUL,BULL2492579,3d,C,71.75,115.108853556485,28.44,24.43,28.9510955246862,6172.754,31.56,33.22,26.534336,174.029860231399,28.7067131303771,12.4
4197,MATO G. DO SUL,BULL2492579,5d,C,95.25,112.208408408408,26.67,24.14,26.7005735135135,8354.35,29.36,31.75,24.664034,158.134894751775,26.6439452160056,12.53
4198,MATO GROSSO,BULL2492579,4d,B,48.16,117.007217920354,27.7,25.27,28.4861332134956,3809.061,30.96,33.19,25.287497,167.550869248031,28.3339640248284,12.47
4199,MATO G. DO SUL,BULL2492579,4d,A,86.1,81.8098515519568,25.1209,25.1464,21.1596808122807,5184.91,27.8071,29.71,25.17,142.776976565977,21.12952132048459,12.57954663
4200,GOIAS,BULL2492579,5d,E,91.24888,55.0068790877549,27.92,25.65,18.84669515077059,3420.247,31.35,34.22,26.792687,170.25872861407,18.80621400608712,12.54
4201,MATO G. DO SUL,BULL2492579,1/½,D,42.83,67.6120661693156,26.49,25.23,20.05818838793383,1726.52,29.48,31.83,28.81,156.244844133455,20.02175381653234,12.51
4202,ARACATUBA,BULL2492579,3d,C,95.77,62.3236242091441,25.03,27.23,18.55716823445147,4227.61,28.29,30.45,24.0,141.98368202042,18.54124996731648,12.62
4203,MINAS GERAIS,BULL2492579,>5d,I,32.57,77.7413709285367,27.5423,25.12,22.217721093826,1364.3,30.7169,34.194855,22.0,167.384670424473,22.2152012549837,12.7485
4204,MINAS GERAIS,BULL2492579,3d,C,201.8998,86.9866877163641,27.65,25.173333,23.735416627611,14251.957,30.865,33.091667,23.5,167.085307339226,23.6293335108429,12.58166665
4205,PARANÁ,BULL2492579,fr,D,39.43,113.016186656945,25.3313,24.68,25.4667708917973,2782.874,27.93,30.19,26.0,145.280669222408,25.4635049599333,12.637006
4206,PARANÁ,BULL2492579,fr,C,116.15,99.6450312049928,26.2889,24.9,24.5235108638502,9140.23,29.14,31.37,26.0,154.246621646031,24.4672095929712,12.605793
4207,MATO G. DO SUL,BULL2492579,2d,D,67.05,94.9073569482289,27.99,24.42,25.2568863760218,4576.05,31.02,33.44,25.37,170.61035430069,25.1499652596923,12.5
4208,MINAS GERAIS,BULL2492579,2d,D,17.5805874,116.830004095985,27.0,25.68,27.7245006143977,597.013,30.24,32.76000000000001,25.0,161.19438088728,27.6400475595114,12.63
4209,ARACATUBA,BULL2492579,5d,C,30.92,81.9503171247357,26.7797,25.48,22.3384470200846,1335.46,29.91,32.23999999999999,24.9,158.926834075021,22.2775786376811,
4212,PARANÁ,BULL2492579,2d,D,24.4,180.250403225806,25.882615,24.643486,35.3575557157863,2098.305,28.578236,30.723005,25.043574,150.339118786741,35.2756125177719,12.6038082
4213,PARANÁ,BULL2492579,2d,C,75.45,81.0679275019701,25.444289,24.904578,21.28569177967534,4394.36,28.128132,30.445421,24.981928,146.386073864345,21.28176760693699,12.64187413
4214,MINAS GERAIS,BULL2492579,3d,C,97.9,84.2189755529686,27.78,24.47,23.3961543422584,6215.61,30.79,34.51000000000001,25.1,169.964679331947,23.4080473149064,12.78
4215,GOIAS,BULL2492579,3d,I,49.63,77.5360085038533,27.21,25.01,21.96802689343609,2478.12,30.28,32.937729,23.537204,163.417761735343,21.9233157207219,12.54
4216,PARANÁ,BULL2492579,1,I,27.9,47.0188679245283,25.1286,24.87,16.59748709433962,568.8,27.74,30.26,21.0,143.672447057642,16.61102003281102,12.68434
4217,MATO G. DO SUL,BULL2492579,4d,A,26.19,76.2980972515856,26.15,24.84,21.09818076109937,924.39,28.96,31.96,24.75,153.834900164453,21.11971420444294,12.61
4221,RIB. PRETO,SCS120,5d,I,27.48,67.87984496124031,27.6422,24.92,20.74083710852713,877.02,30.77,33.63,23.5,167.726624108381,20.70197961151369,
4225,GOIAS,SCS120,>5d,I,34.48,45.364768683274,26.4,26.68,16.80452669039146,762.04,29.83,32.730253,27.208109,155.802077622651,16.79792305605398,12.56
4226,MATO G. DO SUL,SCS120,4d,I,99.98,78.2934757899523,25.88,23.7,21.20153443964537,5844.5,28.31,30.26,25.1,150.183018634387,21.16063260042125,12.58
4227,ASSIS,SCS120,>5d,E,33.66,35.834025854109,27.16,26.32,15.61323831948292,528.245,30.65,33.04,24.909826,162.48345061673,15.58662645261466,12.49
4228,MATO G. DO SUL,SCS120,5d,B,83.16,119.542144463182,26.69,24.46,27.7979410216414,7664.699,29.49,31.62,26.495021,157.972423688188,27.6981874759159,12.49
4229,ARACATUBA,SCS120,3d,B,12.62,52.6177419354839,26.76,24.83,17.99517870967742,37.183,29.68,32.58,25.0,159.465242414786,17.98970516085735,12.69
4230,ARACATUBA,SCS120,3d,I,175.63,89.561730733973,26.582069,23.842644,23.3101050932221,12703.426,29.175898,31.935732,25.201652,157.777333255078,23.306742269047,12.68808013
4231,ARACATUBA,SCS120,3d,I,31.47,85.1353364149974,26.75,25.33,22.7874621212121,1435.945,29.83,32.67,26.0250845,159.231369575583,22.7678157447511,12.68
4232,ARACATUBA,SCS120,1/½,B,80.92,93.8685287289611,25.267545,25.311182,22.8619438899528,5654.379,28.024473,31.952456,29.75877,146.499456430069,23.0112726127747,12.90311384
4233,ARACATUBA,SCS120,4d,B,97.33,78.4752841907887,25.73,25.48,21.12705651939529,5684.336,28.64,32.51000000000001,25.0,150.721936110341,21.22158012643135,12.86
4234,GOIAS,SCS120,5d,I,61.86,65.0312876052948,26.89,25.21,19.8963587244284,2656.14,29.96,33.29,23.7,161.085476756808,19.90619479566277,12.75
4235,S. J. RIO PRETO,SCS120,>5d,I,49.76,71.7955508474576,26.53,25.7,20.68829353813559,2269.88,29.68,32.103064,26.093747,156.643801979118,20.64905581601192,12.51
4237,RIB. PRETO,SCS120,3d,C,28.33,92.995652173913,27.5575,24.469,24.6008985869565,1334.659,30.5185,33.72,25.8,167.350906535438,24.5827479906464,
4238,S. J. RIO PRETO,SCS120,2d,I,138.45,116.46059311981,26.449736,24.467037,27.0942799298467,13221.042,29.19947,32.084867,26.0,156.583000553363,27.1032259928462,12.70756614
4239,S. J. RIO PRETO,SCS120,2d,B,65.50999999999999,114.13870304616,26.51,24.56,26.8203258119978,5477.442,29.3,32.12,26.0,157.062534612914,26.8164991459516,12.69
4240,PARANÁ,SCS120,>5d,C,16.85,28.5496907216495,26.395,26.21,14.38232797938144,92.266,29.67,31.82,25.0,154.993169620099,14.36649273252101,12.583155
4241,RIB. PRETO,SCS120,4d,B,67.06,80.1090628405376,27.22,25.46,22.3661993643298,3762.085,30.44,33.36,23.8,163.728479287918,22.33408453052,12.68
4242,PIRACICABA,SCS120,3d,I,51.46,70.867663456665,26.94,24.56,20.79482892042575,2334.918,29.82,32.4,26.0,160.843847129772,20.76208950043069,12.64
4243,GOIAS,PS321835073,>5d,I,25.79,26.7498187092096,27.97,26.33,14.35554604786077,215.4,31.64,34.798,24.2588005,170.920242414799,14.34404476484192,12.56
4244,ASSIS,AIC456911099,5d,D,96.4,105.546682464455,26.07,25.75,25.1620182227488,7907.34,29.13,30.89,25.3,151.503862168469,25.0501234968388,12.53
4245,GOIAS,AIC456911099,3d,C,657.5,86.2940201394268,27.7,25.6,23.66416116189,47968.79,31.07,34.52,24.9,168.765266066946,23.6467218343403,12.74
4246,GOIAS,AIC456911099,>5d,D,106.13,33.5394666949963,23.27,29.37,14.42749789652608,2039.51,26.64,31.03,23.4,127.606210352744,14.49009611762766,13.01
4247,MINAS GERAIS,AIC456911099,5d,I,80.51,86.0137206247263,27.08,25.47,23.1612690702087,5082.68,30.27,33.22,24.4,162.439136697338,23.1345602345418,12.69
4248,GOIAS,AIC456911099,5d,C,45.24,53.4494584837545,28.33,27.49,18.76869657039711,1389.78,32.5,35.9,22.1,174.376554001279,18.73042023381115,12.7
4249,GOIAS,AIC456911099,>5d,I,38.37,34.6818354190368,27.02,27.38,15.40681167993933,610.12,30.82,33.38037,25.044908,161.205652107073,15.38425804468269,12.5
4250,S. J. RIO PRETO,AIC456911099,5d,E,176.47,86.5248981577187,27.35,26.34,23.4395718672098,12269.11,30.88,33.72,25.2,164.749648406935,23.3836519911542,12.66
4251,ARACATUBA,AIC456911099,4d,B,31.85,78.4740050377834,25.73,25.48,21.12688089168766,1331.509,28.64,32.51000000000001,25.0,150.721936110341,21.22140267984987,12.86
4252,MINAS GERAIS,AIC456911099,4d,I,192.85,66.98965993917611,27.75,25.22,20.66087144042024,9956.88,31.0,33.2,24.5,167.998145016011,20.5782849455727,12.57
4254,RIB. PRETO,AIC456PS321955000,>5d,B,22.89,51.1056014692378,26.2844,25.25,17.58600053627181,437.86,29.24,32.27,22.2,155.068408001612,17.59477614614936,
4255,GOIAS,AIC456PS321955000,4d,B,44.95,76.6036418816389,26.96,25.84,21.66470482549317,2140.69,30.24,34.02,27.9,162.089657862744,21.69633850670241,12.8
4256,ARACATUBA,AIC456PS321955000,2d,I,23.92,98.8741610738255,27.52,24.95,25.4828697986577,1047.54,30.63,33.18,27.6,166.237809988501,25.3992803486151,12.62
4257,GOIAS,AIC456PS321955000,2d,C,13.71,114.719298245614,27.12,25.63,27.5311578947368,187.65,30.37,33.9,27.3,163.382396915394,27.5498935778882,12.76
4259,MINAS GERAIS,AIC456PS321955000,5d,I,72.52000000000001,79.3587243886319,28.07,24.87,22.8245470092531,4088.55,31.27,33.42,25.0,171.017691288587,22.7112288404245,12.56
4262,ARACATUBA,AIC456PS321955000,5d,I,24.84,72.7453271028037,27.1,25.24,21.17254439252337,791.97,30.22,33.0,24.1,162.480131252797,21.140964795424,12.67
4263,MATO G. DO SUL,AIC456PS321955000,4d,I,91.6,82.2755025125628,27.08,24.97,22.5975457788945,5605.93,30.11,32.17,25.8,161.520951024811,22.5076599694249,12.56
4269,PIRACICABA,AIC456PS321955094,5d,D,20.18,89.7129584352078,26.28,25.73,23.0974104645477,647.692,29.38,32.38,26.0,154.921141363985,23.1068247183318,12.72
4270,PIRACICABA,AIC456PS321955094,5d,D,16.11,83.9608272506083,27.77,25.8,23.3482224574209,307.759,31.22,34.36,24.0,169.091136458413,23.3044081332856,12.69
4271,S. J. RIO PRETO,AIC456PS321955094,2d,B,87.22,111.305424089338,26.796212,25.225848,26.6934410757575,7481.754,29.854025,33.100807,27.136584,160.114456905151,26.708568956728,12.74
4272,GOIAS,AIC456PS321955094,2d,C,16.92,112.489837398374,27.29,25.7,27.3648961382114,506.41,30.6,34.02,24.3,164.861139163205,27.3609910190407,12.74
4273,RIB. PRETO,AIC456PS321955094,4d,C,29.57,79.3500284575982,28.4894,24.64,23.1056155924872,1195.34,31.69,34.03,23.7,175.227873320012,22.993401913176,
4274,RIB. PRETO,AIC456PS321955094,2d,I,81.96,119.011006289308,27.6523,24.7,28.7496837374214,7498.49,30.71,32.88,28.5,167.100480842867,28.5974585309508,
4275,RIB. PRETO,AIC456PS321955094,1/½,I,71.61,105.0546888106022,24.96,24.35,24.0598876698541,5558.99,27.4,29.82,27.63,142.03791785954,24.1006379799981,12.57
4276,S. J. RIO PRETO,AIC456PS321955094,3d,E,19.29,69.19478737997261,27.21,25.25,20.69932716049383,428.95,30.36,33.43,27.5,163.821545609639,20.68340102084212,12.7
4277,MINAS GERAIS,AIC456PS321955094,2d,I,75.74000000000001,107.8726074678381,28.55,24.86,27.8669165359272,6122.92,31.84,33.62,25.8,175.169213325624,27.6434579400035,12.5
4278,MINAS GERAIS,AIC456PS321955094,4d,I,172.19,95.8873837318185,26.77,24.59,24.3901665771896,13449.92,29.62,32.61,19.1,159.693299091907,24.3896044555411,12.71
4279,ARACATUBA,AIC456PS321955094,2d,B,36.8,94.3154032258065,27.147911,23.97796,24.4690640199363,2053.422,29.87895,32.734486,25.915769,163.195746519143,24.4457388407501,12.6786237
4280,ARACATUBA,AIC456PS321955094,1/½,I,48.02,111.7860355358134,27.739023,25.157788,27.7053470837699,3606.293,30.962538,33.804531,29.329714,168.589051803052,27.6254006877387,12.6631886
4281,S. J. RIO PRETO,AIC456PS321955094,1/½,B,66.09,132.831392124237,26.78,24.73,29.8588797559623,6547.77,29.68,32.71,29.0,159.808657443778,29.8599258469463,12.71
4282,S. J. RIO PRETO,AIC456PS321955094,4d,B,31.05,95.2969553805774,27.228509,26.134134,24.6848843468572,1598.807,30.668446,33.492853,25.142628,163.614221019406,24.6290030033144,12.66716355
4283,RIB. PRETO,AIC456PS321955094,>5d,C,72.28,98.6184472461845,27.123372,24.6416,25.0996299976642,5233.36,30.05933,32.56,22.91,162.475701161866,25.0339715829217,12.6281837
4284,MINAS GERAIS,AIC456PS321955094,2d,I,46.55,120.806078147612,26.55,24.59,27.8312843704776,3771.25,29.36,32.4,27.5,157.678108099322,27.8506636142511,12.72
4285,GOIAS,AIC456PS321955094,1,I,55.29,127.392007392007,26.73,25.59,28.9972426888427,5007.32,29.88,32.621658,28.027533,158.900232925299,28.9511127636037,12.55
4286,PIRACICABA,AIC456PS321955094,2d,D,27.06,122.713678618858,26.648955,29.756235,28.2183969597211,1679.348,31.170685,33.939587,25.277477,157.595262177771,28.1193870651781,12.64277476
4287,SÃO CARLOS,AIC456PS321955094,4d,E,43.64,62.2285714285714,25.93,26.67,18.99684,1601.232,29.24,31.65,24.687,150.838476388217,18.97365832829956,12.63
4288,PIRACICABA,AIC456PS321955094,4d,I,20.37,82.3731182795699,26.75,31.45,22.3800349462366,601.023,31.91,34.89,25.0,158.522105371113,22.3112174518529,12.66
4289,PIRACICABA,AIC456PS321955094,2d,I,23.38,109.8629173989455,27.2553,25.0518,26.9292816379613,1125.68,30.3482,32.71,24.59,163.514026389085,26.8276046492967,12.6021641
4295,PIRACICABA,SCS111,>5d,C,31.32,29.2531055900621,27.7,25.94,14.70873757763975,345.33,31.18,33.59,22.8,167.664124134816,14.68568957028251,12.59
4296,PARANÁ,SCS111,4d,C,12.18,32.9388888888889,27.6406,25.38,15.27496785555556,15.769,30.92,33.14,24.0,166.964572196105,15.24478595892845,12.57115
4298,ASSIS,SCS116,>5d,A,51.07,98.2193498848221,26.36,26.16,24.3810986434605,3380.59,29.61,31.46,25.5,154.316762034108,24.2704587002937,12.54
4299,ASSIS,SCS116,>5d,B,15.24,83.3271604938272,25.7,26.5,21.77182098765432,243.1,28.9,30.94,24.3,148.257380950383,21.71885207951652,12.58
4300,ASSIS,SCS116,5d,D,22.92,82.0347985347985,26.94,27.32,22.4631989010989,776.78,30.71,32.73,23.9,159.880757380914,22.3567990503457,12.55
4301,ASSIS,SCS116,4d,D,211.4,52.9791875626881,26.48,26.74,17.93378635907723,8183.25,29.94,31.88,23.2,155.495300458873,17.88032083186845,12.55
4302,ASSIS,SCS116,4d,C,55.45,80.7663981588032,26.83,26.19,22.1980568469505,2999.9,30.2,32.07,25.0,158.793071940547,22.0944308320175,12.53
4303,S. J. RIO PRETO,AW,3d,I,13.37,90.1700729927007,27.27,25.89,23.9365701459854,119.093,30.64,33.73999999999999,28.0,164.322748873382,23.9070803978811,12.7
4304,ARACATUBA,AW,5d,C,12.43,49.8604651162791,27.46,25.42,17.85322790697674,28.28,30.72,33.59,24.0,165.945875984212,17.82846246749528,12.66
4305,PIRACICABA,PT35961007,2d,A,19.21,146.41386962552,26.99,24.92,32.1486390568655,981.124,29.99,32.61,31.0,161.311479158639,32.0695336932229,12.65
4306,PIRACICABA,PT35961007,1/½,B,85.15,121.658755980861,27.744974,25.642355,29.26574261791,8033.538,31.135187,33.640545,27.448923,168.227775021931,29.1317434585628,12.60875237
4307,PIRACICABA,PT35961007,3d,C,17.95,93.0168067226891,27.45,24.55,24.5170966386555,494.05,30.42,33.23999999999999,25.0,165.922609760521,24.47031832522,12.67
4308,PARANÁ,PT35961007,5d,D,37.7,24.0949027237354,25.232975,26.63021,13.60051545370623,322.839,28.367638,30.935246,21.14965,144.457035207285,13.60205495590651,12.67729807
4309,RIB. PRETO,PS3218642,2d,I,90.63,59.3358768917716,26.543497,25.4256,18.8842918356785,3734.02,29.606953,31.94,22.14,156.705059720731,18.84974089255699,12.6123218
4310,S. J. RIO PRETO,PS3218642,>5d,C,19.45,48.5382550335571,27.39,25.76,17.62323744966443,284.21,30.74,32.88,23.96,164.457048705436,17.57051452726267,12.46
4311,S. J. RIO PRETO,BULL24925345,>5d,I,43.69,62.4881666140738,27.36,26.48,19.75498239192174,1611.97,30.95,33.37003,23.307787,164.388220683962,19.69380187591413,12.49
4312,MATO G. DO SUL,AIC456873396,3d,A,63.96,84.1252886836028,26.2871,24.6328,22.304612119515,3759.63,29.0581,31.04,25.57,153.960832835728,22.2389660500416,12.56803215
4313,S. J. RIO PRETO,AIC456873396,>5d,I,93.04,51.3404491609082,27.16,25.53,17.96401209279368,3200.15,30.39,32.78,23.26,162.583014939049,17.92400344370593,12.5
4314,MATO GROSSO,BULL24835054,>5d,B,215.00534,68.53903488450109,27.73,25.94,20.89359018733202,11489.726,31.22,33.09,25.417242,167.363278690295,20.78408983364107,12.42
4315,MATO G. DO SUL,BULL24928064,3d,A,79.8,111.9154867256637,27.13,24.74,27.1172131415929,6786.27,30.1,32.47,26.09,162.377825887284,27.0250736662751,12.51
4316,MINAS GERAIS,BULL24928064,4d,D,14.089303,76.4099970181443,27.32,25.2,21.86761154317971,146.572,30.47,33.01000000000001,24.0,164.303676088803,21.8098793227322,12.63
4317,MINAS GERAIS,BULL24928064,5d,B,16.5401144,136.369993848613,26.58,25.74,30.1331451031278,576.654,29.75,32.14,24.0,157.074048136573,30.042858474339,12.63
4318,MATO G. DO SUL,BULL24928064,4d,A,15.4253,62.3999649665723,25.5142,26.9024,18.81115206551251,184.635,28.7942,30.8,24.13,146.411427842446,18.77433125436625,12.57695013
4322,S. J. RIO PRETO,BULL24928064,5d,I,32.93,80.176254180602,27.62,25.79,22.64913090301,1438.929,31.03,33.73999999999999,28.0,167.240997911812,22.583749732886,12.64
4323,PARANÁ,PT35011886,3d,D,27.4,93.7125974025974,27.3366,25.77,24.5319342132468,1270.374,30.68,32.72,25.0,163.838010041085,24.4070781848987,12.548855
4324,ARACATUBA,SCS19001,5d,C,42.9,65.1495792880259,26.7801,25.51,19.85556096834952,1654.322,29.92,32.35,24.8,159.039366992345,19.81508049442079,
4326,S. J. RIO PRETO,SCS19001,3d,B,27.88,92.1139798488665,27.87,25.84,24.7140886020151,1284.21,31.35,33.98,27.31,169.515972436531,24.6192314416549,12.51
4328,S. J. RIO PRETO,SCS19001,4d,I,105.81,58.2311054258608,26.87,25.75,18.8745653768255,4348.94,30.1,33.35,25.8,160.731328087602,18.8760137089462,12.6
4334,PARANÁ,SCS19001,>5d,C,27.04,32.8581781914894,27.4379,26.0,15.22006469102394,325.707,30.88,33.07,27.0,164.9377117892,15.19000204469778,12.567377
4335,MATO G. DO SUL,SCS19001,3d,B,32.85,92.2502158273381,27.89,25.69,24.751759294964,1685.217,31.33,33.5,,169.237809272129,24.6183681303062,12.46
4336,PIRACICABA,SCS19001,4d,E,35.05,64.5587418655098,27.86,24.66,20.33581645986985,1223.479,30.94,33.87,25.0,169.893427164555,20.2986798806025,12.67
4337,PARANÁ,SCS19001,1,C,24.6,112.97,25.6348,24.6,25.76705756,1284.222,28.27,30.55,23.0,148.175612967633,25.7496516413419,12.632547
4338,MATO G. DO SUL,SCS19001,5d,D,61.21,37.3316399105873,27.31,26.66,15.87827407031091,1258.57,30.95,33.36,24.91,163.881875118441,15.84741696944513,12.48
4339,MATO G. DO SUL,SCS19001,4d,C,45.75,40.6379259259259,27.1,26.38,16.32432681481482,978.53,30.59,33.26000000000001,25.37,162.206557091864,16.30160425558515,12.52
4340,S. J. RIO PRETO,SCS19001,3d,I,117.59,83.8471446159674,27.23,26.16,22.9423201250118,7598.34,30.68,33.63935,25.074067,163.763135053432,22.9037479115565,12.55
4341,GOIAS,SCS19001,2d,C,29.2,114.854651162791,25.27,25.64,25.6488122093023,1781.1,28.13,31.21,25.1,145.540866758816,25.7352992664547,12.76
4342,MATO G. DO SUL,SCS19001,fr,C,17.02,88.6772908366534,26.03,24.71,22.7578239043825,396.92,28.77,32.08,22.97,153.073409011338,22.8171268120805,12.65
4343,MINAS GERAIS,SCS19001,5d,I,41.64,66.2314439946019,27.46,25.88,20.38418124156545,1619.42,30.87,33.44,23.7,165.569259235306,20.32828268151202,12.62
4344,MATO G. DO SUL,SCS19001,2d,C,117.72,72.9545024593265,26.83,26.27,21.03955271471812,6456.11,30.22,32.55,25.59,159.303591644788,20.97881713917984,12.49
4345,S. J. RIO PRETO,SCS19001,4d,D,59.74,87.537913699204,27.5,26.09,23.7083766233766,3618.18,30.99,33.53,27.69,165.888702791407,23.6244315507398,12.5
4346,S. J. RIO PRETO,SCS19001,4d,C,40.86,83.0727650727651,28.19,25.75,23.5066806652807,2063.16,31.71,34.25,26.95,172.463802459347,23.4046061348757,12.5
4347,S. J. RIO PRETO,SCS19001,4d,D,216.49,56.1432343879896,26.48,26.03,18.3919403393809,9038.85,29.72,32.58,24.99,156.6078556615,18.38345846681018,12.56
4348,S. J. RIO PRETO,SCS19001,3d,D,96.37,84.7990280905535,26.971137,26.525409,22.8988422301053,6154.054,30.478539,33.739357,27.576514,161.573677449922,22.8888183462843,12.72576517
4349,S. J. RIO PRETO,SCS19001,5d,I,27.75,64.1996825396825,26.78,25.22,19.71511307936508,834.145,29.83,33.47,27.0,160.366550764557,19.74468684941756,12.79
4350,PARANÁ,SCS19001,3d,D,33.7,54.4492626728111,27.0509,26.65,18.38899607562212,933.149,30.62,32.82,26.0,161.205472482336,18.33366229362355,12.573551
4351,MINAS GERAIS,SCS19001,4d,C,124.1,66.0189116859946,27.67,24.8,20.46476346119536,6067.52,30.76,34.09,24.7,168.490509946964,20.45344703652132,12.73
4352,ASSIS,SCS19001,3d,B,41.61,132.719013846673,26.61,24.93,29.637047922999,3586.49,29.53,31.74,28.8,157.253980116487,29.5349172369667,12.59
4353,MATO G. DO SUL,SCS19001,1/½,I,159.17,124.779995923082,27.07,25.62,28.9959453856085,16609.832,30.31,33.03,28.1,162.079021115314,28.9259113895252,12.65
4354,PARANÁ,SCS19001,2d,E,24.83,66.3769290724864,28.1168,25.45,20.76382090475448,709.656,31.52,33.43,24.0,171.134157087331,20.65322677294771,12.516613
4355,MATO G. DO SUL,SCS19001,4d,I,15.47,46.51,27.55,25.83,17.366305,131.7497,30.96,33.43,21.9,166.321550079992,17.32563669326054,12.6
4356,RIB. PRETO,SCS19001,3d,A,29.33,90.3085401038661,28.0882,24.595,24.5984345489902,1369.087,31.1962,34.27,23.17,172.203734830126,24.545320593734,
4358,ASSIS,SCS19001,fr,D,13.98,147.242424242424,27.31,24.3,32.7056151515152,279.78,30.17,32.95,20.933329,164.594604276232,32.63726420863109,12.56
4359,MINAS GERAIS,SCS19001,3d,I,118.61,81.4608385704906,26.76,24.73,22.2524197730044,7417.22,29.65,32.84,24.7,159.79354760634,22.2658637520441,12.74
4360,S. J. RIO PRETO,SCS19001,1/½,I,17.05,140.588316831683,27.75,25.89,32.2526599009901,661.371,31.22,33.81,30.0,168.332890587744,32.1025832661097,12.61
4361,ASSIS,SCS19001,5d,I,29.09,66.88718548858981,27.25,26.48,20.37029578700995,950.022,30.81,34.14,24.13,164.27435732108,20.35791089543792,12.59
4362,PARANÁ,SCS19001,2d,B,86.0,121.716094594595,26.152554,25.61625,27.5276295341911,8130.991,29.192387,31.276007,24.830828,152.693963472219,27.4363922052065,12.5819112
4363,PIRACICABA,SCS19001,2d,B,57.97,64.3091146399826,27.84,26.04,20.28576375897324,2416.65,31.38,33.92,27.4,169.113687390582,20.21847788522435,12.61
4364,MATO G. DO SUL,SCS19001,3d,D,72.38,68.38009274594239,27.28,26.06,20.61487817157999,3416.23,30.71,33.32,21.21,163.886150549179,20.56335525478685,12.52
4365,MATO G. DO SUL,SCS19001,3d,C,56.15,68.3805209513024,27.28,26.06,20.614943601359,2501.2,30.71,33.32,21.21,163.886150549179,20.56342029325063,12.52
4367,ASSIS,SCS19001,2d,D,31.83,139.06555723651,26.41,24.94,30.3101467977811,2531.71,29.3,31.59,25.1,155.456050686964,30.2283230194882,12.61
4368,PARANÁ,SCS19001,5d,E,19.71,28.4616083009079,28.1585,26.48,14.65994897730221,138.919,31.93,34.21,25.0,171.809646177674,14.63072379808355,12.563261
4369,PARANÁ,SCS19001,5d,C,26.44,28.3646121883657,28.1585,26.48,14.64427586045706,248.305,31.93,34.21,25.0,171.809646177674,14.61522288365757,12.563261
4370,PIRACICABA,SCS19001,3d,I,174.98302,89.6774783041816,26.6975,25.5253,23.4166473737571,12672.11,29.8247,32.55,24.1,158.584330925035,23.3863011851624,12.6658797
4372,PARANÁ,SCS19001,2d,E,102.5,110.8606187845304,27.161457,24.981508,26.9887102069505,8958.886,30.212267,32.225018,24.624852,162.236356288965,26.8524591466602,12.55256975
4373,PARANÁ,SCS19001,2d,E,31.06,71.2347848898216,27.1057,26.05,20.94782890110179,1141.015,30.49,32.63,23.0,161.729039570993,20.86916745074736,12.566691
4374,MINAS GERAIS,SCS19001,2d,I,209.8,115.542062689585,28.71,24.91,29.3018786754297,20492.62,32.05,34.16,27.4,177.044051763025,29.0890015541903,12.54
4375,PARANÁ,SCS19001,1,A,52.79,92.4400588379505,25.4404,25.21,22.8114656680559,3293.15,28.21,30.47,22.9049635,146.237430709414,22.7980668245206,12.630832
4376,PIRACICABA,SCS19001,1,I,117.57236,125.436130441718,26.824,24.9234,28.8157719766803,11987.72,29.7895,32.44,26.03,159.779016468252,28.7634797886414,12.65577495
4378,PARANÁ,SCS19001,>5d,C,58.31,51.9390196501835,26.4587,26.94,17.77466303416109,1861.576,29.98,31.97,27.0,155.327900277782,17.72437582561387,12.552628
4380,GOIAS,SCS19001,3d,E,21.98,80.5549098196393,28.53,26.39,23.3321265931864,696.178,32.36,34.6,25.160659,175.304207659677,23.1953052292768,12.45
4382,ARACATUBA,SCS19002,5d,D,235.14,53.1470511786322,26.5854,26.04,18.00146200260823,9193.553,29.85,32.38,25.4,157.241844874374,17.97627362432482,
4383,RIB. PRETO,SCS19002,2d,I,66.91,108.2884720451648,26.242692,25.5096,25.7140705048989,5299.2,29.268274,32.03,24.64,154.341386536453,25.7058346183852,12.68392664
4384,SÃO CARLOS,SCS19002,3d,E,34.89,67.0556138051551,26.205,28.29,19.82064994102228,1272.223,30.099,32.315,25.729,153.019294847301,19.76390383618829,12.583
4386,MATO GROSSO,SCS19002,>5d,D,45.8142,53.1641854605462,28.29,27.31,18.70564581152297,1403.934,32.39,34.36,24.142242,172.649973019432,18.61302528360366,12.41
4387,MATO G. DO SUL,SCS19002,fr,E,31.91,92.6966348568559,26.76,24.72,23.9108233048719,1618.67,29.65,31.91,26.59,158.756221720709,23.8427332371678,12.5
4388,S. J. RIO PRETO,SCS19002,4d,D,42.65,74.2029363784666,26.88,25.48,21.25579693311582,1918.52,30.03,32.54,24.09,160.076301089191,21.21078073580961,12.52
4389,PARANÁ,SCS19002,3d,C,25.0,32.46,27.4423,27.91,15.15949458,277.98,31.54,33.29,29.0,164.298592040446,15.11602919314752,12.492946
4390,MINAS GERAIS,SCS19002,>5d,I,118.84,87.9849307375515,27.4,25.9,23.7016793335829,8130.23,30.8,33.88,24.9,165.526975124169,23.6657365711558,12.7
4391,MATO G. DO SUL,SCS19002,3d,I,27.77,78.4502219403932,27.27,26.78,22.146948890298,1059.92,30.93,33.23999999999999,28.5,163.384147293084,22.0595101858826,12.58
4392,MATO G. DO SUL,SCS19002,3d,I,20.43,46.49,26.89,27.19,17.135561,302.7507,30.6,32.97,28.9,159.799793978606,17.09761489432212,12.6
4393,MINAS GERAIS,SCS19002,1/½,I,121.03,112.954966522975,26.82,24.7,26.9615260387049,11019.12,29.71,32.53,29.1,159.96189257084,26.9374879111652,12.68
4394,PIRACICABA,SCS19002,1,I,26.36,130.073119777159,27.3872,24.7109,30.168147086351,1707.53,30.397,32.51000000000001,24.95,164.522579301632,30.0088167746028,12.5643689
4395,S. J. RIO PRETO,SCS19002,>5d,I,25.79,71.7933284989123,26.53,25.7,20.68797063089195,836.55,29.68,32.103054,26.093736,156.64379069259,20.64873369220992,12.51
4396,RIB. PRETO,SCS19002,5d,C,24.42,73.7686795491143,28.3128,25.1,22.0762011574879,779.167,31.6363,34.77,23.83,174.310431027955,22.0257010016444,
4397,RIB. PRETO,SCS19002,5d,B,43.88,89.3910288582183,27.3733,24.935,23.8975550394605,2479.226,30.4541,33.46,25.15,165.340517031957,23.8671803787543,
4398,SÃO CARLOS,SCS19002,3d,I,62.8,78.9248031496063,25.67,25.29,21.14862059055118,3411.78,28.51,31.63,24.55,149.392685581942,21.19497843676725,12.63
4399,S. J. RIO PRETO,SCS19002,5d,C,41.65,72.4360876897133,25.49,26.7,20.15282822934233,1803.93,28.7,32.29,26.4,147.974072220582,20.21774095225048,12.82
4400,RIB. PRETO,SCS19002,2d,B,80.06,38.3441522186306,27.661,24.487,16.12575767895974,1804.983,30.6497,33.77,24.84,168.238834495777,16.11597963841818,
4401,RIB. PRETO,SCS19002,4d,B,88.51,94.1986929813096,27.6754,25.096,24.8849739195922,6301.022,30.8688,33.91,25.06,168.202384174064,24.8396318196724,
4402,GOIAS,SCS19002,2d,I,104.12,101.563829787234,26.24,25.64,24.7538893617021,8262.62,29.3,33.35787,27.163427,155.649550741889,24.8658039116592,12.71
4403,ASSIS,SCS19002,4d,A,26.76,137.791327913279,26.03,25.81,29.6485233062331,1868.68,29.1,30.93,25.4,151.204526961106,29.5107222979773,12.54
4404,PIRACICABA,SCS19002,3d,I,49.13,62.4061405871263,27.5546,25.9413,19.84047354376515,1883.58,31.0038,33.38,24.45,166.251140874323,19.77520469263575,12.59221363
4405,S. J. RIO PRETO,SCS19002,3d,C,87.61,64.0726094431954,26.41,24.93,19.50366302076445,3949.21,29.29,32.23999999999999,23.4,156.211419190104,19.50946490873521,12.71
4406,RIB. PRETO,SCS19002,3d,A,113.12,69.7072389240506,27.5641,24.587,20.98161237337816,5847.356,30.5678,33.75,23.45,167.374469586271,20.96623163911257,
4407,S. J. RIO PRETO,SCS19002,3d,D,78.87,92.5015702108569,27.7,25.68,24.6387465231045,5395.14,31.09,33.42,27.1,167.611049842443,24.5269338544766,12.48
4408,PIRACICABA,SCS19002,4d,D,110.45,72.9938344337227,26.877711,25.643095,21.07448641486775,6016.843,30.077139,32.60799799999999,25.661899,160.056342099395,21.03052401687312,12.63352406
4409,S. J. RIO PRETO,BULL24946903,4d,E,27.76,44.9213197969543,26.42,25.45,16.74725431472081,530.84,29.47,32.25,22.4,156.039127326557,16.7419581739918,12.68
4410,S. J. RIO PRETO,BULL24OUTRAS,1/½,I,22.62,132.835404896422,26.78,24.73,29.8594728436911,1295.272,29.68,32.71,,159.808657443778,29.8605189694155,12.71
4412,GOIAS,BULL24966928,5d,D,58.12,73.99570685169121,28.65,25.72,22.3222851908066,2871.242,32.26000000000001,35.16,25.4,177.181933656205,22.2405707361456,12.64
4417,S. J. RIO PRETO,BULL24966928,5d,I,76.89,77.8476498690091,26.96,25.92,21.85080842040376,4284.854,30.27,33.31,26.0,161.33575973818,21.83340882016213,12.7
4419,ARACATUBA,BULL24966928,2d,I,33.78,96.6917814508724,26.741708,24.433977,24.4850151214858,1856.587,29.558693,32.147444,25.699927,158.998127285896,24.4495332697846,12.65600145
4430,ARACATUBA,BULL24966928,3d,B,154.19,68.61443842745621,26.509428,25.710393,20.21443118123609,8062.007,29.655022,32.364727,27.388248,156.767916478662,20.19595429375232,12.6650713
4431,PARANÁ,BULL24966928,5d,E,48.48,49.5515899122807,26.937343,26.704512,17.60920978715077,1381.882,30.498348,32.702078,26.79929,160.127446171014,17.56242111336735,12.57631755
4432,PARANÁ,BULL24966928,>5d,D,85.02,36.6872500684744,26.419153,26.585281,15.55969235886593,1814.663,29.817902,32.175926,23.010974,155.410218198449,15.54040391903958,12.6118696
4433,S. J. RIO PRETO,BULL24966928,3d,I,33.8,62.8876146788991,27.32,25.35,19.79598256880734,1121.35,30.52,32.78,26.09,163.976152805862,19.73370390436621,12.48
4434,MATO G. DO SUL,BULL24966928,5d,C,221.02765,97.293500644532,25.99,24.65,23.93256074017,17840.7,28.71,31.09,24.824685,151.638819453151,23.910283737029,12.53
4435,MATO G. DO SUL,BULL24966928,5d,B,21.33,120.335476956056,26.41,24.36,27.6111422293676,1022.77,29.12,31.29,24.684192,155.38720709905,27.5339214704723,12.5
4436,MATO G. DO SUL,BULL24966928,5d,B,269.92328,92.5158107480643,26.2,24.91,23.4332451262251,20778.902,29.04,31.5,25.963335,153.678032212392,23.4073216287711,12.54
4437,SÃO CARLOS,BULL24966928,2d,C,17.04,132.996626984127,26.018,25.79,28.9613071706349,621.823,29.08,31.47,19.29,151.762181313493,28.9107525188766,12.63
4438,SÃO CARLOS,BULL24966928,2d,A,48.38,119.590324354041,26.07,25.838,27.1379586366135,3926.136,29.158,31.531,19.893,152.226738449665,27.0870402729087,12.626
4439,GOIAS,BULL24966928,5d,D,96.63444,55.2278868980524,26.45,25.53,18.24642965676857,3670.568,29.53,31.8,22.875558,155.735057169838,18.21336279462283,12.5
4440,GOIAS,BULL24966928,4d,C,30.100603,56.3720024134003,27.2,25.34,18.74454436683684,815.16,30.38,32.52,26.96107,162.705085083849,18.68708639905226,12.47
4441,MATO G. DO SUL,BULL24966928,4d,B,121.88,95.309428467419,27.59,24.48,24.9879398980706,9166.04,30.56,32.36,25.311005,166.10811442329,24.8386589347959,12.43
4442,GOIAS,BULL24966928,>5d,D,22.29,47.8997084548105,26.79,25.67,17.30956688046647,381.408,29.98,32.2,28.304737,158.876085435845,17.27280864613069,12.49
4443,MATO G. DO SUL,BULL24966928,5d,C,87.62,47.9542449087543,26.77,25.49,17.31044197302301,2730.86,29.9,32.73999999999999,23.96,159.397489344995,17.29956543084544,12.56
4444,GOIAS,BULL24966928,3d,I,274.4442,91.8588042715366,27.53,25.58,24.4020723033696,20970.48,30.85,33.174341,23.072575,166.007142698395,24.2988262651697,12.48
4445,S. J. RIO PRETO,BULL24966928,5d,C,16.95,42.1575757575758,28.03,26.57,16.83425939393939,161.28,31.8,34.46,24.09,170.966104772008,16.79403234754856,12.5
4446,S. J. RIO PRETO,BULL24966928,5d,B,53.41,85.8466553972471,27.62,25.29,23.53484757305,3069.99,30.87,33.34,24.23,167.051845236852,23.4500601839131,12.5
4447,MATO G. DO SUL,BULL24966928,2d,D,42.89,76.6160569763678,26.67,25.09,21.47917555843315,2007.99,29.66,32.14,25.77,158.110796075974,21.44110352410758,12.53
4448,S. J. RIO PRETO,BULL24966928,3d,B,23.88,94.6664983164983,26.475422,25.873724,23.966324483936,994.078,29.664375,32.6678,28.381,156.741280420285,23.9652548141913,12.703714
4449,S. J. RIO PRETO,BULL24966928,4d,B,42.71,59.9537935525887,27.49,25.77,19.428042621296,1484.661,30.87,33.42,,165.846095216804,19.37750388889853,12.62
4450,PARANÁ,BULL24966928,1/½,A,43.09,101.642135734963,25.745162,26.0456705,24.3214567770306,2798.974,28.827116,30.847214,29.378866,148.713681786228,24.2553064195076,12.57880366
4451,MINAS GERAIS,BULL24966928,4d,I,121.84,117.923616168973,26.98,24.78,27.8673577021122,11646.65,29.93,32.86,25.3,161.576944257389,27.8437308312476,12.69
4453,MINAS GERAIS,BULL24966928,5d,A,83.62,67.75411896118399,26.39,24.49,20.02301771851438,4005.11,29.14,31.27,26.1,155.132562098765,19.98022989447358,12.59
4454,ARACATUBA,BULL24966928,4d,C,21.23,44.2887323943662,26.76,25.7,16.76581690140845,310.025,29.95,32.71,25.0,159.187668333792,16.75250323458055,12.67
4455,ARACATUBA,BULL24966928,4d,B,63.23,44.2963888346672,26.76,25.7,16.76694699199688,1666.544,29.95,32.71,25.0,159.187668333792,16.75363016817618,12.67
4456,ARACATUBA,BULL24966928,2d,D,51.18,95.4267483409903,26.19,25.33,23.8382555895865,3280.66,29.15,31.7,20.8,153.631087708951,23.8158211115554,12.65
4457,ARACATUBA,BULL24966928,>5d,I,53.55,85.0690012033694,26.57,24.73,22.6461534753309,3048.017,29.43,32.1,,157.432537412396,22.6266102511955,12.67
4458,ASSIS,BULL24966928,2d,E,45.08991,51.5317182790766,25.56,26.48,17.36050099864279,1320.101,28.73,31.29,27.972442,147.546690190724,17.358393570281,12.54
4459,S. J. RIO PRETO,BULL24966928,1,I,332.75,90.8775993764614,27.27,25.15,24.0446094247857,25311.99,30.4,32.93,21.81,163.825851578643,23.9756586958103,12.52
4460,PARANÁ,BULL24966928,1/½,E,69.15,52.048801399825,26.788829,25.65526,17.92274875556973,2300.789,29.976404,32.372719,28.728083,159.065351636755,17.88979106049584,12.61432874
4461,S. J. RIO PRETO,BULL24966928,4d,B,46.81,89.3548692904338,27.22851,26.134135,23.7799940053806,2704.723,30.668446,33.492853,25.142629,163.614230563587,23.728098987816,12.66716343
4462,S. J. RIO PRETO,BULL24966928,>5d,I,60.45,36.0720536635707,28.02,27.25,15.85634299690403,1178.291,32.03,35.45,,171.502623159392,15.83955570417318,12.71
4463,ARACATUBA,BULL24966928,2d,I,31.64,117.436405295316,26.929099,24.117265,27.7407053285789,2082.771,29.662884,32.0073,24.72677,160.53063669329,27.660536409165,12.61307245
4464,RIB. PRETO,BULL24966928,2d,I,49.2,97.4591397849462,28.08,24.35,25.7418296774194,3191.08,31.11,33.449154,24.123855,171.381966845283,25.6206457838307,12.49
4465,S. J. RIO PRETO,BULL24966928,fr,D,34.5,117.557333333333,26.01,24.16,26.7885824,2387.04,28.59,31.56,23.86,152.593402797101,26.8406646835212,12.62
4466,S. J. RIO PRETO,BULL24966928,4d,I,51.21,69.6684519255292,27.54,25.44,20.96167742922724,2273.18,30.82,33.02,25.73,165.981957693268,20.87990112463309,12.47
4470,RIB. PRETO,BULL24966928,5d,A,21.59,52.104275286757,27.8938,25.45,18.37409330552659,396.6,31.25,34.08,23.4,169.998019347814,18.33639606268712,
4471,S. J. RIO PRETO,BULL24966928,1/½,B,28.94,108.3574970484062,26.952216,25.238546,26.4075810908713,1644.296,30.042786,32.98715199999999,28.917719,161.262668523794,26.3825771417187,12.68753153
4472,MATO G. DO SUL,BULL24966928,fr,B,71.87,131.417905461834,25.83,24.34,28.5154963253716,7161.55,28.43,30.85,24.68,150.222261875346,28.506213001351,12.55
4473,S. J. RIO PRETO,BULL24966928,1/½,I,47.76,110.0065995525727,26.5397005,25.997173,26.2498660451784,3516.716,29.779282,33.103365,30.469461,157.661777846163,26.2758155314847,12.74877846
4474,PARANÁ,BULL24966928,>5d,C,56.61,55.6985429275947,27.0694,25.57,18.58510822793096,1961.392,30.29,31.71,25.0,160.596059961298,18.4934313050902,12.45796
4475,PIRACICABA,BULL24966928,4d,D,112.68,83.1367004370282,27.3807335,25.464985,22.9413463149126,7174.043,30.630306,33.038511,25.100253,164.700064090717,22.8625787159364,12.6069924
4476,RIB. PRETO,BULL24966928,5d,B,54.52,81.6719190968956,27.6208,24.659,22.8833111382879,2974.45,30.6597,33.9,23.06,167.95709463192,22.865830079782,
4477,MINAS GERAIS,BULL24966928,4d,A,119.37,94.4297289745739,26.64,24.46,24.0677123218776,8862.48,29.43,31.46,25.7,157.37889174327,23.9835426450217,12.57
4478,PARANÁ,BULL24966928,4d,D,145.87,38.7239934264585,27.587196,25.989173,16.1655212344092,3589.541,31.058903,33.243683,25.9074545,166.348364818562,16.12480468679587,12.56387377
4479,RIB. PRETO,BULL24966928,1/½,B,15.45,122.3,27.7043,24.681,29.3218429,392.535,30.7675,34.02,30.18,168.752594956454,29.2898112236968,
4480,PARANÁ,BULL24966928,3d,B,104.33,59.3983537311816,27.572394,25.343032,19.38105839253331,4388.29,30.826193,32.65290299999999,25.721504,165.880365210971,19.29367598255304,12.51441634
4485,S. J. RIO PRETO,BULL24966928,>5d,I,172.76,56.6399601891018,27.63,26.47,18.97722577755661,7188.32,31.28,33.803415,24.528664,167.052931647603,18.92155669595253,12.49
4486,S. J. RIO PRETO,BULL24966928,>5d,I,142.97,59.8611895854012,27.97,25.84,19.64343197678858,6280.38,31.47,33.73999999999999,25.37,170.086966660348,19.56623028231192,12.47
4488,MATO G. DO SUL,BULL24966928,4d,D,121.53,42.0579749840226,25.91,25.59,16.18106432027755,3304.25,28.89,31.38,24.52,150.886841943223,16.17465722073931,12.54
4489,S. J. RIO PRETO,BULL24966928,2d,D,71.95,113.72460383653,25.78,25.43,26.0176504086739,6110.39,28.69,31.57,30.4,150.132824896201,26.0515068893869,12.72
4490,MATO G. DO SUL,BULL24965902,5d,B,68.99000000000001,28.0672047727672,26.37,23.9,14.30885732584664,927.67,28.94,31.18,25.798603,155.153133046177,14.30007070251611,12.52
4491,ARACATUBA,BULL24965902,5d,C,53.04,64.5877192982456,26.26,26.48,19.49900877192983,2170.2,29.59,31.89,24.5,153.854323303985,19.45979533515254,12.61
4492,RIB. PRETO,BULL24965902,>5d,I,22.83,87.2576177285319,27.24,24.49,23.4692609418283,827.04,30.15,32.72,23.67,163.675177438204,23.4147125225516,12.53
4493,RIB. PRETO,BULL24965902,3d,I,22.27,98.2103213242454,27.33,23.95,25.2160422590068,897.38,30.09,32.4,22.42,164.300847128365,25.1299049688912,12.51
4494,S. J. RIO PRETO,BULL24965902,>5d,I,117.59,49.4246614262714,27.25,24.86,17.70726086750639,3963.67,30.28,32.98,22.78,163.86201294044,17.68338441780804,12.54
4495,GOIAS,BULL24965902,5d,C,14.58,69.0038759689923,27.25,25.32,20.69309108527132,159.07,30.43,33.88,24.1,164.574816383579,20.69735590912128,12.75
4496,S. J. RIO PRETO,SCS123,>5d,I,61.95,67.33093093093089,27.43,26.8,20.53756264264264,2775.78,31.14,33.965113,24.417827,165.426174668073,20.4892130735561,12.53
4497,S. J. RIO PRETO,SCS123,>5d,E,12.64,53.09375,25.89,26.34,17.707921875,38.3,29.09,31.84,26.59,150.887852907801,17.70742270542995,12.56
4498,ASSIS,PT35013377,3d,A,19.98,136.513784461153,27.06,25.58,30.7517759398496,1005.62,30.28,32.22,26.5,161.122814127058,30.567845936457,12.54
4499,ARACATUBA,SCS19003,1,I,50.03,86.3729161188535,27.515394,24.620064,23.5392509651296,2840.402,30.518631,33.467844,22.422646,166.667415948082,23.5030667526265,12.6805863
4500,ARACATUBA,SCS19003,1,C,30.63,72.0337627482555,27.97,24.78,21.5873919108964,1130.429,31.12,33.88,22.0,170.736837470922,21.5295696401377,12.65
4501,ARACATUBA,SCS19003,1,B,44.92,72.0330801944107,27.97,24.78,21.58728290704739,1988.289,31.12,33.88,22.0,170.736837470922,21.52946129369898,12.65
4505,ARACATUBA,SCS19003,3d,B,22.44,85.0934865900383,27.7,24.43,23.475677394636,775.096,30.68,33.6,26.0,168.404966299215,23.4321843068071,12.67
4506,RIB. PRETO,SCS19003,1/½,I,21.3,121.505376344086,27.98,24.67,29.4989591397849,1030.4,31.09,33.377728,27.269667,170.340133306351,29.3390958880847,12.48
4507,ARACATUBA,SCS19003,2d,I,122.79,100.8230616481632,27.709435,25.152854,25.9536011346281,9852.707,30.92599,33.71883800000001,31.70919,168.258958350334,25.8793990906295,12.6540367
4509,S. J. RIO PRETO,SCS19003,4d,I,42.73999999999999,50.7705270006506,26.13,27.05,17.47827546519193,1203.806,29.61,32.81,26.0,153.517283078561,17.48669964465608,12.74
4510,S. J. RIO PRETO,SCS19003,5d,D,21.14,64.59299781181619,27.55,25.29,20.17821115973742,492.7,30.78,33.26000000000001,24.29,166.401173888519,20.12042060046074,12.51
4511,S. J. RIO PRETO,SCS19003,>5d,D,24.72,108.246855345912,26.65,26.63,26.1001643081761,1236.26,30.12,32.79,22.95,157.923256282256,26.0446545390027,12.53
4512,MINAS GERAIS,SCS19003,4d,C,96.55,84.0117090479007,28.03,24.55,23.5434769603785,6100.59,31.11,34.06,28.5,171.53415216567,23.4883269489577,12.67
4513,ASSIS,SCS19003,2d,B,44.77,98.669819957278,26.85,25.28,24.8704682636558,2852.17,29.93,31.63,28.6,158.878889375054,24.7299668976609,12.51
4514,MINAS GERAIS,SCS19003,3d,A,100.83,131.189800742992,25.9,23.84,28.5673823032759,10599.63,28.37,30.69,26.3,150.826893242954,28.5467497433963,12.64
4515,GOIAS,SCS19003,4d,I,52.16,116.850597609562,25.01,25.46,25.641062749004,4222.8,27.76,32.22,24.5,144.615552816167,25.9048199650975,12.97
4516,GOIAS,SCS19003,>5d,I,27.88,196.330604534005,26.11,25.47,38.0090482997481,2939.17,29.09,33.3,25.0,154.615287606213,38.2883621802442,12.89
4517,GOIAS,SCS19003,>5d,A,24.13,79.1690024732069,26.95,25.51,22.0417658697444,826.76,30.13,32.93,21.7,161.047722095652,22.0113868140687,12.67
4518,MATO GROSSO,SCS19003,>5d,C,23.14,83.2978456014363,27.62,26.13,23.1367234829443,806.258,31.15,33.29,23.439775,166.59424371145,23.0222365190097,12.46
4519,MINAS GERAIS,SCS19003,>5d,A,59.43,80.4244149272612,27.81,24.94,22.8179,3257.37,30.98,33.23,26.3,168.654930717065,22.7190219797858,12.58
4520,MINAS GERAIS,SCS19003,5d,I,87.16,75.4678020223523,28.05,26.18,22.1865822245875,4782.24,31.69,34.67,22.8,171.523503214343,22.12460611992,12.66
4521,PARANÁ,SCS19003,4d,C,22.92,33.5815018315018,26.8497,26.37,15.20478827747253,247.67,30.28,32.06,27.0,158.857011666482,15.16939486624907,12.515241
4522,MINAS GERAIS,SCS19003,4d,I,21.46,93.7854122621564,30.62,27.26,27.2284437632135,785.69,35.29,38.37,25.2,195.815049664185,27.0333896167741,12.61
4524,S. J. RIO PRETO,SCS19003,3d,I,32.86,89.0893576222435,27.32,25.38,23.8100895877277,1620.084,30.53,33.87,25.0,165.114408115467,23.8034913643314,12.73
4525,ARACATUBA,SCS19003,3d,I,68.05,82.7836217662801,27.56,25.5,23.0139315468332,3979.422,30.86,33.77,31.582273,166.92106347213,22.9658739604411,12.67
4526,ARACATUBA,SCS19003,2d,I,92.85,86.7832653061225,27.294966,24.964332,23.4380750022612,6058.227,30.3701,32.986553,30.40044,164.180937022347,23.3805873878765,12.6420264
4527,S. J. RIO PRETO,SCS19003,1/½,E,22.48,72.17175572519079,26.9,25.33,20.96559160305344,642.6,30.01,33.59,28.0,161.414112696447,20.99050949106676,12.78
4528,S. J. RIO PRETO,SCS19003,2d,E,170.35,68.9273129144301,27.85,26.04,21.02297909693717,9026.44,31.4,34.71,28.0,169.976131817584,20.99315668899087,12.71
4529,S. J. RIO PRETO,SCS19003,2d,E,266.25,71.9705014749263,26.99,24.95,20.98957817109145,15259.5,30.0,32.85,26.0,161.559004649439,20.96912850891771,12.68
4530,PARANÁ,SCS19003,1,D,142.94,90.0422330838552,26.3097,25.38,23.1676094276004,10230.85,29.31,31.49,23.0,154.32328636461,23.1072270877272,12.594817
4531,RIB. PRETO,SCS19003,5d,A,34.08,59.6422101449275,27.608481,25.4824,19.43622531845109,1063.94,30.915146,33.35,22.42,166.881316386616,19.37888822281416,12.6021732
4532,RIB. PRETO,SCS19003,3d,A,38.57,118.960971019947,28.5746,24.752,29.7283531026722,2853.953,31.8329,34.81,23.93,176.677265723017,29.6140402466438,
4533,GOIAS,SCS19003,2d,I,149.38,100.6605037123308,27.94,25.54,26.1324842917455,12192.18,31.34,33.994085,25.0825405,170.241247766245,26.0297487350231,12.51
4534,RIB. PRETO,SCS19003,4d,B,62.26,78.532928770394,27.6286,24.581,22.3981653058098,3355.945,30.6434,33.77,25.87,167.925548282856,22.3741833973879,
4535,PARANÁ,SCS19003,3d,C,44.68,73.1497552019584,25.991,25.23,20.555462250306,2010.374,28.88,31.04,23.0,151.306999284225,20.51858890414977,12.599962
4536,PARANÁ,SCS19003,5d,D,86.16,32.5266720604099,26.1142,26.16,14.89717554795038,1534.258,29.31,31.5,24.0,152.39051252806,14.88175001105636,12.596189
4537,PARANÁ,SCS19003,5d,C,96.79,26.5031253685576,25.315612,26.762621,13.9311799019507,1241.72,28.506016,30.842588,24.16434,144.947638736081,13.92815627204309,12.63632
4538,MINAS GERAIS,SCS19003,2d,I,148.93,95.5288103410502,27.3,24.96,24.7799079821807,11449.6,30.37,33.56,27.3,164.838413359949,24.7664108423702,12.72
4539,S. J. RIO PRETO,PS321911285,>5d,I,107.0,61.3542105263158,26.84,24.45,19.32416484210526,4700.65,29.66,32.4,23.37,160.097003156575,19.30921067210608,12.56
4540,S. J. RIO PRETO,PS321911285,1,I,85.80617,71.983061036767,27.85,24.76,21.50731517432757,4439.12,30.97,33.6458,21.560796,169.516536821645,21.44832404247289,12.53
4541,ASSIS,PS321911049,>5d,E,128.09,46.803566198639,26.97,26.26,17.21009385993626,4052.346,30.39,33.13,25.28755,161.068971141054,17.18813180527069,12.54
4542,ASSIS,PS321911049,>5d,B,27.85,49.351356466877,26.0,25.97,17.22918990536278,604.019,29.11,32.17,25.107462,152.317275725455,17.24104058408254,12.6
4543,RIB. PRETO,SCS17,>5d,B,14.96,41.3040540540541,26.7651,27.15,16.32677288513514,98.74,30.43,33.23999999999999,24.1,159.08468431625,16.31017753972687,
4544,ASSIS,PT35001499,1/½,C,20.47,164.092089728453,25.26,24.01,32.1674110979929,1300.22,27.66,30.26,28.5,145.13325698805,32.2485152676677,12.7
4546,GOIAS,AIC456PS321974039,4d,C,102.86,73.2763592339864,28.53,26.78,22.1289821813779,5579.57,32.5,36.57,24.1,176.959903503477,22.1081423062828,12.78
4547,MATO G. DO SUL,AIC456PS321974039,3d,I,61.88,92.8999599037691,26.4,25.04,23.6495942261427,4047.29,29.32,31.71,28.2,155.465420975267,23.6063468044765,12.63
4549,GOIAS,BULL24988082,4d,I,59.57,92.0269077149464,26.12,26.44,23.2997993693504,3818.88,29.4,32.075216,24.323827,152.957861223154,23.2804217518016,12.54
4550,RIB. PRETO,PT35022994,3d,I,31.37,93.0366546205472,27.24,24.49,24.3499861641714,1581.68,30.15,32.72,23.67,163.675177438204,24.2912489685699,12.53
4551,GOIAS,PT35022994,1/½,D,81.63,91.5152951314089,27.28,25.48,24.1499370960793,5548.65,30.520039,33.400656,30.73,164.250182010758,24.1062181563962,12.67402166
4552,RIB. PRETO,PT35022994,1/½,E,20.95,127.020446927374,26.9,24.59,29.1380465921788,1041.433,29.78,32.73999999999999,29.1,160.883435054194,29.1246392400161,12.7
4553,RIB. PRETO,PT35022994,2d,A,64.89,111.8932690489696,25.71,24.68,25.6953671866137,5295.355,28.38,31.57,23.5,149.946186392759,25.7798955116112,12.77
4556,ARACATUBA,BULL24985476,3d,D,96.46,74.3096732180914,26.9458,24.97,21.31267913982951,5274.675,29.95,32.02,24.6,160.261439894483,21.23812187066895,
4557,S. J. RIO PRETO,BULL24985476,1/½,E,40.11,167.215581643543,27.4,24.79,35.9031995731057,4375.11,30.44,32.89,30.35,165.013666016978,35.7501051702361,12.51
4558,MATO G. DO SUL,BULL24985476,4d,I,66.72,78.6761695906433,25.88,23.7,21.25465233918129,3660.52,28.31,30.26,25.1,150.183018634387,21.2135143850134,12.58
4559,RIB. PRETO,BULL24985476,4d,I,46.85,86.0832137733142,27.24,24.49,23.2902817790531,2593.8,30.15,32.72,23.87,163.675177438204,23.2365845942598,12.53
4561,RIB. PRETO,BULL24985476,3d,I,17.53,125.573236889693,26.86,25.24,28.8769830018083,640.06,29.93,32.08,24.16,159.510291714026,28.7532213045048,12.48
4562,MINAS GERAIS,BULL24985476,2d,I,55.06,76.5411054342778,27.22,24.57,21.82315624709707,2791.14,30.15,31.93,26.1,162.562017560153,21.7174390497474,12.53
4563,PIRACICABA,BULL24985476,3d,B,88.94,102.7754224070705,26.244384,24.377141,24.9303997452852,6996.261,28.93494,31.571018,24.067493,154.376834430952,24.9243172864512,12.6765485
4564,RIB. PRETO,BULL24985476,1/½,I,43.1,119.59421221865,27.827653,24.908,29.0296385580514,3358.18,30.988491,33.3,29.76,168.893841949099,28.8808693264706,12.5832289
4565,SÃO CARLOS,BULL24985476,2d,B,78.12,106.3479280096794,25.406,24.61,24.6482832289776,6250.285,28.0,30.47,23.54,146.255569730903,24.6667348278698,12.67
4568,MATO G. DO SUL,BULL24985476,3d,C,75.047474,93.9452497018358,26.31,24.6,23.7263652323327,5178.441,29.07,31.36,25.533133,154.557201358126,23.6818854620865,12.52
4570,RIB. PRETO,BULL24975201,>5d,I,28.58,81.9402895054282,27.36,24.84,22.7428284680338,1171.61,30.4,33.11,23.09,164.914880083286,22.6949109827129,12.54
4571,PIRACICABA,BULL24975201,5d,C,78.81,40.3981439904206,27.35,25.9,16.35911510252956,1909.28,30.74,33.45,28.0,164.674491456367,16.33567219204215,12.64
4572,MATO G. DO SUL,BULL24975201,2d,E,44.27,77.9207003408739,26.22,24.46,21.37392358847227,2139.261,28.93,31.52,26.579264,154.081554576285,21.36611558318882,12.56
4573,ARACATUBA,BULL24975201,3d,D,27.85,89.6454889589905,27.38,24.44,23.9418762018927,1242.681,30.3,33.08,27.0,165.234739525904,23.8979862759924,12.66
4574,ARACATUBA,BULL24975201,5d,D,93.29,75.21059170869731,26.7665,25.18,21.33399202466478,5150.389,29.8,32.35,25.7,159.089129510457,21.29759091027321,
4575,MATO G. DO SUL,BULL24975201,3d,C,106.03055,104.6003091548438,26.19,24.48,25.1399838690723,8719.258,28.9,31.43,25.026148,153.725633168816,25.1238374465983,12.55
4576,ASSIS,BULL24975201,3d,A,13.54,124.746753246753,26.62,25.12,28.4835753246753,185.63,29.6,31.41,23.5,156.847728275196,28.3311110781963,12.53
4577,MATO G. DO SUL,BULL24975201,>5d,E,12.77104354,116.23146791425,24.95,24.35,25.4979750948954,92.367,27.39,29.62,24.41347,141.697471223363,25.5185578103774,12.54
4578,S. J. RIO PRETO,BULL24975201,4d,I,38.36,82.6956752655539,26.72,24.89,22.4064033990895,1875.538,29.66,32.96,24.0,159.50696368074,22.4281044037814,12.75
4579,ASSIS,BULL24975201,>5d,A,78.21,106.8113578009364,26.18,25.36,25.4442505361728,6289.46,29.14,31.15,25.6,152.896790793026,25.3586160448813,12.57
4580,RIB. PRETO,BULL24975201,>5d,B,47.23,68.24978711325579,26.7287,25.39,20.2848623945501,1993.68,29.82,32.91,22.6,159.29000729721,20.28503155437798,
4581,GOIAS,BULL24975201,1,I,63.63,131.788107689328,26.5,24.8,29.3692756149525,6196.66,29.37,32.177055,29.499048,156.916829847786,29.3593128198026,12.58
4582,S. J. RIO PRETO,BULL24975201,2d,I,19.34,88.8029972752044,26.91,24.6,23.451326893733,575.734,29.79,32.69,27.0,160.911613073655,23.4368582131422,12.69
4583,ARACATUBA,BULL24975201,3d,D,16.02,80.8084577114428,25.26,26.16,21.12400149253731,288.61,28.26,31.61,23.4,145.660828247339,21.19699544813345,12.8
4584,MATO G. DO SUL,BULL24975201,4d,A,40.03,74.12557973599709,27.0543,26.252,21.35257115019622,1753.38,30.4931,32.32,26.81,160.865619924891,21.24836294059249,12.5193776
4585,GOIAS,BULL24975201,>5d,D,16.24,39.7879716981132,28.27,26.05,16.52110299528302,129.821,31.92,34.35,26.720919,173.07111694947,16.47583963917535,12.48
4586,GOIAS,BULL24975201,5d,D,160.68,80.0526634382567,28.27,26.05,23.0721683414044,10130.07,31.92,34.35,26.867499,173.07111694947,22.9613185113864,12.48
4587,MINAS GERAIS,BULL24975201,3d,I,23.23,95.0463045414069,26.46,24.51,24.0084956366874,944.61,29.23,32.38,23.4,156.965027358157,24.0388098098389,12.74
4588,GOIAS,BULL24975201,4d,C,36.42,84.9111384111384,27.05,24.99,22.9731263308763,1792.49,30.08,33.4,25.3,162.61522680896,22.9815276486931,12.74
4589,PARANÁ,BULL24975201,3d,E,16.49,65.31358574610249,25.9579,24.65,19.44145698485523,251.378,28.67,31.1,24.0,151.396721374335,19.43173905771614,12.647296
4590,RIB. PRETO,BULL24975201,5d,B,27.44,65.4338082901554,26.9933,24.98,20.01149117836788,837.018,30.0106,33.22,26.37,161.968311873827,20.0133780262643,
4591,MINAS GERAIS,BULL24975201,5d,C,44.46,52.0378927911275,27.92,24.69,18.37403253234751,1311.63,31.03,34.14,25.5,170.639226914904,18.35158035968628,12.69
4592,ARACATUBA,BULL24975201,1/½,I,14.59,133.324324324324,28.33,24.46,31.8122621621622,326.23,31.44,33.88,30.0,173.846149363853,31.6358747160631,12.6
4593,MATO G. DO SUL,BULL24975201,4d,B,29.87,126.749356463346,26.18,25.07,28.2714587465025,2062.571,29.06,31.4,26.935287,153.327276094784,28.2172139825942,12.52
4594,ARACATUBA,BULL24975201,1,B,130.92,92.288605785402,27.485728,24.711379,24.4332751069196,9559.921,30.51602,33.568195,22.297087,166.481893530325,24.4031358506387,12.7
4595,S. J. RIO PRETO,BULL24975201,3d,I,66.50999999999999,91.2262520638415,27.2,25.7,24.0423903137039,4330.623,30.49,34.16,27.0453,164.260034035676,24.0629918357595,12.78
4599,S. J. RIO PRETO,BULL24975952,3d,C,17.72,99.2160839160839,26.6,25.16,24.7335482517483,510.876,29.59,32.65,27.0,158.083003476499,24.7407874899199,12.72
4600,PIRACICABA,BULL24975952,5d,C,88.7,43.5582790091265,27.35,25.9,16.84419582790091,2432.52,30.74,33.45,28.0,164.674491456367,16.81814419895652,12.64
4601,S. J. RIO PRETO,BULL24975952,4d,I,24.06,84.5721393034826,28.1,25.72,23.6841144278607,887.22,31.59,33.552702,25.947328,171.003812577117,23.5392468361314,12.43
4602,MINAS GERAIS,BULL24975952,4d,B,22.51,84.558515699334,27.01,24.58,22.89103320647,774.59,29.9,32.2,26.5,161.184580148921,22.824611700834,12.61
4603,S. J. RIO PRETO,BULL24975952,4d,D,45.33,81.0498649864987,27.75,26.04,22.8753537353735,2313.432,31.27,34.38,27.0,168.838911473764,22.8297056618928,12.69
4604,GOIAS,BULL24987935,1/½,D,73.21000000000001,141.131612481621,27.6,24.53,32.1445315471328,7916.146,30.59,33.54,28.8,167.47936821512,32.0773015252421,12.68
4605,GOIAS,BULL24987935,5d,C,13.83,78.6775956284153,28.27,26.22,22.8484448087432,134.02,31.97,35.15,24.0,173.790133014114,22.7877770657826,12.68
4606,GOIAS,BULL24987935,4d,D,231.42,93.309005560113,26.99,24.05,24.1882199334609,17852.822,29.72,32.68,24.4,161.811969550214,24.1810622651299,12.7
4607,MINAS GERAIS,BULL24987935,2d,I,65.09,98.0137502354492,27.78,24.09,25.5729697871539,4578.47,30.66,33.81,27.5,169.451545622654,25.5429979193724,12.71
4608,ARACATUBA,BULL24975033,3d,B,23.32,101.9783568904594,26.69,24.73,25.2178206272085,1030.555,29.57,32.36,29.0,158.698481043068,25.1996882825815,12.68
4609,S. J. RIO PRETO,BULL24975033,2d,C,52.7,124.914742014742,27.4,24.61,29.3888702702703,4607.63,30.38,32.96,26.61,165.181215361587,29.2964174140583,12.53
4610,S. J. RIO PRETO,BULL24975033,1/½,C,12.49,144.816326530612,28.29,25.85,33.6357795918367,77.08,31.87,34.86,,173.847112240785,33.4959389074087,12.66
4611,MINAS GERAIS,BULL24975033,2d,C,39.71,59.9916997473836,27.39,24.14,19.38592259112234,1341.85,30.22,33.14,20.8,165.523387628535,19.36784832326983,12.69
4614,SÃO CARLOS,VIC456654,4d,C,58.34,80.2644151920587,26.699,26.82,22.0341863890807,3175.373,30.24,32.41,26.06,157.819806675202,21.95430382610173,12.58
4615,SÃO CARLOS,VIC456654,3d,D,23.75,100.484170212766,26.461,26.68,24.7956958544681,1051.689,29.9,32.32,24.956,155.861968251347,24.7295068858958,12.62
4616,SÃO CARLOS,VIC456654,3d,C,150.51,86.8360840372536,26.437,25.764,22.8040854524583,10377.546,29.581,32.189,24.624,155.965603811128,22.7738220252835,12.65
4618,PIRACICABA,VIC456654,3d,D,39.03,76.2608583055864,25.7,26.503,20.80373758786534,1748.971,28.898,31.758,22.776,149.199339676671,20.81654732658256,12.708
4619,PIRACICABA,VIC456654,3d,C,21.19,80.0665941240479,26.198,26.15,21.66409503373232,637.532,29.41,32.17,23.858,153.826246192458,21.65362953571932,12.68
4620,SÃO CARLOS,VIC456654,5d,D,22.8,63.3116666666667,25.956,26.99,19.1610562,566.166,29.37,32.117,23.06,151.412960188773,19.15351134221957,12.68
4621,SÃO CARLOS,VIC456654,2d,D,32.69,84.1707104881585,25.414,26.156,21.68097910488159,1505.212,28.449,31.108,23.317,146.333892970904,21.69497249835036,12.687
4626,PARANÁ,VIC456654,2d,E,20.79,97.672582480091,26.1917,25.85,24.1583958878271,765.062,29.31,31.15,25.0,152.743942668289,24.0578970368222,12.540623
4635,ARACATUBA,VIC456654,5d,D,23.99,69.2391993327773,24.8642,26.95,19.36336508056714,698.298,28.0,30.14,25.1,140.431912033693,19.35133981358626,
4638,PARANÁ,BULL24036152,2d,D,26.53,68.97061252580869,26.132351,25.221011,20.05128692899725,839.783,29.04785,31.436388,25.568559,152.914876101744,20.0280068055148,12.63277674
4639,MATO G. DO SUL,VIC450470,>5d,I,15.08,59.0194805194805,26.81,25.24,18.96358506493507,156.82,29.87,31.67,24.1,158.623972532894,18.89418302019926,12.53
4640,S. J. RIO PRETO,BULL24036088,4d,I,13.1,77.6036363636364,25.58,25.66,20.90897381818182,84.164,28.51,31.68,26.0,148.543854466592,20.95777337611556,12.77
4641,MINAS GERAIS,BULL24036088,2d,I,205.74,98.7035717972541,26.77,25.5,24.8061175544544,16809.95,29.9,32.98,27.8,159.652197865527,24.8019729386561,12.72
4642,PIRACICABA,VIC456984,2d,I,21.76,75.547131147541,27.55,25.35,21.88157889344262,632.22,30.8,33.28,23.0,166.393452730971,21.81126098901667,12.61
4643,MINAS GERAIS,BULL24036066,3d,I,25.55,71.2885608856089,28.2,24.53,21.60474686346863,815.36,31.31,33.47,27.8,172.301134509814,21.50402357341728,12.56
4644,MINAS GERAIS,BULL24036066,3d,A,30.81,63.4056353003721,25.8,24.56,19.09397767145136,978.94,28.46,30.86,26.0,149.884427688089,19.08803660333445,12.65
4648,S. J. RIO PRETO,VIC457870,4d,D,232.17,83.8641504292138,26.91,24.65,22.7149448289958,15834.33,29.81,32.64,24.85,160.826789212621,22.6953107678727,12.57
4651,S. J. RIO PRETO,VIC457870,4d,I,107.98,65.8169410293811,27.67,25.36,20.43311465930402,5177.35,30.95,32.897633,25.824138,166.942603963992,20.3385369804689,12.44
4653,SÃO CARLOS,VIC457870,5d,A,20.7,73.9085057471264,26.938,26.59,21.24789258850575,550.604,30.46,33.04,23.22,160.553201169362,21.19670670834747,12.63
4654,ARACATUBA,VIC457870,2d,C,37.1,126.166932270916,26.9829,24.25,29.1055172952191,2877.59,29.77,32.67,23.7,161.649765571733,29.0850546503866,
4655,S. J. RIO PRETO,VIC457870,3d,D,54.18,79.1140350877193,27.54,24.18,22.4295210526316,2842.87,30.41,33.27,24.15,166.867348411353,22.3937726552216,12.57
4656,S. J. RIO PRETO,VIC457870,3d,B,33.68,57.330258302583,28.14,24.59,19.3163036900369,994.76,31.26,33.66,26.85,171.987038627151,19.25225378603407,12.5
4657,S. J. RIO PRETO,VIC457870,2d,B,21.1,95.2,29.21,25.37,26.31872,769.12,32.81,35.05,28.03,181.87787440298,26.1338391503279,12.45
4658,S. J. RIO PRETO,VIC457870,2d,C,302.55,120.302598520048,26.62,24.4,27.833839903631,31479.32,29.38,32.19,25.26,158.110926571459,27.824193019861,12.58
4659,S. J. RIO PRETO,VIC457870,5d,I,44.91,73.26344576116679,27.11,25.06,21.25690665451231,2028.18,30.17,32.58,24.18,162.193798726499,21.2013896419445,12.51
4660,SÃO CARLOS,VIC457870,3d,I,181.88,92.3851542265128,24.9,24.22,22.3696848952202,13667.83,27.29,30.260963,25.062962,142.183812525181,22.4648458476321,12.65
4661,RIB. PRETO,VIC457870,1/½,I,27.82,118.225663716814,28.26,24.48,29.272292920354,1692.49,31.36,33.670689,29.312668,173.041466426334,29.1067366570664,12.48
4662,S. J. RIO PRETO,VIC457870,2d,I,68.71198,99.2595173012827,28.02,24.69,25.9789746716655,4960.66,31.15,33.463634,25.208089,170.744299902493,25.8519509838216,12.49
4664,PARANÁ,VIC457870,4d,D,12.69,43.6855072463768,27.664916,26.0532675,16.96350809431884,33.863,31.175707,33.33714000000001,26.008416,167.052552413654,16.91291877307207,12.5583989
4665,ARACATUBA,VIC457870,5d,D,13.85,50.0216216216216,28.74,25.43,18.36481945945946,82.34,32.27,35.32,26.0,178.217890205863,18.31987372815159,12.66
4668,S. J. RIO PRETO,VIC457870,1/½,D,110.37,120.679648266748,27.047701,24.38718,28.3537885190319,10702.817,29.88719,32.958733,29.743614,162.426223156416,28.3482690227347,12.7148723
4669,S. J. RIO PRETO,VIC457870,1/½,B,175.03,120.852088572655,27.067531,24.61726,28.4013221898323,17758.156,29.98303,32.981829,30.261003,162.499843319241,28.3822222751568,12.70045125
4670,PARANÁ,VIC457870,2d,E,61.59,113.489796329905,26.748,24.93,26.9677151627344,5044.879,29.7,31.61,22.0,158.202495857792,26.8380615275311,12.545082
4672,S. J. RIO PRETO,VIC457870,>5d,C,16.44,61.2155405405405,26.95,25.24,19.35772331081081,230.517,30.04,32.98999999999999,24.0,161.247676940614,19.34530509505227,12.69
4674,S. J. RIO PRETO,VIC457870,3d,I,438.4,91.2421904315197,27.23,24.25,24.0685856027205,33800.87,30.06,32.54,25.05,163.512137912646,24.0061536851606,12.53
4676,S. J. RIO PRETO,VIC457870,3d,I,178.69,102.0975283460316,26.960931,24.992409,25.4794290485552,15030.357,29.97116,33.021515,26.926838,161.495010873388,25.4691309797554,12.7062837
4677,S. J. RIO PRETO,VIC457870,3d,D,29.67,98.7157328805886,26.87,24.81,24.8946294793435,1544.267,29.81,32.68,23.0,160.470700876342,24.8747456377867,12.69
4678,SÃO CARLOS,VIC457870,2d,C,55.24,129.360314523589,25.757,24.79,28.1452584690102,5086.66,28.47,31.12,24.87,149.747764570239,28.1661209748846,12.69
4679,PARANÁ,VIC457870,1/½,E,19.51,87.0735019973369,25.541,25.31,22.1657029054594,575.802,28.36,30.88,29.0,147.486683317639,22.1714597906594,12.668905
4680,S. J. RIO PRETO,VIC457870,1/½,C,16.89,158.496932515337,26.68,24.1,33.5057496932515,728.37,29.36,32.03,27.72,158.560569915794,33.4706739203635,12.56
4681,GOIAS,VIC457231,>5d,C,52.64,80.6264763779528,26.82,25.8,22.1704437992126,2800.98,30.06,33.23999999999999,21.7,160.180319696988,22.1690932093628,12.73
4685,S. J. RIO PRETO,VIC450618,3d,C,35.11,76.2124621376028,27.71,25.71,22.0877778018174,1495.95,31.12,33.67,22.72,167.934545153514,22.0129410766143,12.51
4687,PARANÁ,VIC450618,3d,E,13.27,50.7937007874016,26.6361,25.78,17.67788484094488,61.268,29.83,31.96,25.0,157.303090509789,17.63684461672146,12.576981
4688,ARACATUBA,BULL24975242,fr,D,18.62,108.429003021148,27.2776,25.13,26.7320373655589,650.36,30.4,32.77,26.3,163.724241902526,26.6306173808001,
4689,PIRACICABA,BULL24975242,fr,E,61.73,146.377840337824,25.26,23.89,29.8185016287955,6694.61,27.63,30.61,25.0,145.61694791001,29.9551568926787,12.76
4690,PIRACICABA,BULL24975242,1/½,I,40.42,161.794159042928,26.552996,28.156715,33.7995379737509,4269.15,30.49628,33.42343,29.32851,157.06150090925,33.729365538206,12.6767149
4691,PIRACICABA,BULL24975242,1/½,C,21.48,163.731751054852,26.91,26.64,34.62320408227851,1450.417,30.44,33.16,30.0,160.429591198566,34.5214817809143,12.65
4692,ARACATUBA,BULL24975242,2d,D,29.88,93.5950782997763,26.5658,24.86,23.8849759149888,1470.92,29.46,31.76,25.4,156.950103867027,23.8272150745908,
4693,ARACATUBA,BULL24975242,2d,I,306.86,87.6518110289629,27.3185,24.54,23.5887226724717,22318.693,30.26,32.32,24.9,163.830473037153,23.4862502546447,
4694,MATO G. DO SUL,BULL24975242,2d,I,14.8140225,91.139381437071,28.1,25.78,24.7414404113684,234.7,31.61,33.5,22.71127,170.918286539878,24.5766948958051,12.42
4695,MATO G. DO SUL,BULL24975242,1/½,D,25.58,93.1620029455081,25.07,25.02,22.6078737849779,1114.18,27.71,30.29,26.76,143.174085730539,22.6463515324364,12.58
4696,S. J. RIO PRETO,BULL24975242,5d,C,21.68,62.0020661157025,25.94,26.12,18.97028801652893,496.02,29.08,31.97,23.96,151.545788109705,18.97757772322928,12.58
4697,ARACATUBA,BULL24975242,3d,I,97.83,83.8524408714902,26.92,24.25,22.7203841780263,6179.095,29.7,32.59,27.779465,161.045510998954,22.7092837662134,12.69
4698,S. J. RIO PRETO,BULL24975242,fr,C,14.12,111.9481132075472,24.51,23.53,24.5035089622642,223.89,26.65,30.76,27.5,140.009727532554,24.7943307390909,12.82
4699,ARACATUBA,BULL24975242,3d,I,79.75,83.0948044280443,26.475946,23.766042,22.2916454978093,4828.673,29.157484,31.663519,25.44293,156.468982009058,22.2709940218526,12.62438476
4700,MATO G. DO SUL,BULL24975242,4d,I,36.457012,71.5354820940514,27.6,25.56,21.28753520667202,1468.06,30.93,32.84,22.777303,166.214258841418,21.18122024590064,12.43
4701,S. J. RIO PRETO,BULL24975242,1,B,151.27,37.0084727507719,20.79,24.53,14.19824475479285,3494.93,22.48,26.29,17.9,105.3027086828838,14.33335824766911,13.13
4702,GOIAS,BULL24975242,2d,C,203.05,81.8652185291808,27.42,25.07,22.7732166971997,13359.75,30.55,34.26000000000001,26.6,166.47167744636,22.7921975013591,12.78
4703,S. J. RIO PRETO,BULL24975242,1,B,33.19,100.6945729117508,25.95,25.41,24.3728929211892,1891.438,28.88,32.26000000000001,22.0,152.282087742814,24.4422598595177,12.79
4704,MINAS GERAIS,BULL24975242,1/½,A,43.82,107.6775612822125,26.17,24.2,25.5575104336895,3056.46,28.79,30.94,28.7,153.11551503171,25.5015883373174,12.6
4705,ARACATUBA,BULL24975242,1/½,D,74.13,109.9782069853533,27.47639,24.5511675,27.1634894280605,6099.386,30.449984,33.159185,30.894014,166.052189415859,27.0937573011338,12.65105987
4706,ARACATUBA,BULL24975242,1/½,D,112.46,105.7978498905037,26.853413,23.989088,25.9321820293566,9434.932,29.5261,31.940048,29.68222,159.915408754152,25.8741473068144,12.6308411
4707,S. J. RIO PRETO,BULL24975242,1/½,I,62.15,112.606021934197,27.65,25.3,27.7448424327019,5057.392,30.91,33.73999999999999,31.0,167.714884977348,27.6658551335121,12.66
4708,ARACATUBA,BULL24975242,5d,B,25.65,35.9457142857143,27.43,24.64,15.69482371428571,338.859,30.42,33.04,24.0,165.505290159323,15.67579381950081,12.63
4709,ARACATUBA,BULL24975242,4d,I,20.01,69.74232209737829,27.230696,24.543925,20.79455754199251,474.516,30.156456,32.85272000000001,26.044306,163.719600476764,20.76064203921487,12.6577847
4710,RIB. PRETO,BULL24975242,5d,E,44.08,37.4360972568579,28.2303,26.23,16.1283548930798,827.99,31.93,34.25,29.8,172.560990652861,16.08404497390362,
4711,S. J. RIO PRETO,BULL24975242,1/½,E,28.95,114.541002949853,24.54,26.24,24.8586417699115,1750.07,27.4,31.5,28.9,139.725128624084,25.0970627910125,12.94
4712,S. J. RIO PRETO,BULL24975242,4d,I,109.57,57.3256123808548,27.0,25.03,18.79884185712822,4434.42,30.04,32.62,23.57,161.346057697628,18.76920152181146,12.53
4713,S. J. RIO PRETO,BULL24975242,3d,I,45.26,73.3707155742634,26.93,24.08,21.16264783523752,2053.19,29.66,32.31,24.42,160.89535542404,21.1378145080576,12.56
4714,ARACATUBA,BULL24975242,1,B,22.37,91.4668273866924,26.65,24.18,23.6418902121504,836.071,29.35,32.26000000000001,21.0,158.538205666285,23.6449262952383,12.7
4715,MINAS GERAIS,BULL24975242,5d,I,14.38,44.0504201680672,26.25,25.02,16.56718487394958,88.28,29.13,32.28,24.2,154.911812078304,16.58038362408951,12.75
4716,PIRACICABA,BULL24975242,1,I,57.98,162.148760330579,24.2719,23.3156,30.4261057190083,6915.84,26.3211,29.02,27.93,136.116949825175,30.6360061522626,12.75490195
4718,S. J. RIO PRETO,BULL24975162,1/½,D,59.94,106.488527325824,28.92,24.25,27.9874588235294,4541.78,32.07,34.39,30.04,179.336449778403,27.811374707493,12.48
4719,RIB. PRETO,BULL24005014,2d,I,30.95,150.784696569921,27.19,24.07,33.08139540897101,2641.97,29.96,32.371262,23.54085,163.078950870923,32.9674463547231,12.52
4721,RIB. PRETO,BULL24005014,4d,A,108.35,108.8572288531396,25.74,24.72,25.3081832444214,9344.194,28.43,31.3,24.7,149.855698236218,25.3523209127747,12.72
4722,ASSIS,BULL24005014,1/½,A,22.86,149.983425414365,25.79,25.23,31.0279143646409,1510.5,28.63,31.3,29.4,150.018684470476,31.0442908544207,12.68
4723,RIB. PRETO,BULL24005014,2d,A,121.47,131.004658810633,25.58,24.74,28.160832666484,13039.44,28.24,30.99,24.6,148.210611328111,28.2096973274896,12.71
4724,GOIAS,BULL24005014,2d,B,51.19,92.7905077825976,26.69,25.98,23.8681255932636,3178.18,29.96,32.93,26.3,158.710300601562,23.8527996825378,12.7
4725,RIB. PRETO,BULL24005014,2d,I,15.41,76.0762463343109,28.4812,27.28,22.5605343108504,230.5,32.62,34.73,24.0,174.612079582584,22.4195716682682,
4726,RIB. PRETO,BULL24975375,2d,C,113.1,88.9424332344214,27.9,24.85,24.233846884273,7790.88,31.05,33.75,26.5,170.004115078213,24.1572210751692,12.64
4727,GOIAS,IFCG06292,3d,I,25.03,83.0138142747506,26.8,26.74,22.5100445126631,937.31,30.34,33.13554999999999,27.830868,159.455844027991,22.4714019215303,12.54
4728,S. J. RIO PRETO,BULL24117001,2d,I,13.43295,78.9178966467776,26.83,25.41,21.92392407271712,107.89,29.95,32.63311,25.569611,159.803839302748,21.89072204245819,12.54
4729,S. J. RIO PRETO,BULL24035115,1/½,C,32.28,128.892504930966,26.76,25.02,29.2533337278107,2382.58,29.74,32.38,27.63,159.150663891181,29.2008097044949,12.55
4730,MATO G. DO SUL,SCS19001BT,fr,C,73.33,95.8260231534323,25.94,24.87,23.6853476275885,5153.05,28.71,31.76,23.68,151.915417340639,23.7285530135185,12.62
4731,MATO G. DO SUL,SCS19001BT,fr,A,19.88,92.8045685279188,25.57,25.02,22.9651799492386,648.74,28.31,31.6,24.19,148.689514088486,23.045137208211,12.65
4732,MATO G. DO SUL,SCS19001BT,2d,E,39.6,66.00615942028989,28.32,27.24,20.8138052173913,1502.57,32.4,34.93,23.93,173.501715531765,20.72208739565879,12.47
4733,MINAS GERAIS,SCS19001BT,2d,B,79.64371,156.354885324888,27.94,25.24,35.0101687207872,9776.7,31.23,34.01000000000001,24.0,170.412680645591,34.8676443486024,12.65
4734,MINAS GERAIS,SCS19001BT,2d,B,13.2167931,156.354861972837,27.75,25.07,34.7358907607218,187.65,30.95,33.31,24.0,168.191354572295,34.546981430634,12.6
4735,PIRACICABA,SCS19001BT,2d,I,45.17887,100.1904657994682,26.3025,25.4316,24.6134413709689,2938.06,29.318,32.38,22.98,155.245054873296,24.6328481127463,12.72634035
4736,ASSIS,SCS19001BT,1,I,56.79,88.3098906005805,27.86,25.73,24.1027486492521,3429.92,31.3,34.53,25.63,170.040086245388,24.0600216918918,12.58
4737,ASSIS,SCS120BT,2d,B,101.82,121.925851703407,25.84,24.76,27.2137378757515,9885.54,28.56,30.64,26.3,149.841510644115,27.1523454576385,12.59
4738,S. J. RIO PRETO,SCS120BT,4d,D,24.37,54.4494745351657,27.46,24.03,18.56268876313662,537.1,30.27,33.2,23.77,166.209858401732,18.54612745729582,12.58
4739,MATO G. DO SUL,BULL24015177,1/½,I,21.15,119.91,25.19,24.84,26.233329,999.3765,27.81,30.41,28.9,144.350929998862,26.2819888561772,12.7
4740,S. J. RIO PRETO,BULL24015177,fr,C,20.78,149.321184510251,27.33,23.95,33.0513375854214,1217.68,30.09,32.69,27.44,164.631468329085,32.9595340244887,12.54
4741,ARACATUBA,AIC456SCS1058069,fr,E,15.3,99.840303030303,28.2245,24.57,26.2516499651515,301.873,31.35,32.84,26.6,171.768144380821,26.0340822170005,
4742,MATO G. DO SUL,SCS19004,4d,E,135.86,70.24293557242049,26.07,24.59,20.19478103503956,7225.97,28.78,31.24,24.87,152.498281623432,20.18303236462936,12.54
4743,MATO G. DO SUL,SCS19004,3d,D,41.88,45.4487951807229,27.28,25.57,17.11097590361446,1011.45,30.55,32.98,24.06,163.756541653009,17.07607347908632,12.5
4744,MATO G. DO SUL,SCS19004,3d,C,29.81,46.3644020213363,27.34,25.78,17.27149927007299,624.03,30.69,33.37,23.41,164.564432137583,17.2427854801328,12.53
4745,ASSIS,SCS19004,2d,I,29.16,121.379953379953,26.66,24.92,28.0351011655012,1888.96,29.6,32.64,25.07,158.660436695536,28.0417117284413,12.6
4746,MATO G. DO SUL,SCS19004,3d,D,283.4,69.3858879882093,25.77,24.06,19.90203677597642,15586.53,28.28,30.82,23.44,149.843547999378,19.91027440538965,12.57
4747,MATO G. DO SUL,SCS19004,2d,B,27.7,94.0248407643312,25.62,23.74,23.1717833121019,1299.79,28.01,30.57,24.32,148.505063939964,23.1968061332004,12.58
4748,GOIAS,SCS19005,5d,C,18.4,78.690625,28.27,26.22,22.8505646875,438.82,31.97,35.15,24.0,173.790133014114,22.7898850895444,12.68
4749,MATO G. DO SUL,SCS19005,4d,B,214.0,96.8380693069307,26.93,25.28,24.6663237475248,17149.29,30.03,32.57,22.69,160.607903154336,24.6076075873652,12.53
4750,MINAS GERAIS,SCS19005,4d,I,25.18,77.9226100151745,28.47,25.52,22.8574538694992,880.86,31.97,33.72,,174.309785967572,22.6998847219867,12.49
4752,MINAS GERAIS,AIC456SCS1078008,2d,C,18.75,98.1762962962963,27.29,24.57,25.1763557037037,593.69,30.24,33.75,30.1,165.132670065756,25.1964063482296,12.77
4753,PIRACICABA,SCS19003BT,2d,I,23.18,143.456171735242,25.998,23.981,30.4012349194991,1481.68,28.5234,31.37,19.31,152.365639796874,30.4519296508649,12.71506935
4754,MATO G. DO SUL,SCS16,>5d,B,66.50999999999999,106.910970464135,25.48,23.77,24.7939988185654,5185.597,27.85,29.94,24.797029,146.583996211611,24.7734976893854,12.52
4755,RIB. PRETO,PS321832847,>5d,C,34.92,113.83202443281,25.9321,25.47,26.1873394760035,2345.99,28.88,32.01000000000001,22.0,151.833798179236,26.2395587527205,
4756,GOIAS,PS321832847,4d,I,227.78,58.9728427101678,26.79,26.94,18.94728343683381,10147.8,30.4,32.955095,22.761746,159.081212414322,18.90882265635873,12.51
4758,GOIAS,SCS14,1/½,C,57.8,80.31,25.14,25.93,20.975934,3140.598,28.05,31.03,29.1,144.163471935468,21.02808676791181,12.75
4759,ARACATUBA,SCS14,4d,E,96.68,64.2838568729334,27.3731,24.96,20.03764960093293,4439.397,30.46,32.79,24.4,164.604549697919,19.97875443456443,
4760,PARANÁ,SCS14,1,D,22.95,91.9935159817352,24.1588,26.53,21.72625162118722,887.929,27.01,30.18,20.0,135.105522975843,21.84764361960795,12.809192
4763,RIB. PRETO,SCS14,3d,C,33.13,105.7486985328916,28.141,25.51,27.131977430194,1992.91,31.57,34.02,26.2,171.936101358712,26.9938013508039,
4772,S. J. RIO PRETO,SCS14,2d,C,75.4,118.170977917981,27.04,23.83,27.9681150788644,6743.24,29.71,32.55,26.74,162.18278961747,27.9450536401372,12.58
4773,MATO G. DO SUL,SCS14,5d,A,167.03,85.5249306585822,25.9,24.73,22.2199653615429,11410.57,28.62,31.41,24.12,151.265518662131,22.2394876027647,12.59
4780,MINAS GERAIS,SCS14,5d,I,12.5,165.48,25.3957,25.39,32.55972036,88.74,28.207855,31.76,23.0,147.280862519433,32.7629067794825,12.8276
4785,RIB. PRETO,SCS14,>5d,I,55.64,91.5288725939505,24.99,25.76,22.3308005499542,3482.64,27.82,30.91,25.46,142.911096372793,22.4112119045662,12.63
4786,PARANÁ,SCS14,3d,D,13.59,93.2025157232704,25.4561,26.15,22.926691718239,141.112,28.5,30.35,25.0,145.758654125903,22.8615392147821,12.556744
4787,ARACATUBA,SCS14,4d,B,56.94,73.7954161103694,27.386314,24.385911,21.50803676034802,2789.086,30.291897,33.511133,24.726281,165.769633419932,21.50225848232366,12.7298909
4788,ARACATUBA,SCS14,4d,D,89.0,68.1922597402597,27.354435,24.354395,20.62800399684935,4338.804,30.247871,33.048199,24.342129,165.026886325504,20.59892654364591,12.6733429
4789,MATO G. DO SUL,SCS14,>5d,E,30.01,73.98223209328151,26.21,26.17,20.8076751804553,1128.3,29.43,31.8,23.314521,153.501491985084,20.77057831776512,12.51
4790,PIRACICABA,SCS14,5d,E,25.57,58.1683124539425,27.07,27.54,18.95756468680914,638.504,30.94,33.71,26.0,161.869923601647,18.91924146028934,12.65
4791,PIRACICABA,SCS14,5d,B,83.12,62.2345331833521,26.572926,27.271585,19.32064134725534,3584.68,30.225084,33.088625,25.078415,157.310677510637,19.29961405130345,12.6805903
4792,PIRACICABA,SCS14,5d,C,57.25,74.86,25.989416,26.570966,20.7937468976,2856.415,29.272985,32.258495,26.639811,152.047087849547,20.80335994222253,12.7201555
4793,ARACATUBA,SCS14,5d,C,110.82,73.94454563853469,26.4351,25.08,20.94175710746812,6133.36,29.37,31.95,24.2,156.010498586733,20.92066490213403,
4794,RIB. PRETO,SCS14,>5d,A,90.39,80.2705702257941,27.267922,24.6584,22.4234974110295,5363.73,30.237288,33.1,22.91,164.235580754686,22.3932099067773,12.6763604
4795,GOIAS,SCS14,3d,E,140.49,81.4933769164916,29.0,25.71,23.8138740758036,8941.204,32.69,34.72,27.050229,179.628666272482,23.6490820872824,12.43
4796,GOIAS,SCS14,2d,E,1048.88,91.5002411079392,29.3,25.68,25.7535417116735,82444.21,33.04,35.07,27.805517,182.485220692156,25.5536161503666,12.42
4797,RIB. PRETO,SCS14,>5d,C,25.04,87.5165644171779,27.02,25.03,23.3425879754601,996.736,30.06,32.78,25.06,161.689412696164,23.3040301764394,12.66
4798,RIB. PRETO,SCS14,3d,B,61.73,83.1987532676453,27.13,25.55,22.7723713693947,3552.714,30.37,33.21,23.8,162.780953331449,22.7354158937062,12.67
4799,RIB. PRETO,SCS14,1/½,B,177.73,122.712502262716,25.02,24.37,26.4147677946057,18360.383,27.48,30.53,29.51,143.374399560139,26.5447885085649,12.78
4800,S. J. RIO PRETO,SCS14,5d,B,19.32,90.9877049180328,27.079243,25.422963,23.9107479647131,590.19,30.252287,33.443075,23.922706,162.689766305453,23.9026387951024,12.72384864
4801,S. J. RIO PRETO,SCS14,>5d,I,22.84,80.5936346863469,26.61,24.75,22.0215300276753,755.555,29.48,32.82,24.0,158.539693958071,22.051690234409,12.76
4802,MATO G. DO SUL,SCS14,>5d,D,44.64,59.3149509803922,27.38,26.3,19.27703946078431,1556.36,30.91,33.3,23.05,164.568592243608,19.21877546315374,12.49
4803,MATO G. DO SUL,SCS14,>5d,A,27.87,97.9634530560807,26.26,24.74,24.2583884057971,1376.24,29.05,31.49,24.75,154.245309695862,24.2278980024879,12.53
4804,PARANÁ,SCS14,>5d,D,73.37,76.0426918689914,27.6527,27.27,22.0244104301776,3942.3,31.58,33.32,28.0,166.351603655756,21.88509219241023,12.490888
4805,PARANÁ,SCS14,>5d,B,108.52,47.9138727724824,26.939193,27.3274555,17.36524276725559,3478.407,30.706928,32.644794,25.919973,159.782818081037,17.30745332652128,12.53295803
4806,PARANÁ,SCS14,>5d,C,95.26,51.2385299063176,25.288941,27.569009,17.2143850885179,3279.0,28.71241,30.918581,27.646686,144.439082139252,17.19671488528629,12.61093116
4807,ASSIS,SCS14,5d,C,137.8,83.1567567567568,26.25,25.4,22.1398378378378,8963.52,29.25,31.59,22.1,153.943717862364,22.1002546050819,12.62
4808,GOIAS,SCS14,2d,C,89.99,99.0441082190024,26.88,25.48,24.9521633029876,6800.57,30.03,34.04,26.2,161.623547364828,25.0238482489351,12.84
4809,MINAS GERAIS,SCS14,2d,B,26.139842,93.9215660259853,26.54,26.07,23.9113957001783,1170.358,29.8,32.6,23.0,157.104003944853,23.8871472398031,12.69
4810,MATO G. DO SUL,SCS14,1/½,I,989.81,132.270001329502,26.85,24.68,29.860095197431,117613.21,29.75,32.15,29.2,159.77324850668,29.7726887943631,12.62
4811,GOIAS,SCS14,5d,C,36.72617,110.1707640123804,27.96,24.94,27.6680539363759,2439.387,31.16,33.68,24.026499,170.367769030958,27.5470848807053,12.51
4812,MATO GROSSO,SCS14,>5d,D,100.44156,53.1542492013936,28.29,27.31,18.70402719490701,3651.746,32.39,34.36,23.473576,172.649973019432,18.61142902383888,12.41
4813,MATO GROSSO,SCS14,>5d,B,45.11,107.7842645726367,28.5,24.91,27.8044036544851,3183.417,31.79,33.73999999999999,26.160673,174.877011357823,27.6010547486981,12.43
4814,ARACATUBA,SCS14,1/½,C,36.22,115.576341866226,28.58,24.39,29.1729574814203,2520.619,31.71,34.25,30.0,176.329300619681,29.020627819622,12.6
4815,ARACATUBA,SCS14,1/½,C,18.5,111.5495384615385,28.89,24.17,28.8139170461538,659.072,32.0,34.39,30.0,179.136425425789,28.6383540112487,12.58
4816,S. J. RIO PRETO,SCS14,5d,D,42.76000000000001,91.9862483745124,26.68,25.77,23.7419812613784,2472.377,29.88,33.13,23.0,158.940220326359,23.7531969592297,12.74
4817,S. J. RIO PRETO,SCS14,5d,B,303.99,72.52554539539031,26.342741,25.882586,20.68102221489825,17684.854,29.504227,33.122957,24.20633,156.131091749694,20.72361293658325,12.7994763
4819,PARANÁ,SCS14,1/½,C,37.92,61.551774691358,27.0137,25.06,19.43955479683642,1296.382,30.06,32.37,32.0,161.169689865931,19.39162286301636,12.599962
4820,RIB. PRETO,SCS14,4d,I,219.77763,90.9885802432148,27.28,23.73,24.0694550611632,16424.06,29.96,32.70664,29.311363,164.355287764705,24.0343278730805,12.57
4821,RIB. PRETO,SCS14,2d,B,22.86,82.5218232044199,26.49,24.88,22.2186121823204,777.867,29.38,32.41,24.3,157.057504029786,22.229719653663,12.72
4822,GOIAS,SCS14,5d,A,274.17,92.9745279780295,26.79,24.49,23.9761326879506,21241.092,29.61,32.56,21.8,159.853440036677,23.9723625168978,12.7
4824,RIB. PRETO,SCS14,3d,I,53.24,121.627061105723,28.285362,25.1384,29.8531637510281,4533.02,31.616583,33.94,24.13,173.216064677985,29.6736433736776,12.57423234
4825,ARACATUBA,SCS14,>5d,I,114.71,74.4196962321098,27.373202,24.254034,21.59590598954863,6423.127,30.23829,33.26700200000001,23.28346,165.464553546664,21.5792108147791,12.6983249
4826,ARACATUBA,SCS14,>5d,D,24.62,53.5417591125198,27.265055,24.77385,18.34137237649366,536.257,30.272419,33.38242,23.164831,164.453801011535,18.33319907740923,12.7116483
4827,S. J. RIO PRETO,SCS14,1/½,D,21.24,132.389393939394,26.54,25.44,29.5046178787879,1124.398,29.61,32.81,30.0,157.623156799078,29.5314835905824,12.74
4828,GOIAS,SCS14,>5d,A,61.03,77.8454415663879,27.93,26.64,22.4891788415256,3240.402,31.7,34.95,24.5,170.585394048552,22.4421252971066,12.7
4829,MATO GROSSO,SCS14,4d,B,47.07,117.109181636727,27.06,24.4,27.829442754491,3698.179,29.91,32.22,24.075476,161.69073192584,27.7338703313276,12.51
4830,MINAS GERAIS,SCS14,4d,C,60.76,75.464109926169,27.29,24.57,21.70366240771124,3106.51,30.24,33.75,26.8,165.132670065756,21.71842860634091,12.77
4831,GOIAS,SCS14,4d,E,112.74,44.0401032360532,26.93,25.72,16.78358741314274,3239.72,30.17,32.97,24.856216,160.829848933373,16.76852372443147,12.55
4832,PARANÁ,SCS14,fr,C,31.35,62.2744186046512,26.8208,25.29,19.45107103255814,984.81,29.9,32.23,26.0,159.33946912469,19.40740614776175,12.606136
4833,PARANÁ,SCS14,fr,B,72.53,66.6143234759623,26.6095,25.21,19.97887958822072,3317.805,29.62,32.03,26.0,157.44462129461,19.94335959522267,12.623629
4834,MINAS GERAIS,SCS14,3d,A,89.319954,127.179996097773,26.8,24.68,29.0466394224704,8917.712,29.69,32.08,26.0,159.289493917299,28.9648033346375,12.62
4835,ARACATUBA,SCS14,2d,B,34.6,88.686592920354,28.86,24.37,24.9293595663717,1745.117,32.04,34.58,30.0,178.983706270354,24.8054115070866,12.6
4836,ARACATUBA,SCS14,2d,C,26.63,103.6667122351333,28.7,24.24,27.3083409432673,1353.084,31.8,34.01000000000001,25.0,177.133331573218,27.137229585751,12.56
4837,GOIAS,SCS14,4d,I,133.41,100.2805370233095,28.96,27.0,26.9723790791533,10730.14,33.12,36.98999999999999,25.4,180.807026851375,26.9023749837476,12.75
4838,ARACATUBA,SCS14,3d,C,39.38,90.7796932067202,27.72,24.4,24.3841677720964,2168.988,30.69,33.72,24.0,168.714263055381,24.3459015646202,12.68
4839,PARANÁ,SCS14,5d,C,17.19,41.0146435452794,26.9654,26.24,16.34215746512524,162.586,30.38,32.72,22.0,160.598646689773,16.31153676501467,12.598247
4840,GOIAS,SCS14,4d,C,931.19,67.35047161087479,29.03,28.3,21.42618531533198,50889.6,33.7,38.82,26.7,182.242958200061,21.42302802480382,12.86
4841,GOIAS,SCS14,4d,C,152.98,89.2355653284154,28.3,25.59,24.5893971485317,10900.67,31.79,34.93,24.7,174.124933174364,24.5218108675536,12.68
4842,PIRACICABA,SCS14,3d,I,118.34,119.096943765281,27.236513,25.206892,28.3178397593998,11400.689,30.371151,33.221151,24.731909,163.847839613091,28.2624395399227,12.67
4843,RIB. PRETO,SCS14,2d,A,113.96,102.3601020007846,28.0883,24.604,26.5374042901922,9225.116,31.2022,34.3,24.29,172.227295312466,26.4781547477443,
4844,PIRACICABA,SCS14,1/½,C,17.97,130.220770519263,26.78,24.81,29.4730298827471,717.778,29.7,31.98,29.0,158.957448132581,29.3734227517783,12.6
4845,ARACATUBA,SCS14,1/½,I,20.75,102.9622857142857,26.57,25.24,25.2532050285714,807.92,29.58,32.37,29.8,157.494636792403,25.2345247218068,12.68
4850,PIRACICABA,SCS14,1/½,D,46.98,78.1089193825043,27.85,24.87,22.4782637221269,2324.49,31.0,33.66,28.7,169.485995424231,22.4112289753739,12.63
4853,MATO G. DO SUL,SCS14,5d,C,57.66,81.3366184844503,26.73,24.67,22.2132839027595,3177.91,29.59,32.38,23.43,159.085672023101,22.1984231255947,12.57
4855,RIB. PRETO,SCS14,>5d,D,39.04,104.0516642011834,28.1062,24.62,26.826025139571,2501.077,31.2259,34.51000000000001,23.33,172.58175878708,26.7818181367037,
4856,S. J. RIO PRETO,SCS14,3d,B,74.22999999999999,95.9363972360598,26.414274,25.317461,24.0988222833341,5235.362,29.416348,33.156761,25.489637,157.022218595793,24.1726425481112,12.82
4857,ARACATUBA,SCS14,4d,D,41.51000000000001,88.4641816333446,28.07,24.86,24.2877939884785,2268.458,31.26,34.08,25.0,171.734355346993,24.2139567603377,12.65
4858,PARANÁ,SCS14,3d,C,32.14,109.6053128103277,24.6804,25.16,24.3767440856008,1977.771,27.28,30.32,23.0,140.056609532073,24.499005430808,12.780037
4860,GOIAS,SCS14,4d,E,933.85,57.0515734663991,27.46,26.14,18.9649732579053,41542.793,30.95,33.38,24.76983,165.388852106979,18.9104091396242,12.49
4861,RIB. PRETO,SCS14,5d,B,238.64,86.4599849982351,27.8014,24.541,23.7657200695111,16887.611,30.8359,33.95,25.11,169.547651830756,23.7309957918253,
4863,GOIAS,PS32186155,4d,I,20.38803,83.2014620834689,26.6,25.75,22.3954134641865,609.24,29.78,32.007309,23.864945,157.076546300361,22.3296622106058,12.49
4864,GOIAS,PS32186155,4d,I,101.08197,83.2016135251612,26.28,26.93,22.167590411393,6354.78,29.75,32.043953,23.864958,153.980962874802,22.1092736465419,12.48
4865,MATO G. DO SUL,BULL2472454,>5d,E,13.2807875,108.3625894225233,25.56,24.58,25.0667671256942,135.42,28.18,30.43,24.352401,147.435089475283,25.0508759205094,12.53
4866,S. J. RIO PRETO,PS321841431,>5d,I,277.09,57.5389490361764,27.82,26.25,19.20426173752311,12083.92,31.43,34.045649,24.533104,168.974975678748,19.14847541738952,12.5
4867,S. J. RIO PRETO,PS321841431,5d,I,36.88,79.7387459807074,27.96,25.54,22.8111038585209,1697.34,31.36,33.720163,25.208795,170.123150383935,22.7110639175266,12.48
4868,S. J. RIO PRETO,PS321841431,5d,I,77.5,72.8519083969466,27.62,25.15,21.50506809160305,3997.8,30.82,33.36,24.0,167.145717272079,21.44091297561914,12.51
4871,S. J. RIO PRETO,SCS115,5d,I,14.50295,87.8824586987355,27.34,25.19,23.640369164386,201.93,30.5,32.896376,24.586005,164.335335575111,23.5595798101364,12.5
4872,GOIAS,SCS115,>5d,I,217.53,74.91577871843529,26.18,26.36,20.92145742227412,12943.08,29.45,33.09,23.2,154.545806878347,20.9683804427989,12.8
4873,GOIAS,SCS115,>5d,D,258.27,33.5485442806676,23.27,29.37,14.42852094043123,5318.76,26.64,31.03,23.4,127.606210352744,14.49114554290627,13.01
4874,S. J. RIO PRETO,SCS115,>5d,B,31.93,46.3692925238334,27.39,26.09,17.28943411941796,696.98,30.85,33.54,23.6,165.006249099054,17.25871653325992,12.64
4875,S. J. RIO PRETO,SCS115,>5d,B,23.95,67.5623430962343,26.04,25.52,19.8009529707113,675.97,29.03,32.12,23.0,152.794499068272,19.82287226329376,12.74
4876,PIRACICABA,SCS115,>5d,D,51.37,78.6295148590297,25.091781,24.897759,20.72299016670663,2635.204,27.776289,30.702335,24.220018,143.797948903687,20.78163339486788,12.79134804
4877,S. J. RIO PRETO,SCS115,>5d,D,55.48,66.9963201471941,26.98,26.81,20.23844875804968,2403.24,30.59,33.07,24.23,160.814979108762,20.18427623376345,12.5
4878,MATO G. DO SUL,BULL24758540,>5d,I,33.12,59.0606060606061,26.81,25.24,18.96967575757576,1005.92,29.87,31.67,24.1,158.623972532894,18.90021301041165,12.53
4879,RIB. PRETO,BULL24855536,4d,I,33.77,85.4060633899862,23.49,23.51,20.43435668350942,1610.05,25.45,28.76,40.87,129.609429866039,20.6332452640066,12.76
4880,MATO G. DO SUL,BULL24855536,5d,A,49.725803,112.492811246456,27.66,24.91,27.7371742411951,3803.172,30.79,32.55,25.267744,166.680479216579,27.5442762014231,12.42
4881,ARACATUBA,BULL24855536,4d,B,30.13,64.2090457804744,25.72,25.05,19.16308108108108,958.55,28.5,31.18,24.3,149.397094086478,19.17337117526506,12.7
4882,MATO G. DO SUL,BULL24855536,>5d,B,616.57,70.96802686206729,25.84,24.78,20.16117491771011,35662.3,28.57,31.03,22.64,150.303515114243,20.15548539437502,12.55
4883,MATO G. DO SUL,BULL24855536,>5d,A,262.78,78.4002711539995,26.01,24.58,21.30267798867533,16663.86,28.72,31.24,23.23,152.003303612935,21.29625732235463,12.55
4886,GOIAS,BULL24855536,>5d,C,213.91,59.3208855430637,27.42,25.93,19.29688055074043,9566.56,30.84,33.07,22.532444,164.819340438413,19.23154651765262,12.47
4887,MATO G. DO SUL,BULL24855536,>5d,A,30.83,84.4022304832714,24.27,24.54,20.8837536802974,1375.334,26.63,29.0,24.458331,135.469926282327,20.93949806044556,12.59
4889,MINAS GERAIS,PS321813250,>5d,D,64.65630300000001,97.9343277480001,27.82,26.285,25.5948106497336,4536.984,31.445,33.75,24.75,168.648612378646,25.461493197416,12.5825
4890,MATO G. DO SUL,PS321813250,>5d,C,30.69,62.9298020331728,27.4,26.6,19.84318951310861,963.878,31.04,33.32,25.502641,164.603990692334,19.7720910354327,12.47
4891,PARANÁ,BULL24867515,2d,E,201.49,56.4110348831073,26.646547,25.78396,18.50468309734071,8427.447,29.844454,32.13905,22.815081,157.58951092178,18.46578084816171,12.60195965
4892,PARANÁ,BULL24867515,2d,D,59.33,75.3612719205578,25.381613,24.054475,20.47876020028671,3010.889,27.822257,30.604353,26.562131,146.490315685324,20.52147746281947,12.7258861
4893,PARANÁ,BULL24867515,>5d,E,122.47,44.2522856884222,26.315831,25.821963,16.61718271279171,3574.91,29.49528,31.63392,26.009888,154.272134131729,16.58860151551804,12.6147494
4896,SÃO CARLOS,BULL24867515,2d,E,64.88,53.7385968229955,26.394,26.47,18.00785362670197,2219.137,29.75,32.12,22.74,155.200659913267,17.97699460890676,12.62
4897,SÃO CARLOS,BULL24867515,2d,C,12.7,53.6828571428571,26.394,26.47,17.99983045714286,41.178,29.75,32.12,22.74,155.200659913267,17.9690126499276,12.62
4898,PARANÁ,BULL24867515,>5d,D,16.06,27.0174876847291,26.2708,26.92,14.14311563251232,72.971,29.74,31.76,23.0,153.584641509792,14.12624561022009,12.561546
4899,MATO G. DO SUL,BULL24867515,>5d,E,94.0,26.343012195122,27.17,26.57,14.17583495,1188.127,30.74,32.98,25.659636,162.386596980088,14.15699679446829,12.47
4900,MATO G. DO SUL,BULL24867515,3d,I,70.37,43.2897892753127,27.21,26.36,16.75917694877506,1838.385,30.72,32.75,22.782575,162.559940600582,16.7109888146958,12.45
4901,GOIAS,BULL24867515,2d,E,71.220715,97.2719356731846,27.12,25.42,24.8931166737855,5061.865,30.3,32.59,25.553623,162.108194787695,24.8000163299542,12.49
4902,PIRACICABA,BULL24867515,>5d,E,15.83,44.4767624020888,26.518,26.46,16.71497636553525,136.386,29.9,32.67,25.51,156.808593800071,16.70291429462549,12.67
4903,ASSIS,BULL24867515,4d,E,317.41138,52.2512015105659,26.49,25.36,17.83239909888099,12305.175,29.52,32.55,28.001009,156.985217755868,17.8358292159447,12.59
4904,ASSIS,BULL24867515,4d,D,292.552,61.6655415038923,26.59,24.95,19.24620250541789,13945.767,29.52,32.2,27.618365,157.601346319603,19.23136970865883,12.56
4905,S. J. RIO PRETO,BULL24867515,3d,I,22.05,81.9574129353234,27.29082,25.060647,22.697062088597,715.072,30.391846,33.41214,17.4926662,164.560229286399,22.6727189576962,12.7001467
4906,MINAS GERAIS,BULL24867515,4d,C,94.44114,110.1411707795404,27.61,25.89,27.3198367586863,8102.87,31.05,33.42,23.0,166.77597281462,27.1898951805691,12.6
4907,MINAS GERAIS,BULL24867515,5d,C,299.86,69.977419578962,29.1,26.47,21.9141387480025,16701.38,33.09,37.9,26.4,182.992355737747,21.91369555340246,12.84
4908,PARANÁ,BULL24867515,5d,C,260.22,42.6376399967771,27.159,25.82,16.64435984711143,7616.875,30.48,32.81,27.0,162.471606052092,16.61009489596086,12.59516
4909,MATO G. DO SUL,BULL24867515,2d,I,188.48,88.7099954669084,26.25,26.24,22.9311743540345,13549.78,29.5,32.04,24.7,154.061155149845,22.8975105675684,12.65
4910,PARANÁ,BULL24867515,5d,C,122.37,22.3184651626348,26.403038,26.147203,13.48617245839105,1150.849,29.659672,31.89187,23.621821,155.171160751085,13.47730663450405,12.595844
4911,MATO GROSSO,BULL24867515,5d,E,211.85692,27.9937419229717,28.03,27.52,14.56379683025236,3208.46,32.14,34.33,25.440274,170.380704789048,14.53310011797439,12.44
4912,MATO GROSSO,BULL24867515,5d,B,113.78,65.6561996462959,27.17,26.2,20.13964548634309,5473.128,30.62,32.78,23.427041,162.342583200518,20.06681165954687,12.46
4913,MATO GROSSO,BULL24867515,>5d,E,110.18,21.30765940110002,28.5,29.06,13.5357638011815,925.826,33.32,35.71,25.355278,174.86435062375,13.5158859041872,12.43
4914,GOIAS,BULL24867515,5d,D,68.49238199999999,37.4763553783234,28.17,26.86,16.11952666467489,1451.22,32.08,33.96,22.986229,171.46143570109,16.06249620505864,12.41
4915,MATO G. DO SUL,BULL24867515,1/½,I,138.21,123.719990492037,26.69,25.43,28.4116666032802,14112.18,29.78,32.32,29.8,158.323047937148,28.3472095243041,12.64
4916,ASSIS,BULL24867515,1,E,162.01538,72.8149111111141,24.07,25.3,19.34035977111147,9135.172,26.58,29.46,23.299933,134.137216092872,19.42776394004691,12.65
4917,RIB. PRETO,BULL24867515,2d,I,14.69,58.003717472119,27.95,25.73,19.33759293680297,135.75,31.41,33.611952,24.357472,169.837391839453,19.26110678071831,12.46
4918,GOIAS,BULL24867515,5d,E,66.12,49.2937361419069,27.1,26.13,17.63135415742794,2030.337,30.51,33.19,24.659977,162.25043692209,17.60340014977866,12.53
4919,MATO G. DO SUL,BULL24867515,3d,D,57.77,53.2421892069041,27.52,26.19,18.40078776491151,1899.655,31.04,33.07,23.968041,165.519995320134,18.33150069403601,12.44
4920,PARANÁ,BULL24867515,>5d,E,1216.1,39.5580798936965,27.70214,26.647058,16.32720828622008,33194.684,31.42434,33.280836,26.574607,167.010616490839,16.2717949536257,12.51032764
4921,MINAS GERAIS,BULL24867515,>5d,B,44.419807,82.0546736752628,28.24,25.71,23.3768790048627,2283.159,31.76,34.0,24.0,172.63029618165,23.2529029813663,12.57
4924,MATO G. DO SUL,BULL24867515,5d,E,651.78,35.8483384913564,26.84,27.12,15.53909343211729,15269.69,30.51,33.32,24.31,159.796216182635,15.52469419126517,12.53
4925,MATO G. DO SUL,BULL24867515,5d,D,31.18,66.63399374348279,27.19,25.72,20.29890364963504,1059.88,30.48,33.08,23.18,163.071409886021,20.25363446253197,12.52
4927,PIRACICABA,BULL24867515,3d,E,49.58,50.6221394358701,26.886,27.058,17.74929167642363,1463.42,30.551,33.222,22.824,160.095031980619,17.7197469749151,12.647
4928,SÃO CARLOS,BULL24867515,3d,I,101.58674,74.14312519910871,25.05,24.63,20.10967783848369,5579.2,27.58,30.540018,23.92645,143.506440476967,20.1722211950493,12.64
4929,MATO G. DO SUL,BULL24867515,4d,E,219.13,42.2139719017042,26.25,25.98,16.30549099599286,6270.22,29.42,32.25,25.11,154.417240985408,16.30299051745135,12.56
4930,PARANÁ,BULL24867515,>5d,D,233.45,27.9990517046737,26.07644,26.446971,14.25209691377738,3554.99,29.363853,31.781523,26.682246,152.256586352318,14.24397237697177,12.6328576
4932,MATO G. DO SUL,BULL24867515,>5d,C,60.7,93.7238193018481,26.19,24.94,23.5966099589322,3991.95,29.03,31.41,25.26,153.486673114963,23.5628313072669,12.53
4933,MATO G. DO SUL,BULL24867515,>5d,D,42.72,63.4876302083333,26.26,25.58,19.34213606770833,1593.7,29.31,31.9,22.66,154.30188471649,19.32678681823153,12.54
4934,MATO G. DO SUL,BULL24867515,>5d,B,46.32,64.8980186480187,25.85,24.93,19.32637558275058,1827.46,28.62,31.11,22.65,150.413632416648,19.32180690871586,12.55
4935,PARANÁ,BULL24867515,4d,E,71.42,49.6698418041064,27.008637,26.591683,17.65372981485258,2250.342,30.547699,32.497335,26.01823,160.534868702936,17.59528500643329,12.5373508
4936,PARANÁ,BULL24867515,4d,E,64.99000000000001,38.2100207586337,26.7752,26.99,15.87258298712965,1400.869,30.39,32.68,29.0,158.652201091545,15.84375723490873,12.590701
4937,PARANÁ,BULL24867515,5d,D,140.74,45.1942519807364,26.909975,25.943555,16.9492546717648,4285.428,30.21601,32.380062,24.338878,159.914869965744,16.90992346534075,12.5754486
4938,ASSIS,BULL24867515,2d,I,138.95,88.5934619929106,26.89,26.18,23.4047664907444,9735.54,30.27,32.86,26.97,160.164356017472,23.3484209713283,12.52
4943,SÃO CARLOS,BULL24867515,5d,A,95.32,30.1935309649544,26.68,27.35,14.6708103456553,1527.885,30.39,32.78,23.25,157.814622016729,14.65288284080449,12.61
4945,ARACATUBA,BULL24867515,fr,D,94.62,94.8395061728395,26.9585,25.27,24.3915475308642,6856.2,30.06,32.58,26.9,160.856425827258,24.331192806184,
4946,ARACATUBA,BULL24867515,fr,C,41.82,112.762575452716,26.4114,25.37,26.5212977987928,3016.74,29.43,31.91,25.6,155.633380534615,26.4728693436479,
4948,GOIAS,BULL24867515,1/½,I,22.3874855,75.8643490765884,27.86,25.96,22.1288857635469,675.39,31.38,33.96,30.232613,169.354113752395,22.0493180493201,12.51
4949,ASSIS,BULL24867515,5d,E,104.43,39.4157740993184,27.09,26.45,16.13704031158715,2546.04,30.6,33.17,26.700899,161.997652951343,16.11230176874198,12.51
4951,ASSIS,BULL24867515,>5d,E,107.4,54.8823165618449,27.0,25.62,18.43234748427673,4102.973,30.22,32.87,24.673733,161.343772613991,18.40420693377335,12.53
4952,ASSIS,BULL24867515,>5d,D,92.76977,55.2925462088106,27.03,25.27,18.50686969518423,3508.729,30.15,32.83,25.082769,161.706554802596,18.48117794155323,12.54
4953,GOIAS,BULL24867515,4d,D,86.0,66.33351351351351,28.06,25.07,20.72596227027027,4032.68,31.32,33.59,24.766067,171.030941434591,20.64070980550311,12.48
4954,SÃO CARLOS,BULL24867515,>5d,I,23.05,76.1031674208145,25.22,24.67,20.47443873303167,720.34,27.8,30.79,23.8,145.125875229608,20.53379026788604,12.63
4956,RIB. PRETO,BULL24867515,2d,I,43.42,38.1394016549968,28.416,27.23,16.29104417568428,833.3,32.52,34.98,28.5,174.344612717228,16.24359103834052,
4960,RIB. PRETO,SCS12,>5d,B,52.83,79.791329904482,26.988232,24.2872,22.1607218019691,2779.92,29.787827,32.43,24.09,161.407518749806,22.1285343937782,12.6545956
4961,RIB. PRETO,SCS12,2d,I,95.01,113.473196000482,26.690596,24.8776,26.907017272719,8435.29,29.614992,32.56,22.79,158.853245989998,26.90166821365,12.70231205
4962,MATO G. DO SUL,SCS12,>5d,I,327.11,63.8468153977976,26.12,24.39,19.32077033416902,16349.45,28.79,30.79,24.0,152.431834859863,19.28094341795333,12.58
4963,RIB. PRETO,SCS12,4d,C,35.63,93.1049513330512,27.000472,23.9816,24.166125515328,1928.51,29.70815,32.27,22.91,161.474047204992,24.1230853241151,12.64450485
4964,RIB. PRETO,SCS12,>5d,B,86.89,91.6984644144746,27.4324,24.978,24.2993858222994,5980.618,30.5381,33.65,23.68,166.001587512795,24.2736900421611,
4965,S. J. RIO PRETO,SCS12,4d,I,29.11,87.1478667445938,27.32,25.48,23.5126531852718,1297.78,30.56,32.706532,25.536546,163.834137033989,23.4100114971106,12.47
4966,RIB. PRETO,SCS12,4d,B,183.3,81.8735726795096,27.449,24.83,22.7947682432574,11981.343,30.5098,33.77,25.66,166.33306624173,22.7838027208931,
4967,ARACATUBA,SCS12,>5d,I,26.12,36.3590651558074,25.96,26.53,15.40052549575071,355.95,29.23,32.23999999999999,24.8,151.801813963398,15.40544149523446,12.73
4968,ASSIS,SCS12,4d,D,64.61,74.8460368751188,25.48,25.17,20.47164577076601,3318.33,28.25,30.39,23.8,146.466139516706,20.45066396252179,12.61
4969,ASSIS,SCS12,4d,C,33.23999999999999,74.9232580037665,25.48,25.17,20.48205517890772,1348.49,28.25,30.39,23.9,146.466139516706,20.46104758958017,12.61
4972,MATO G. DO SUL,SCS117,5d,D,30.658306,106.3080792007592,25.67,24.44,24.8919144267438,1771.629,28.27,30.42,25.5286665,148.364925749119,24.8603142177536,12.52
4973,PIRACICABA,SCS117,>5d,B,17.71,26.5096322241681,27.51,27.12,14.25044395796848,94.85,31.35,34.34,24.6,166.300696278618,14.23884635493581,12.67
4974,PIRACICABA,SCS117,>5d,A,21.98,28.5430861723447,27.03,27.48,14.48642585170341,177.1,30.87,33.88,24.2,161.739137739337,14.47714745899445,12.69
4975,GOIAS,SCS117,>5d,I,53.8,50.0605023923445,26.94,26.48,17.68623905741627,1602.929,30.43,34.12,29.056952,161.706142385596,17.69789099041563,12.64
4976,ASSIS,PT35931092,5d,A,20.05,112.664596273292,26.92,25.71,27.0191577639752,822.35,30.16,32.08,26.7,159.756641931188,26.8738627067004,12.54
4977,RIB. PRETO,SCS19,>5d,I,17.63,66.9964476021314,27.63,24.86,20.59594476021314,321.63,30.73,33.19811199999999,23.47,167.200942392337,20.53550049608156,12.51
4980,RIB. PRETO,SCS114,>5d,A,18.07,81.9011532125206,27.543409,24.6088,22.8650221395387,436.3,30.550295,33.3,22.36,166.720425195446,22.8151361466932,12.65379286
4981,MATO G. DO SUL,SCS114,>5d,B,84.87,70.6271442294497,25.82,25.61,20.10227133250995,4284.16,28.79,31.23,24.65,149.976979281651,20.08919626468916,12.53
4982,RIB. PRETO,PS321801816,>5d,I,195.01,62.5764712310803,28.0304,25.14,20.10761064422709,9268.0,31.31,33.73999999999999,23.4,170.913366753058,20.03727732182015,
4983,RIB. PRETO,PS321801816,>5d,B,53.7,83.7117505995204,28.2873,25.69,23.6799079553957,3002.38,31.81,34.44,23.8,173.484297993999,23.5803217034843,
4984,RIB. PRETO,PS321801816,>5d,I,19.02,50.1680911680912,26.8634,25.19,17.67307606267806,279.94,29.92,32.36,22.7,159.879335730905,17.64427196805396,
4985,RIB. PRETO,PS321801816,>5d,B,62.46,69.14447086801431,26.9132,25.19,20.5220692294887,2895.51,29.98,32.73,22.8,160.692584916817,20.49695908706879,
4986,MATO GROSSO,PS321801816,1/½,B,14.29,124.841048034935,27.75,24.13,29.7724650655022,270.406,30.64,32.57,30.751371,167.816945923079,29.582547479563,12.45
4987,MATO GROSSO,PS321801816,3d,E,115.7,118.181166827387,27.22,24.71,28.1607735911283,11022.987,30.2,32.66,24.666824,163.33351120321,28.0687687996422,12.52
4988,RIB. PRETO,PS321801816,>5d,B,55.36,81.8874538745388,27.543193,24.6096,22.8627418385055,3042.32,30.550295,33.3,22.36,166.718274835757,22.8128662961322,12.65379286
4989,MATO G. DO SUL,PS321801816,2d,E,73.57,96.8543121650154,28.52,24.66,26.0179323696606,5236.48,31.73,33.76000000000001,27.0055065,175.181385407368,25.8466442168765,12.44
4990,MATO G. DO SUL,PS321801816,4d,D,22.75,82.5475348837209,26.7,26.15,22.370487627907,770.386,30.03,32.12,24.260424,157.817703344488,22.2870795133594,12.46
4991,MATO G. DO SUL,PS321801816,4d,C,101.6,63.0432366071429,26.69,26.2,19.49825145758929,4585.474,30.03,32.16,24.273923,157.763109189778,19.44022087096666,12.47
4992,MATO G. DO SUL,PS321801816,4d,C,74.6,78.6576677316294,27.95,26.04,22.6318980031949,4184.77,31.52,33.56,23.217585,169.628055712021,22.5071185628346,12.44
4993,GOIAS,PS321801816,>5d,B,119.99,101.2903509584221,27.86,24.89,26.1614496620057,9654.465,31.02,32.97,23.626992,168.80035887484,26.000759074341,12.44
4994,MINAS GERAIS,PS321801816,>5d,B,206.40376,70.7914451860396,26.99,26.425,20.81283763338734,11441.278,30.46,32.8675,24.5,160.883040110105,20.75304909176418,12.6175
4995,RIB. PRETO,PS321801816,3d,A,16.02,167.89552238806,28.4517,25.69,37.6474636567164,638.7,32.01000000000001,34.16,23.4,174.547024084528,37.3403532322821,
4996,PIRACICABA,PS321801816,1/½,I,49.83,115.629209621993,27.49636,27.350006,28.0587553881787,3932.293,31.374887,34.353855,30.678131,166.134697108176,27.9728568366456,12.66609347
4997,RIB. PRETO,PS321801816,4d,B,40.23,99.5841303577754,28.2839,25.93,26.2621122033298,2484.5,31.89,34.21,24.2,173.104615313214,26.1102076288318,
4998,SÃO CARLOS,PS321801816,3d,C,30.42,65.2385450597177,28.355,26.64,20.70716404451683,992.654,32.23,34.38,23.61,173.523221491485,20.59926130556516,12.54
4999,PIRACICABA,PS321801816,2d,C,24.29,125.794222945484,26.307816,26.538632,28.2814680376697,1410.531,29.66377,32.51586,24.579315,154.904541028196,28.2617112016846,12.68696356
5000,PARANÁ,SCS19004M,3d,E,33.19,81.8514865502596,26.712573,24.020499,22.2769509502921,1492.153,29.38,31.468714,26.2821455,158.190291511934,22.2116091813244,12.57901204
5001,PARANÁ,SCS19004M,fr,C,148.2,70.3877973568282,25.677576,23.784395,19.98603535820617,7964.418,28.091547,30.839504,25.8204365,149.269063895793,20.01483828610908,12.7112532
5002,PARANÁ,SCS19004M,5d,D,104.72,50.0615185504745,26.377597,25.549309,17.47233174926747,3541.064,29.443968,31.12345,24.327573,154.342299497039,17.41776407282377,12.5124022
5003,PARANÁ,SCS19004M,4d,E,20.73,22.5979381443299,25.1661,25.57,13.39533513402062,104.52,27.98,30.35,22.0,143.741009608805,13.39618307090568,12.654156
5004,PARANÁ,SCS19004M,fr,A,28.76,87.9487470167065,25.529359,24.17827,22.275378639892,1284.901,28.026133,30.050913,26.26101,146.911208542303,22.2463372472975,12.59590423
5008,MATO GROSSO,BULL24855156,1,D,12.63,76.3761904761905,28.03,25.51,22.3195033333333,52.557,31.44,33.94,22.67962,170.93648680691,22.2317255482982,12.5
5009,GOIAS,BULL24855156,fr,D,38.018347,109.6353340202589,27.15,26.0,26.7917531040692,2552.31,30.53,32.79,24.6392975,162.287104749483,26.6733316711534,12.48
5010,MATO GROSSO,BULL24855156,3d,I,35.1,104.6585281385281,27.7,25.27,26.5473889177489,2152.412,30.96,33.19,25.287489,167.550869248031,26.4131145951912,12.47
5011,GOIAS,BULL24855156,4d,E,71.42,123.116560080781,28.44,25.23,30.2675624772804,6614.546,31.84,34.13,22.9045515,174.635543017796,30.0715020870074,12.47
5013,S. J. RIO PRETO,BULL24855156,3d,B,17.26,92.3557034220532,26.95,25.03,24.013177661597,434.671,29.97,33.44,26.0,161.82318268096,24.0391472332593,12.77
5014,RIB. PRETO,BULL24855156,5d,C,44.49,60.6992920898738,28.5364,25.17,20.05310973714989,1594.24,31.93,34.19,23.2,175.526056564933,19.96360319296088,
5015,RIB. PRETO,BULL24855156,2d,C,35.07,129.012570437798,27.6319,24.56,30.2912879982661,2711.48,30.64,32.98,25.9,167.114846240872,30.1503868717082,
5016,RIB. PRETO,BULL24855156,>5d,C,60.75,78.0588717948718,28.7112,25.45,23.0392301833846,3232.37,32.23999999999999,34.54,23.1,177.19380254125,22.9125162233798,
5017,SÃO CARLOS,BULL24855156,5d,C,29.21,31.7174898314933,26.457,27.87,14.85055750493899,351.338,30.28,32.9,17.77,155.882426739514,14.83700028616695,12.64
5018,RIB. PRETO,BULL24855156,3d,A,21.3,108.8140860215054,27.24,25.03,26.7544667096774,912.371,30.32,33.02,25.0,163.744513408659,26.6910063744374,12.65
5019,RIB. PRETO,BULL24855156,3d,B,90.38,97.1747894871141,27.7,25.37,25.3724419494769,6688.0,30.99,33.81,26.3,168.167606748625,25.3015430295205,12.65
5020,RIB. PRETO,BULL24855156,3d,B,23.78,91.0033955857386,28.6905,24.38,25.1860617402377,942.66,31.84,33.98,23.4,176.950944788487,25.0316847433662,
5021,RIB. PRETO,BULL24855156,5d,D,245.33,43.623588908413,27.04,25.71,16.75618777182531,7390.732,30.3,33.18,23.5,161.95349194596,16.74206758468004,12.68
5022,ARACATUBA,BULL24855156,3d,I,24.94,80.0490726429676,27.7,24.43,22.6837044049459,892.555,30.68,33.6,26.0,168.404966299215,22.6432129134162,12.67
5023,RIB. PRETO,BULL24855453,1/½,I,32.8,146.029326923077,24.48,23.31,28.72686,2799.81,26.56,29.07,25.55,137.81172810227,28.8624612365764,12.61
5024,MATO G. DO SUL,BULL24855453,>5d,D,26.495434,62.7361145585569,26.57,25.24,19.39225189118173,747.442,29.58,31.89,29.296719,156.952948153383,19.35434938311059,12.51
5025,MATO G. DO SUL,BULL24855453,4d,A,26.61503,62.7426259131866,25.6435,24.748,18.92307016646562,753.605,28.3225,30.8,21.05,148.479609639627,18.92533377672134,12.66301227
5026,MATO G. DO SUL,BULL24855453,>5d,I,29.62,58.9892167990919,26.81,25.24,18.95910300794552,839.95,29.87,31.67,24.1,158.623972532894,18.88974563329226,12.53
5027,RIB. PRETO,BULL24855453,5d,A,77.29,79.6661816510951,27.22,25.29,22.2987928472967,4429.925,30.38,33.15,24.2,163.594816327209,22.2578423789613,12.66
5031,RIB. PRETO,PS321803280,5d,A,25.95,72.8516129032258,27.6917,25.94,21.54865254193548,860.88,31.17,33.56,25.9,167.564340981645,21.46634105896048,
5032,RIB. PRETO,PS321803280,5d,I,30.49,45.9718766901028,26.7104,26.53,16.99739894862088,640.14,30.16,32.91,23.4,158.592109371088,16.98000906329665,
5034,RIB. PRETO,PS321803280,4d,I,35.64,81.414551607445,27.1236,25.49,22.4979791269036,1652.96,30.33,33.03,23.5,162.581942789988,22.452578038945,
5035,SÃO CARLOS,PS321803280,3d,B,54.43,68.7319820881452,26.957,25.81,20.48540256092388,2419.138,30.23,32.65,22.553,160.661372045442,20.43385429608112,12.61
5036,RIB. PRETO,PS321803280,3d,A,60.11,80.8219704843068,27.31,25.56,22.5366436811474,3323.025,30.58,33.34,25.1,164.395701116874,22.4881724442008,12.65
5037,RIB. PRETO,PS321803280,3d,B,57.3,58.0350110375276,27.3376,24.6,19.06066585289183,2097.386,30.2982,33.39,25.1,165.145280981959,19.05004470034974,
5040,SÃO CARLOS,PS321803280,3d,I,17.48,50.6222627737226,24.99,24.17,17.01703193430657,223.65,27.39,30.530876,25.274368,143.235992059983,17.06863097071085,12.67
5041,RIB. PRETO,PS321803280,5d,B,118.63,58.8638281909406,26.98,25.36,19.02020146300291,5009.09,30.12,32.9,24.9,161.330165426395,18.99818321626732,12.67
5042,RIB. PRETO,SCS19005HP,5d,I,63.74,46.717626594511,26.90376,26.3392,17.1742317453421,1808.29,30.336496,32.77,21.51,160.10502679805,17.14185501714474,12.61287373
5043,RIB. PRETO,SCS19005HP,4d,A,91.6,70.6670854271357,27.077542,27.1776,20.84555444545226,4681.9,30.829325,33.53,22.42,161.919202839927,20.79532268017806,12.6412515
5044,RIB. PRETO,SCS19005HP,2d,A,16.1,95.8414634146342,26.22,24.86,23.922256097561,355.75,29.04,31.94,27.0,154.37981521117,23.9373320680097,12.71
5045,RIB. PRETO,SCS19005HP,4d,C,154.72,70.9389784192825,26.37,25.53,20.4695311988509,8423.771,29.44,32.47,22.86,155.828152123848,20.47708435411274,12.72
5046,RIB. PRETO,SCS19005HP,4d,A,135.27,92.7597144479598,26.26,24.73,23.5163352802791,9967.25,29.06,32.03,23.5,154.851959701409,23.5366834738173,12.72
5047,RIB. PRETO,SCS19005HP,>5d,A,211.57,60.7629453324648,27.68,25.57,19.64602982813048,9743.621,31.03,33.61,24.59,167.701354875516,19.5924566559855,12.62
5048,RIB. PRETO,SCS19005HP,5d,B,12.53,32.188679245283,26.91,25.88,15.0101320754717,22.7,30.2,32.92,23.6,160.532901418022,14.99868310409969,12.66
5049,RIB. PRETO,SCS19005HP,5d,A,178.18,72.0982187988928,27.04,25.88,21.03877210735347,9999.122,30.35,33.07,25.6,161.761205008624,21.00038166619412,12.65
5050,RIB. PRETO,SCS19005HP,5d,A,23.92,80.0152684563758,25.37,24.28,21.09364139261745,822.742,27.86,30.98,24.7,146.749143287581,21.1649991549715,12.77
5051,PIRACICABA,SCS19005HP,>5d,I,21.83464,53.583626853652,25.7808,27.5777,17.73055644944807,420.96,29.3333,31.86,22.75,149.44055399824,17.71527671202202,12.6473852
5052,ASSIS,DIVERSAS,1/½,C,13.13,134.548672566372,26.98,25.14,30.3577911504425,150.48,30.05,32.37,28.0,160.851502517172,30.2415540429894,12.6
5053,RIB. PRETO,DIVERSAS,>5d,I,32.15,67.7880893300248,26.830256,26.1192,20.27351646515137,1136.13,30.17509,32.65,22.04,159.483648747385,20.22783097103709,12.62208664
5054,RIB. PRETO,DIVERSAS,>5d,C,19.72,98.3367875647668,26.595392,24.2832,24.601192585285,678.52,29.320406,31.94,24.0,157.67829486895,24.577395996898,12.66161233
5056,MATO G. DO SUL,DIVERSAS,1/½,I,63.68,113.130030959752,25.62,25.67,25.7739102167183,5238.4,28.56,31.08,29.5,148.179494761516,25.7718365213155,12.67
5058,PIRACICABA,DIVERSAS,1/½,C,15.65,120.858082191781,26.78,24.81,28.0892245479452,409.332,29.7,31.98,29.0,158.957448132581,27.9975059675108,12.6
5059,PIRACICABA,DIVERSAS,2d,I,16.34,97.5483870967742,28.0318,24.8391,25.7149463225806,383.28,31.2089,33.54,24.91,170.857618013818,25.5900129991176,12.5822015
5060,MATO G. DO SUL,DIVERSAS,2d,D,12.53,99.622641509434,26.71,23.46,24.8892905660377,58.44,29.21,31.3,24.49,158.236144501882,24.8135972654102,12.5
5061,S. J. RIO PRETO,DIVERSAS,1/½,I,51.25,121.96101910828,28.21,25.05,29.8246811974522,4327.97,31.5,33.76000000000001,27.77,172.443777260234,29.6425612571172,12.47
5062,S. J. RIO PRETO,DIVERSAS,4d,I,110.05,75.8242733299337,27.24,25.62,21.7268192554819,6269.97,30.51,33.43,24.84,163.895136157718,21.69459668761772,12.56
5063,MINAS GERAIS,DIVERSAS,4d,D,12.14,71.7857142857143,27.3,24.57,21.14721428571429,20.37,30.25,33.75,26.8,165.21688718413,21.16018104093694,12.77
5064,GOIAS,DIVERSAS,4d,C,98.33,91.4429514653076,27.86,26.08,24.5996521023978,6870.31,31.43,34.55,21.6,169.879269274972,24.5423951263898,12.69
5065,GOIAS,DIVERSAS,2d,D,42.79,112.583306268269,26.43,25.22,26.5141710945112,3108.96,29.41,32.14,24.1,156.11120990099,26.4951819621621,12.68
5066,GOIAS,DIVERSAS,>5d,E,16.9,63.1471428571429,27.48,26.21,19.91757771428572,262.621,31.0,34.21,28.622177,166.365247825498,19.89534138270901,12.57
5067,S. J. RIO PRETO,DIVERSAS,>5d,C,13.14,115.210526315789,26.49,25.53,26.9552052631579,129.66,29.58,32.19,23.41,156.498774046121,26.9137945212865,12.54
5068,S. J. RIO PRETO,DIVERSAS,fr,C,12.95,46.7789473684211,22.05,26.11,15.49528421052632,45.04,24.32,27.71,25.67,115.900079935168,15.61353541163995,12.78
5069,MATO G. DO SUL,DIVERSAS,3d,E,91.65,74.2401757689893,26.87,24.84,21.25511413684871,4969.43,29.82,32.22,23.7,159.941842612511,21.20792628779084,12.52
5070,PIRACICABA,DIVERSAS,>5d,B,34.0,87.4817727272727,27.95277,25.478998,24.0414335951045,1672.599,31.334991,34.145325,25.0,170.530697097759,23.9661780486292,12.646778
5072,MATO G. DO SUL,DIVERSAS,4d,B,16.46,86.6816143497758,25.55,24.66,22.1193587443946,345.08,28.19,31.15,25.34,148.18555862368,22.1705573691425,12.62
5073,RIB. PRETO,DIVERSAS,4d,B,147.63,71.4936813389368,26.44,24.96,20.59088758534248,8081.128,29.34,32.38,23.5,156.5867752745,20.60199953400558,12.72
5074,PARANÁ,DIVERSAS,>5d,B,13.04,26.8076923076923,26.9626,27.96,14.21561576923077,27.4,30.95,32.73999999999999,27.0,159.776913861131,14.18823507063598,12.507009
5075,S. J. RIO PRETO,DIVERSAS,2d,I,13.45,124.848275862069,26.2,25.17,28.0244551724138,175.63,29.11,31.92,27.91,154.04400406777,28.0294209555925,12.58
5076,MATO G. DO SUL,DIVERSAS,4d,C,88.91709,36.7176407739814,27.76,26.88,15.89550018597947,1913.209,31.58,33.96,20.073688,168.086403718409,15.85808765681426,12.47
5077,MATO G. DO SUL,DIVERSAS,4d,D,36.29944,29.3776021175797,28.57,26.44,14.87946867088295,434.266,32.42,34.75,,175.769934737191,14.84592876468489,12.46
5078,MATO G. DO SUL,DIVERSAS,5d,C,33.34,79.1021555763824,27.74,24.97,22.5618792877226,1443.96,30.91,33.8,22.88,168.673180322534,22.5131081206493,12.55
5079,GOIAS,DIVERSAS,5d,E,14.56,53.085546875,27.51,26.21,18.3723683203125,117.179,31.04,34.18,27.619405,166.578502826412,18.35094232374187,12.57
5081,MINAS GERAIS,DIVERSAS,3d,I,16.73,94.8604651162791,26.23,25.48,23.7910441860465,403.93,29.25,32.61,25.1,154.873145070923,23.8385352532023,12.78
5082,PARANÁ,BULL2492579,5d,A,40.05,32.5294830659537,26.1142,26.16,14.89757229889483,587.852,29.31,31.5,24.0,152.39051252806,14.88214464956536,12.596189
5086,PIRACICABA,BULL2492579,2d,D,28.16,117.210086633663,25.616,25.72,26.3254053960396,1712.195,28.57,31.45,24.48,148.549115041051,26.3663442232191,12.72
5087,MATO G. DO SUL,BULL2492579,3d,D,123.6,91.0017025089606,25.5,24.17,22.6652298387097,8828.59,27.99,30.74,22.5,147.545278341427,22.7083077560237,12.6
5088,ASSIS,BULL2492579,4d,I,343.76,66.9077435495539,26.56,25.79,19.99456746081505,18228.193,29.75,33.3,23.19,158.113640782702,20.02277031718824,12.64
5090,ASSIS,BULL2492579,3d,D,24.59,93.6705321683876,27.15,24.65,24.3730856235107,1040.232,30.09,32.55,25.414871,162.681014493256,24.3061986413367,12.53
5091,GOIAS,BULL2492579,5d,A,86.46,85.2191780821918,27.38,24.98,23.2611095890411,5463.9,30.47,33.42,24.5,165.339549282735,23.2273957659756,12.68
5092,ASSIS,BULL2492579,2d,I,13.62,91.1672839506173,28.12,26.16,24.7617661728395,140.251,31.77,35.11,27.59,172.534053304279,24.7090449816834,12.58
5093,MATO G. DO SUL,BULL2492579,fr,B,21.71,91.340885684861,25.74,24.14,22.9014376930999,782.4,28.27,30.77,25.08,149.500394054822,22.909403046327,12.56
5094,MINAS GERAIS,BULL2492579,>5d,B,14.7500882,85.6900001970846,27.81,25.94,23.6503890311591,214.654,31.32,33.56,24.0,168.52502583254,23.5343291844486,12.57
5095,MINAS GERAIS,BULL2492579,4d,A,163.49576,114.698359346823,26.875455,25.058182,27.2768482303749,15570.366,29.893637,32.42,23.909091,160.107526296955,27.2103999576137,12.64454544
5096,MATO G. DO SUL,BULL2492579,3d,E,12.01,47.0,27.24,24.2,17.334,12.35,30.06,32.35,22.8,163.395221904995,17.29883276667484,12.5
5097,PARANÁ,BULL2492579,3d,D,26.22,67.4009142053446,25.810054,25.224909,19.65089616825176,799.801,28.659954,30.961422,25.766056,149.770933406033,19.63263566161786,12.62718797
5098,MATO G. DO SUL,BULL2492579,2d,D,52.64,125.886712598425,27.32,24.66,29.4474443700787,4640.356,30.3,32.2,28.740782,163.643669028889,29.2701989520638,12.45
5099,MATO G. DO SUL,BULL2492579,5d,B,43.43,84.4193445752466,26.8,24.86,22.7180629971365,2288.14,29.74,31.96,24.717905,159.07034971547,22.6507383328466,12.5
5100,MATO G. DO SUL,BULL2492579,5d,C,66.4,105.0762316176471,25.94,24.03,24.9748266875,5075.347,28.47,30.82,24.402277,151.21546143201,24.9576505330034,12.54
5101,S. J. RIO PRETO,BULL2492579,>5d,I,341.69,51.8564105675028,27.06,25.81,18.00237543146592,13152.26,30.35,32.93,24.86,161.809897026542,17.97088476296519,12.52
5102,GOIAS,BULL2492579,5d,E,188.02112,44.1071016932514,27.1,26.5,16.84817235568096,5663.528,30.63,33.58,26.175818,162.479074909416,16.831446960823,12.55
5103,MATO G. DO SUL,BULL2492579,1/½,B,148.93,134.763747900387,24.41,23.31,27.234981114438,16822.04,26.48,29.49,26.88,137.811441703684,27.4450841122953,12.69
5104,MATO G. DO SUL,BULL2492579,4d,E,48.46,61.4555677454745,25.97,25.09,18.90894281404279,1815.15,28.82,31.39,23.01,151.613917582213,18.90468555919823,12.55
5105,SÃO CARLOS,BULL2492579,4d,I,15.17,55.807570977918,26.04,24.7,18.15058296529969,150.87,28.78,32.06,23.14,153.13581197451,18.18281710059945,12.65
5106,MINAS GERAIS,BULL2492579,>5d,I,31.16,61.1114300626305,26.9563,25.82,19.3452528144572,952.975,30.232216,33.259743,22.0,161.30297134215,19.33248243521294,12.6995
5107,RIB. PRETO,BULL2492579,4d,I,28.93,81.9917306556409,26.16,26.27,21.91082906083875,1196.96,29.4,32.45,,153.763801638552,21.92229382100524,12.59
5108,PARANÁ,BULL2492579,fr,B,138.59,110.8881428232878,25.397124,24.469871,25.248167115333,12530.25,27.950662,30.285366,26.771224,146.02318120166,25.2533034843012,12.64931107
5109,ASSIS,BULL2492579,>5d,D,27.34,74.379074315515,25.12,25.31,20.18413455019557,968.895,27.85,30.71,25.28986,143.935331862526,20.23000387109466,12.61
5110,ASSIS,BULL2492579,4d,E,64.92,28.0967498110355,26.52,26.22,14.33724807256236,863.84,29.83,32.29,25.419421,156.522679869846,14.3263454198853,12.51
5111,ASSIS,BULL2492579,4d,E,239.09,50.489951120701,26.4,25.47,17.54255296138095,8752.683,29.45,32.51000000000001,26.415513,156.153236971059,17.54845104490688,12.6
5113,S. J. RIO PRETO,BULL2492579,>5d,I,151.21,48.4472379857769,26.77,24.97,17.38325705049925,5085.82,29.74,32.33,24.24,159.195403829404,17.36486591378284,12.54
5114,ARACATUBA,BULL2492579,4d,C,38.56,83.5956325301205,27.1,26.25,22.8109405120482,1913.58,30.55,32.97,23.7,161.957341475305,22.7362907154597,12.61
5115,S. J. RIO PRETO,BULL2492579,5d,D,61.41,80.9380692167577,26.09,24.47,21.71337395264117,3418.23,28.78,31.71,24.06,153.249567914964,21.73747248975889,12.61
5116,GOIAS,BULL2492579,5d,I,77.03,83.6601568506843,27.85,25.13,23.3581348608335,4672.06,31.09,34.418022,23.201845,170.132385061415,23.3317915166738,12.6
5117,MATO G. DO SUL,BULL2492579,5d,A,117.62502,60.543517435547,25.7783,25.4256,18.68847146282197,5139.41,28.6806,30.87,24.89,149.309636747633,18.66549274552735,12.60896575
5118,MATO G. DO SUL,BULL2492579,5d,C,59.17,66.63917744329021,27.19,25.72,20.29969105363579,2589.33,30.48,33.08,23.18,163.071409886021,20.25441757137031,12.52
5119,GOIAS,BULL2492579,4d,D,174.14,69.873319353645,26.23,25.31,20.23537334402368,9395.58,29.19,32.15,23.1,154.47155708764,20.24530192214407,12.71
5120,RIB. PRETO,BULL2492579,>5d,I,16.92,59.9105691056911,27.514,25.45,19.43284569105691,247.72,30.79,33.36,23.4,166.136472327231,19.38476610914125,
5121,S. J. RIO PRETO,BULL2492579,>5d,C,80.56,50.8817094515753,26.98,25.36,17.82448007584597,2677.73,30.11,32.48999999999999,24.5,160.892581386356,17.78919808895932,12.5
5122,GOIAS,BULL2492579,2d,E,56.18,89.0214576731553,27.19,24.31,23.6995594205523,3414.808,30.03,32.58,24.67418,163.205555404588,23.6460722855404,12.54
5123,GOIAS,BULL2492579,3d,E,140.41791,60.912164977611,27.01,24.97,19.34171596313941,6293.198,30.03,33.07,26.48695,161.948172773603,19.33428976479381,12.59
5125,MATO GROSSO,BULL2492579,3d,E,148.68,65.16549604916591,27.55,25.42,20.2672346356453,7278.66,30.82,32.9,25.368324,165.946508252075,20.18464247625859,12.46
5127,MATO G. DO SUL,BULL2492579,5d,C,70.36,91.6647532556546,26.31,24.75,23.4000261908842,4661.235,29.12,31.03,24.934343,154.074822683054,23.3183556928864,12.46
5129,S. J. RIO PRETO,SCS120,5d,I,151.17,68.6582596824028,28.05,24.69,21.09365067902565,7897.13,31.18,33.603,23.972986,171.147929141825,21.01704469723417,12.5
5133,S. J. RIO PRETO,SCS120,>5d,D,31.69,78.3092940578974,28.08,24.72,22.6625344845099,1317.63,31.23,33.67,27.08,171.445977763498,22.5727502258688,12.5
5134,ARACATUBA,SCS120,2d,B,30.8,37.5976595744681,26.24,25.44,15.64510672340426,493.236,29.24,33.39,25.0,155.776684522727,15.68034662515845,12.88
5135,ARACATUBA,SCS120,2d,C,79.25,94.0468550185874,26.977806,23.780635,24.2888187737853,5529.651,29.619318,32.411316,24.23903,161.550622399684,24.2701582339663,12.68326795
5136,ARACATUBA,SCS120,2d,B,51.34,115.61047280122,27.209531,23.739042,27.7586669799481,4088.036,29.876078,32.285719,25.654726,163.305712632162,27.6768564233439,12.61523783
5137,MATO GROSSO,SCS120,>5d,B,31.578104,97.6504797400198,28.77,25.94,26.3635854524013,1688.874,32.48999999999999,34.53,24.727452,177.428396736799,26.1690215431292,12.43
5139,MATO G. DO SUL,SCS120,5d,A,123.15745,95.5333124320502,26.94,24.66,24.4798768773483,9297.35,29.85,31.71,25.2841625,159.991777923406,24.3622434226504,12.45
5140,MINAS GERAIS,SCS120,5d,I,34.43,107.9010254123941,27.43,24.71,26.7975282211324,2163.06,30.45,32.67,26.6,165.04983528209,26.6776361427505,12.58
5141,PIRACICABA,SCS120,5d,I,29.25,97.2452173913044,26.1849,24.8605,24.0919488417391,1482.48,29.0045,32.05,22.91,154.21080666882,24.1227911298763,12.7319999
5142,S. J. RIO PRETO,SCS120,4d,B,42.93,79.8741351438733,26.588966,25.033831,21.90213449893372,2111.347,29.53779,32.71926,25.455935,158.128917048211,21.91837386415811,12.7351469
5143,GOIAS,SCS120,>5d,B,48.52,83.3576122672508,26.31,25.24,22.2112743154436,2617.98,29.27,32.02,22.2,155.000733444074,22.2041908910347,12.68
5144,RIB. PRETO,SCS120,>5d,I,41.55,109.8003384094755,26.45,24.51,26.1321489001692,2902.0,29.21,31.44,25.07,155.818922849487,26.0655393243661,12.51
5145,ARACATUBA,SCS120,3d,I,50.23,91.86709390531,26.037008,24.484435,23.2109503608559,3065.319,28.71374,32.358477,24.975066,153.538223707987,23.3042466040766,12.8302493
5146,PARANÁ,SCS120,>5d,B,26.37,46.944189283229,27.0694,25.57,17.2658796598469,514.148,30.29,31.71,25.0,160.596059961298,17.19256884602962,12.45796
5147,ARACATUBA,SCS120,3d,B,16.95,85.0135353535354,27.7,24.43,23.4631250505051,373.417,30.68,33.6,29.0,168.404966299215,23.4196795363562,12.67
5148,ARACATUBA,SCS120,4d,C,30.42,78.4861563517915,25.73,25.48,21.12854926710098,1236.675,28.64,32.51000000000001,25.0,150.721936110341,21.22308833365537,12.86
5149,RIB. PRETO,SCS120,5d,I,22.61964,65.9999472675157,27.91,24.48,20.59139161026174,585.46,30.95,33.492811,24.051948,169.978313380664,20.53082059196692,12.52
5150,RIB. PRETO,SCS120,5d,C,56.95,100.7688542825362,26.3176,25.48,24.7095694807564,4002.16,29.35,31.94,22.9,154.858629540996,24.6813968687275,
5151,RIB. PRETO,SCS120,3d,D,22.08,100.1123015873016,27.8457,24.814,25.962010972619,900.172,30.9823,34.11,25.03,169.938096302811,25.9162891735576,
5152,MATO G. DO SUL,SCS120,>5d,I,71.97999999999999,79.3779593197733,26.81,24.26,21.97867577525842,4053.33,29.57,31.46,25.2,158.841162980365,21.89385790575921,12.55
5153,MINAS GERAIS,SCS120,5d,I,60.29,50.3247049078484,32.44,30.69,19.83356968316422,1862.7,39.21,44.56,22.9,214.193809557994,19.74901808550382,12.77
5154,S. J. RIO PRETO,AIC456911099,5d,E,62.97,68.7963507945851,26.73,25.75,20.36610247204238,2906.91,29.93,33.87,28.7,160.102851013347,20.41170147983223,12.83
5155,MINAS GERAIS,AIC456911099,>5d,I,98.52,73.95943134535369,26.25,25.02,20.8292189667129,5372.73,29.13,32.28,24.3,154.911812078304,20.85473460890576,12.75
5156,GOIAS,AIC456911099,3d,D,134.04,95.6576532284497,27.49,25.75,24.9585704850869,10221.58,30.86,34.09,25.3,166.548138515998,24.9291345790738,12.71
5157,GOIAS,AIC456911099,4d,C,99.11,79.2468143726323,27.52,26.13,22.4367055906325,5869.87,31.02,34.19,21.5,166.715160235857,22.4041016610127,12.7
5158,ASSIS,AIC456911099,4d,B,27.61,54.3824471492633,23.71,26.02,16.96298456117873,673.59,26.32,29.24,22.9,130.709198389266,17.03118632686449,12.79
5159,MINAS GERAIS,AIC456911099,3d,D,49.72,71.54718981972431,26.87,24.45,20.854667126193,2258.12,29.7,33.12,27.0,161.114244262306,20.87933420791229,12.77
5160,MINAS GERAIS,AIC456911099,3d,C,158.14,84.7299849459423,27.29,24.57,23.1204146982346,10640.76,30.24,33.75,26.8,165.132670065756,23.1373367886144,12.77
5162,S. J. RIO PRETO,AIC456911099,>5d,B,265.5,64.05017751479289,27.04,25.45,19.82834669822485,13206.72,30.22,32.69,21.2,161.546813457697,19.78393818724474,12.62
5163,GOIAS,AIC456PS321942094,>5d,D,126.47,80.6279374508605,26.82,25.8,22.1706603302175,7867.84,30.06,33.23999999999999,21.7,160.180319696988,22.1693097116134,12.73
5164,MINAS GERAIS,AIC456PS321955000,4d,A,18.648868,130.809998935157,26.91,24.44,29.7145708412319,801.952,29.745,32.59,24.0,160.873924748997,29.687710840901,12.69
5165,MINAS GERAIS,AIC456PS321955000,3d,C,38.300076,118.169997379475,27.81,25.37,28.785476585695,2804.279,31.12,33.64,24.0,168.893701000274,28.6574038240553,12.62
5166,GOIAS,AIC456PS321955000,3d,B,29.1,68.67660818713449,28.98,26.59,21.62368807017544,981.17,32.98,35.96,24.9,180.265380614907,21.53671104857015,12.64
5167,GOIAS,AIC456PS321955000,3d,D,28.79,77.1608100059559,26.87,25.87,21.68941244788565,1106.05,30.15,32.86,23.7,160.14579575843,21.65330005059618,12.66
5168,RIB. PRETO,AIC456PS321955000,5d,I,17.96,76.2214765100671,28.87,26.55,22.8341630872483,394.76,32.83,35.445066,,178.883106186243,22.7174794838668,12.48
5169,RIB. PRETO,AIC456PS321955000,4d,I,19.88,88.244923857868,27.77,23.73,24.0238244923858,612.81,30.53,32.881073,23.86,168.539352522939,23.9353310138714,12.51
5173,ARACATUBA,AIC456PS321955000,3d,I,158.2,83.9991792065664,27.1,25.24,22.8718760601915,10538.28,30.22,33.0,24.6,162.480131252797,22.8344459370978,12.67
5181,PIRACICABA,AIC456PS321955094,5d,A,24.11,70.7943848059455,25.64,28.1,20.01955408753097,724.0,29.32,32.72,27.0,148.951648472899,20.05198792012421,12.77
5182,ASSIS,AIC456PS321955094,2d,B,27.64,143.751278772379,26.93,25.03,31.6704659207161,2072.59,29.94,31.52,30.5,159.518588520525,31.4357626802755,12.49
5183,GOIAS,AIC456PS321955094,4d,C,46.25,106.1556204379562,26.85,25.51,25.9821096350365,3236.83,30.0,33.69,24.7,161.025373538606,26.0315765065257,12.79
5184,RIB. PRETO,AIC456PS321955094,2d,D,42.65,108.1239804241436,26.3839,24.92,25.8263772202284,2958.2,29.26,31.67,22.8,155.353424613679,25.7797017812992,
5185,MINAS GERAIS,AIC456PS321955094,2d,D,136.75,147.648817635271,26.4,23.97,31.533429739479,16934.19,29.0,32.29,25.5,156.642506925515,31.6205850442475,12.77
5186,S. J. RIO PRETO,AIC456PS321955094,4d,C,53.17,62.094729171727,27.36,25.2,19.69455040077727,2074.4,30.52,33.5,27.0,165.149869895593,19.67200125510496,12.69
5187,MINAS GERAIS,AIC456PS321955094,2d,A,205.94,104.4810250592967,26.22,24.08,25.150801763432,17947.77,28.82,31.05,25.1,153.70082220228,25.104637289012,12.62
5188,MINAS GERAIS,AIC456PS321955094,3d,I,162.06,91.6586698653872,27.13,25.08,24.0523567506331,11965.58,30.21,33.08,26.6,162.881496290352,24.0190193017888,12.68
5189,S. J. RIO PRETO,AIC456PS321955094,1/½,I,88.85,84.9328822381262,26.680642,25.6018715,22.7070153416609,5616.892,29.82877,33.127487,30.81284,159.022930774693,22.7228060964948,12.7518716
5190,S. J. RIO PRETO,AIC456PS321955094,1/½,I,342.7,143.964759600847,26.715074,24.92861,31.4187120291867,43652.746,29.657425,32.586452,29.064669,159.059115656269,31.4066208446927,12.70052516
5191,RIB. PRETO,AIC456PS321955094,>5d,I,15.88248,89.63336836249,27.86,24.17,24.3126522222909,313.41,30.79,33.404917,25.21,169.624496000667,24.2369205609716,12.53
5192,S. J. RIO PRETO,AIC456PS321955094,1/½,C,36.06,100.3408146300915,25.99,24.5,24.3588799667498,2137.48,28.67,31.91,28.9,152.654397292745,24.4255240381456,12.77
5193,RIB. PRETO,AIC456PS321955094,3d,A,74.11,96.7280631138303,26.964633,24.0512,24.6792436929931,5274.46,29.68718,32.36,23.37,161.252726812983,24.6458944573217,12.6612838
5194,ASSIS,AIC456PS321955094,3d,B,29.52,122.587328767123,26.54,25.1,28.0793976027397,1949.49,29.5,31.32,24.7,156.103435139074,27.9360139581966,12.53
5195,GOIAS,AIC456PS321955094,>5d,I,54.99,62.3689230053501,26.17,25.76,19.13727638985811,2177.36,29.25,31.634708,22.923999,153.195212659952,19.11185079519316,12.51
5198,RIB. PRETO,SCS111,4d,A,42.48999999999999,66.9203017382748,26.898154,25.124,20.18211113023286,1686.52,29.94109,32.6,22.52,160.460097871438,20.15347337119319,12.6537215
5201,ASSIS,SCS116,5d,B,105.77,101.4150581209342,26.54,26.1,25.0009494507838,8396.45,29.82,31.66,25.7,156.016902176447,24.8772796785039,12.53
5202,S. J. RIO PRETO,AW,fr,B,16.16,117.083653846154,27.47,25.82,28.25644125,449.148,30.86,33.85,25.132658,166.107470354959,28.1941760698869,12.68
5203,ARACATUBA,AW,3d,D,14.23,102.9053811659193,27.06,24.26,25.6903504035874,214.719,29.87,32.37,31.0,161.926564426043,25.6291314860462,12.63
5204,PIRACICABA,PT35961007,2d,E,27.24,118.215157480315,26.940514,24.928877,27.8690904734685,1630.719,29.9305,32.661205,27.738725,160.965963056912,27.8224432252967,12.66199255
5205,PIRACICABA,PT35961007,2d,B,46.74,138.95754173863,26.897628,24.713532,30.9136622861658,4422.505,29.81604,32.4717,25.460054,160.507888958718,30.8541965109923,12.65228003
5206,PIRACICABA,PT35961007,1/½,D,78.4,131.820873493976,26.612867,24.837989,29.509264881913,7968.106,29.50508,32.02321999999999,28.351763,157.65049726944,29.4519698076562,12.6429648
5207,PARANÁ,PT35961007,2d,E,41.18,40.9990404386566,26.7411,25.31,16.27477755010281,858.192,29.81,31.83,21.0,158.224480368077,16.24036961931543,12.560517
5208,GOIAS,AIC456873396,4d,E,189.81,56.1228164895113,27.43,25.66,18.80815058433159,7857.478,30.76,33.65,24.6,165.650020579541,18.77947166164074,12.67
5209,S. J. RIO PRETO,AIC456873396,>5d,I,42.64,67.9105744125326,26.87,26.43,20.3139024151436,1725.1,30.33,32.441559,24.343599,159.419361856534,20.24230120092782,12.46
5210,MATO G. DO SUL,BULL24835054,4d,E,14.49,96.9678714859438,26.05,25.6,23.9379859437751,223.57,29.06,31.62,25.8,152.285990248938,23.9198019907501,12.54
5211,PARANÁ,BULL24835054,>5d,E,28.44,28.6956204379562,27.2989,25.97,14.55424627518248,286.476,30.7,32.88,25.0,163.613158947166,14.5312757551814,12.569092
5212,MATO G. DO SUL,BULL24928064,5d,B,50.34,65.84924360980699,27.01,26.1,20.08277146583203,2076.58,30.39,32.58,25.171574,160.87224455656,20.01665776386496,12.47
5213,MINAS GERAIS,BULL24928064,5d,A,74.450333,109.0685616680379,26.725,25.54,26.2933457056186,6073.964,29.865,32.15,24.5,158.350684057454,26.2060504005905,12.61
5214,MATO GROSSO,BULL24928064,4d,B,51.25,72.316025477707,27.24,26.31,21.19216228280255,2379.404,30.74,33.15,23.17977,163.263827113078,21.12363285000787,12.49
5215,MATO GROSSO,BULL24928064,3d,E,48.32,160.205809471366,27.06,25.01,34.3197949063877,5394.835,30.1,32.59,25.028903,161.816276891739,34.2036425887264,12.52
5216,MATO GROSSO,BULL24928064,3d,A,30.12,167.012251655629,27.06,25.01,35.3448450993378,2820.822,30.1,32.59,25.0289135,161.816276891739,35.2233584156517,12.52
5217,S. J. RIO PRETO,BULL24928064,5d,B,29.4,68.2301724137931,27.24,24.93,20.56947827586207,990.405,30.29,33.56,26.0,164.360423915107,20.56725290578509,12.73
5218,MINAS GERAIS,BULL24928064,5d,C,14.16,43.9768518518519,29.42,25.95,17.57036759259259,81.07,33.28,36.86,25.7,185.061401663478,17.53395880226686,12.7
5219,MINAS GERAIS,BULL24928064,3d,C,35.184895,66.01999879663029,27.41,28.58,20.32448181456073,1264.448,31.74,34.0,24.0,164.447648377152,20.23522178188289,12.57
5220,S. J. RIO PRETO,BULL24928064,1/½,I,37.26000000000001,148.29216152019,25.94,23.47,30.9991273159145,3454.74,28.31,30.83,28.16,151.504026668747,31.0133053354538,12.57
5221,RIB. PRETO,BULL24928064,>5d,B,25.92,90.9745689655172,27.0855,24.954,23.9137086012931,1111.326,30.1139,32.98999999999999,26.83,162.487131340307,23.8846563324579,
5222,PARANÁ,SCS19001,4d,C,171.21,32.8536524087683,28.2278,26.38,15.3840890055901,3332.11,31.98,34.25,25.0,172.468376668727,15.34635174964894,12.56086
5229,PIRACICABA,SCS19001,3d,D,28.77,63.3673822301729,26.944473,24.977307,19.67658456819499,873.431,29.951452,32.97136,24.763466,161.309054032882,19.66961524893261,12.7092505
5234,RIB. PRETO,SCS19001,5d,I,31.73,101.5266092245312,24.18,23.19,22.9043410035479,1778.36,26.18,28.84,23.83,135.228042926176,23.0321888445555,12.65
5235,RIB. PRETO,SCS19001,5d,I,54.13,80.1269878946119,28.58,24.65,23.2954545929267,2882.19,31.8,34.437815,25.991122,176.397785597608,23.1999259493092,12.51
5236,PARANÁ,SCS19001,1/½,D,17.7,81.8384210526316,26.2661,25.29,21.96321898578948,410.079,29.23,31.58,31.0,154.122719920418,21.92562635494737,12.6226
5237,PARANÁ,SCS19001,1/½,D,42.41,79.5378822755672,27.4216,26.06,22.4154220530089,2065.827,30.88,33.17,30.0,164.884721991938,22.3255103556243,12.582126
5239,PARANÁ,SCS19001,2d,E,61.91,70.0357443398117,26.263517,25.28607,20.27793825998557,2908.564,29.225166,31.578415,21.380348,154.102732025519,20.24703782582181,12.6236072
5242,PIRACICABA,SCS19001,4d,I,39.91,47.0441060551774,27.36,26.69,17.38277469007524,990.081,31.02,33.62,25.0,164.5494834373,17.34596027623925,12.62
5243,MATO G. DO SUL,SCS19001,3d,B,41.94,53.2321309285237,27.52,26.19,18.39922672010688,1246.49,31.04,33.07,24.034714,165.519995320134,18.32995654718613,12.44
5244,MATO G. DO SUL,SCS19001,3d,D,77.77468,60.4650476444735,27.35,25.64,19.43938481342669,3199.773,30.65,33.08,22.5990715,164.410914729907,19.38660224392274,12.5
5245,MATO G. DO SUL,SCS19001,3d,C,44.67,58.3440465258647,27.56,26.01,19.21113363942455,1526.06,31.03,33.38,22.54465,166.266327380423,19.14932585349258,12.48
5246,MATO G. DO SUL,SCS19001,>5d,E,106.91731,39.491128857318,26.99,27.07,16.12092021571197,2621.384,30.68,32.77,27.068013,160.460327669501,16.08134199816191,12.45
5247,PIRACICABA,SCS19001,4d,I,71.58049,92.2291152691091,26.6066,25.479,23.7187459508977,4792.09,29.7,32.58,23.76,157.902591912915,23.705635864643,12.69100106
5248,PIRACICABA,SCS19001,4d,I,260.85735,79.9048458886185,26.9672,25.7493,22.1634540938413,16910.62,30.2243,32.89,23.93,161.033012159724,22.1200637230226,12.648692
5249,ARACATUBA,SCS19001,4d,I,98.68,63.4918435625288,27.72,25.07,20.09451780802954,4475.313,30.91,33.81,27.0,168.482051007298,20.05754929081142,12.67
5250,MATO G. DO SUL,SCS19001,5d,A,20.01,81.0137328339576,27.88,26.07,22.9593807740325,564.8,31.44,33.87,25.54,169.374411941703,22.8609956206459,12.48
5251,ARACATUBA,SCS19001,3d,C,34.23,64.3457040035987,28.24,25.94,20.50094233018444,1175.645,31.84,34.89,29.0,173.420610186268,20.44967548089066,12.67
5252,ARACATUBA,SCS19001,3d,I,193.6,73.9557103524229,27.569496,24.764867,21.64619184509207,11263.157,30.629953,33.88131,25.619064,167.469359385433,21.63221459876064,12.72619593
5253,MATO G. DO SUL,SCS19001,2d,D,67.28999999999999,85.6746247060951,28.11,25.57,23.8689820401519,4085.47,31.55,33.88,24.0,171.509393247009,23.7517946845703,12.47
5254,MATO G. DO SUL,SCS19001,1,D,59.29,80.2408543032354,25.86,24.76,21.45818240642842,3239.11,28.58,31.72,22.82,151.283675198677,21.50483698605208,12.63
5255,MATO G. DO SUL,SCS19001,fr,D,53.89,114.476247314395,28.06,25.15,28.4576853186918,4304.73,31.35,33.86,25.55,171.277019415316,28.3221112331036,12.5
5256,S. J. RIO PRETO,SCS19001,3d,B,99.7,90.8095324971494,27.23446,25.758131,24.0062067044652,6923.596,30.557236,34.222082,25.237651,164.568035239618,24.0238155312429,12.7728705
5257,RIB. PRETO,SCS19001,fr,D,17.45,131.816513761468,28.3461,24.2,31.5853271559633,665.0,31.37,33.73999999999999,27.2,173.955637754589,31.40495989977,
5258,MINAS GERAIS,SCS19001,3d,C,225.01,78.0225341533261,28.4,24.77,22.8276956011455,14075.46,31.63,34.77,27.6,175.18762352708,22.7740604477168,12.68
5259,PARANÁ,SCS19001,2d,D,148.74,47.0921383647799,27.5539,26.35,17.4581961091195,4810.499,31.14,33.37,23.0,166.039270452169,17.40556739231726,12.569092
5260,GOIAS,SCS19001,4d,B,22.8,66.64074074074071,26.97,26.59,20.17971888888889,602.12,30.5,33.9,28.9,161.690013363448,20.17917321167015,12.75
5261,RIB. PRETO,SCS19001,1/½,I,38.68436,122.199757460925,27.67,24.53,29.2683019941269,2952.61,30.68,33.144094,28.463427,167.615948292641,29.1488397589008,12.51
5263,ARACATUBA,SCS19001,4d,C,78.71,41.713806026083,27.21,25.52,16.51946989656723,1994.208,30.45,33.53,24.0,163.791144030079,16.51029261018701,12.7
5264,ARACATUBA,SCS19001,4d,D,130.6,55.2210202360877,26.68,24.66,18.34484577065767,5138.013,29.53,32.79,24.0,159.128040212126,18.35902400330421,12.75
5265,ARACATUBA,SCS19001,4d,C,25.05,68.2982375478927,27.72,24.4,20.85008294252874,746.692,30.69,33.72,24.0,168.714263055381,20.8227368086348,12.68
5266,GOIAS,SCS19001,4d,E,92.35,114.855258245177,28.44,25.23,28.9094044555072,8276.42,31.84,34.13,22.974023,174.635543017796,28.7279207769401,12.47
5267,ASSIS,SCS19001,>5d,E,63.88,39.6692367000771,26.61,26.23,16.04247548188126,1447.48,29.94,32.62,24.033327,157.61179420178,16.02896720009198,12.54
5268,MATO G. DO SUL,SCS19001,4d,E,158.65356,57.3196567475075,27.44,25.98,18.99735500181516,6658.289,30.87,32.87,25.958301,164.751294537365,18.92263623617081,12.44
5269,MINAS GERAIS,SCS19001,4d,A,16.2869625,128.7379000866,27.76,26.52,30.3978930536481,512.451,31.45,33.79,25.0,168.088815218195,30.2214805155774,12.59
5270,S. J. RIO PRETO,SCS19001,2d,I,29.51,103.5796687607082,27.95,24.84,26.606957167333,1615.56,31.11,33.51213,26.618162,170.159835466437,26.4842253432644,12.5
5271,S. J. RIO PRETO,SCS19001,5d,I,15.91,33.4432225063939,26.27,24.66,15.0599478516624,95.843,29.04,32.94,24.0,155.952591568049,15.08680745136571,12.85
5272,MINAS GERAIS,SCS19001,5d,B,21.606089,62.9335276822857,27.86,25.715,20.07805749041051,501.272,31.3,33.61,24.0,169.100857822757,20.00170089082621,12.585
5273,MINAS GERAIS,SCS19001,5d,B,25.46,75.2473997028232,28.53,25.18,22.4547951708767,863.31,31.93,35.09,26.5,176.375135711706,22.396299909564,12.68
5276,PARANÁ,SCS19001,3d,B,47.04,28.6323630136986,26.020328,27.303282,14.33191184867123,594.798,29.548058,31.999096,26.438612,151.653764566773,14.32277210850416,12.6313852
5277,PARANÁ,SCS19001,3d,E,72.24000000000001,45.9024402390438,27.850976,25.878721,17.37386766570518,2054.283,31.33557,33.515284,26.542863,168.857783284723,17.31786162383922,12.55865026
5278,SÃO CARLOS,SCS19001,2d,I,25.63678,116.104488009633,24.86,23.82,25.3878371580388,1431.65,27.14,30.019627,23.832191,141.762829548693,25.5088929328479,12.64
5279,PARANÁ,SCS19001,2d,E,32.48999999999999,56.1073694485115,27.6756,24.92,18.91409480527086,915.76,30.81,33.32,25.0,167.669234780579,18.86616045023408,12.614711
5280,ARACATUBA,SCS19001,2d,D,38.5,58.327320754717,27.9,25.63,19.366044,1239.674,31.32,34.44,29.0,170.322898159953,19.33467568587252,12.69
5281,ARACATUBA,SCS19001,2d,C,35.09,79.2326115201386,27.729501,25.255965,22.5753543013863,1564.401,30.984251,33.815866,24.969635,168.474612016231,22.5201968024517,12.6616161
5282,RIB. PRETO,SCS19001,5d,A,17.83,91.3530017152659,28.5434,24.753,25.1276844857633,474.628,31.796,34.81,23.6,176.419106305688,25.0471496246978,
5283,ARACATUBA,SCS19001,2d,I,25.86,62.2948773448773,27.03,25.06,19.55932006493507,709.087,30.08,33.22,29.0,162.228681100076,19.55573308961101,12.72
5286,S. J. RIO PRETO,SCS19001,2d,B,18.71,97.5439642324888,28.87,25.02,26.4312667660209,586.0,32.28,34.59,28.09,178.761057199707,26.2654019124638,12.47
5287,S. J. RIO PRETO,SCS19001,4d,E,17.8,54.6810344827586,26.89,25.33,18.35520603448276,259.55,30.0,33.56,25.6,161.299699605391,18.3722656271232,12.78
5288,RIB. PRETO,SCS19002,1/½,A,15.07,178.944625407166,26.27469,24.7416,35.8308277485342,524.52,29.075668,31.79,30.06,154.700562199482,35.8230919017846,12.68144774
5289,ARACATUBA,SCS19002,5d,C,88.44,48.1420852956567,26.983,25.46,17.41516863984825,2774.701,30.15,32.7,25.6,161.095622273788,17.38862669742826,
5290,RIB. PRETO,SCS19002,2d,C,50.13,102.916863362182,27.000172,25.3304,25.6376858813323,3478.66,30.129473,32.65,24.72,161.242609797834,25.5686699628051,12.6296638
5291,SÃO CARLOS,SCS19002,1/½,B,45.3,113.009069069069,25.731,26.46,25.8695552738739,3375.602,28.93,31.28,29.29,148.919948475382,25.8301565324833,12.63
5294,SÃO CARLOS,SCS19002,2d,D,97.31,72.5212636267729,26.112,27.175,20.5407607230102,5175.069,29.628,32.269,29.382,152.741843022675,20.51787418489322,12.657
5295,ASSIS,SCS19002,2d,B,46.83,106.6333620442148,26.6,24.92,25.8164708584554,3308.08,29.52,31.69,24.0,157.112760368026,25.7325083891427,12.59
5296,PIRACICABA,SCS19002,2d,C,104.81,85.4586790216572,27.17,25.05,23.1436816075854,6829.7,30.24,32.76000000000001,25.8,162.884284911439,23.0837602547217,12.63
5297,MINAS GERAIS,SCS19002,2d,D,69.03999999999999,74.47983870967741,26.87,24.45,21.29075201612903,3575.85,29.7,33.12,28.4,161.114244262306,21.31663393082434,12.77
5298,GOIAS,SCS19002,4d,D,25.18,90.3080424886191,26.28,26.72,23.1823884673748,1044.1,29.69,32.95,24.4,155.040550394467,23.2012254978853,12.75
5299,RIB. PRETO,SCS19002,4d,I,99.21,84.3521385162252,28.3132,26.84,23.8029490604289,6321.83,32.25,34.64,23.5,173.346532668787,23.6737666807647,
5300,RIB. PRETO,SCS19002,4d,C,48.77,64.4933369594778,27.328,25.68,20.04617868914876,1942.18,30.64,33.16,23.3,164.294325063397,19.99443732256915,
5301,MINAS GERAIS,SCS19002,1/½,A,92.73,128.283661588009,27.87,24.47,30.4542170940171,9399.58,30.89,32.73999999999999,30.7,168.826501460336,30.2363598238452,12.52
5302,PIRACICABA,SCS19002,1,I,74.8,123.612579617834,26.1262,24.6791,27.7666162219745,7021.27,28.8799,31.38,24.98,153.061927268533,27.7442855883043,12.65348375
5303,ARACATUBA,SCS19002,2d,I,51.3,123.754198473282,26.52,25.12,28.2267096183206,4403.94,29.48,32.05,27.0,156.794923960616,28.1814406702185,12.65
5304,S. J. RIO PRETO,SCS19002,2d,B,29.4,102.6429310344828,27.0314665,24.863126,25.6249618130664,1589.187,30.02088,32.832052,31.394135,161.920557899366,25.5892387903234,12.6781759
5305,RIB. PRETO,SCS19002,5d,A,56.32,89.9939981949459,28.0414,24.967,24.511329226444,3468.694,31.2695,34.46,24.85,171.824251291771,24.4653323667589,
5306,MINAS GERAIS,SCS19002,2d,B,73.17967,145.136546830017,27.15,25.03,32.1701868447476,8157.25,30.22,32.72,24.0,162.674244837264,32.0602486538539,12.63
5307,S. J. RIO PRETO,SCS19002,1/½,B,29.21,112.719407321325,27.01842,25.521853,27.1264636130273,1745.381,30.213026,33.230274,29.544956,161.92152237789,27.1000068786118,12.7008991
5308,ARACATUBA,SCS19002,4d,C,105.18,64.25583816269591,26.5635,26.03,19.61027899082421,4881.199,29.82,32.02,24.7,156.666223833698,19.55965478026204,
5310,PARANÁ,SCS19002,4d,B,27.78,45.4110899873257,27.1718,26.29,17.06906375069709,539.227,30.65,32.38,26.0,161.86657775083,17.00720571532553,12.502207
5311,MINAS GERAIS,SCS19002,4d,A,41.673763,126.513181223426,26.91,24.44,29.0739153204129,3410.037,29.745,32.59,24.0,160.873924748997,29.0480267242246,12.69
5312,S. J. RIO PRETO,SCS19002,3d,C,37.86,76.600154679041,26.11,25.27,21.11508182521268,1682.56,29.04,31.61,26.84,152.907740346727,21.10266182187269,12.55
5313,S. J. RIO PRETO,SCS19002,3d,C,49.15,81.4810228802154,27.17,25.29,22.5402711709287,2593.22,30.32,32.91,25.89,162.928605696083,22.4866739056486,12.53
5315,S. J. RIO PRETO,SCS19002,2d,C,150.95,92.4669305505578,28.23,24.87,25.0597828283555,11192.88,31.46,33.83,27.28,172.773212801849,24.9369269489165,12.49
5316,S. J. RIO PRETO,BULL24OUTRAS,1,I,12.33,61.3636363636364,24.82,25.38,18.32841818181818,28.29,27.51,30.59,20.78,141.371646989815,18.38625493776994,12.64
5317,MINAS GERAIS,BULL24OUTRAS,fr,D,61.63,87.4577876284505,26.03,24.69,22.5867276042716,3756.97,28.77,33.3,,154.331643877794,22.7400309565388,12.95
5322,PIRACICABA,BULL24966928,5d,D,23.81,68.5359017781541,27.89,27.87,20.98355479254869,679.689,32.09,34.56,26.0,169.290527970885,20.89256183999597,12.59
5323,GOIAS,BULL24966928,5d,I,210.35,75.0864129064785,27.28,25.82,21.63960389210991,12525.19,30.62,33.652994,24.833307,164.360636986342,21.61188605561443,12.57
5326,SÃO CARLOS,BULL24966928,3d,D,22.4,57.7468269230769,27.966,26.56,19.30393838653846,487.767,31.72,34.08,25.35,170.057050522206,19.2306085342114,12.58
5331,ARACATUBA,BULL24966928,3d,D,31.12,112.132845188285,27.46,24.37,27.4805378661088,1926.54,30.37,32.94,24.0,165.769943770109,27.3974219741435,12.63
5332,RIB. PRETO,BULL24966928,5d,I,30.28,115.844638949672,23.79,23.35,24.2432829321663,1910.28,25.77,28.56,23.93,131.738222433185,24.4341724770496,12.68
5333,PIRACICABA,BULL24966928,2d,I,45.59,140.001190830604,27.0666,24.1293,31.2854274176838,4311.56,29.8323,32.25,24.52,161.912726124638,31.1890074646159,12.62051797
5334,MATO G. DO SUL,BULL24966928,5d,A,77.90935,55.6526835722094,24.1401,26.2664,17.29947943834979,2889.12,26.917,29.28,22.55,133.992642673241,17.32530622875261,12.68004566
5335,SÃO CARLOS,BULL24966928,2d,B,80.57,110.7138836225755,26.113,25.877,25.9314903956541,6780.811,29.223,31.581,19.95,152.609975186328,25.8801567267164,12.622
5336,ASSIS,BULL24966928,5d,B,28.29,58.056599140577,26.72,24.71,18.77953139349294,762.262,29.6,32.03,25.644877,158.576706241566,18.75082460271392,12.53
5337,RIB. PRETO,BULL24966928,1/½,C,22.68,85.2724719101124,27.35233,24.7208,23.2490316867978,794.55,30.358093,32.77,33.63,164.529843639769,23.1762386835488,12.60930705
5338,ASSIS,BULL24966928,3d,E,150.82,49.1157181962253,26.54,26.81,17.39662542573116,5164.404,30.04,33.02,23.631736,157.185882054225,17.38867828439503,12.56
5339,ASSIS,BULL24966928,3d,C,21.76,91.6327868852459,25.22,23.96,22.5274544262295,789.216,27.6,31.1,23.512887,145.839343078688,22.6579998842464,12.72
5340,PIRACICABA,BULL24966928,4d,A,120.99,48.1550600972566,26.75,26.05,17.33287136434535,3952.54,30.05,32.68,25.2,158.904174276084,17.31132924948969,12.65
5341,PIRACICABA,BULL24966928,3d,E,213.21,39.9030117787386,25.539,28.467,15.77778876472342,5626.365,29.306,32.3,25.066,147.534251941067,15.78181382833412,12.716
5342,PARANÁ,BULL24966928,fr,I,73.59,86.4818639389511,25.610829,25.375644,22.1375991367433,4599.338,28.463306,30.784435,25.278216,147.896333512998,22.1218122225175,12.63474184
5343,PARANÁ,BULL24966928,2d,B,65.4,81.6162921348315,26.5862,25.43,22.1543716033708,3729.51,29.66,31.82,28.0,156.908040989489,22.0879605142104,12.58487
5344,MATO G. DO SUL,BULL24966928,3d,A,45.80231,85.126659095192,26.3064,24.692,22.4617923567946,2483.85,29.0988,31.08,25.49,154.135534631485,22.3938967863095,12.5671575
5345,ARACATUBA,BULL24966928,5d,I,53.98,54.1788232491663,26.066436,27.483284,17.93305717789709,1782.667,29.668077,32.513285,24.410967,152.48647956327,17.92555439039677,12.692329
5346,MATO G. DO SUL,BULL24966928,5d,B,91.29,87.0146298398285,27.08,25.23,23.3122061798461,5959.91,30.2,32.59,23.64,161.864236122705,23.2420101989734,12.51
5347,ASSIS,BULL24966928,3d,I,97.37,109.7875131779314,26.17,25.39,25.8564906173129,8360.12,29.14,31.14,27.2,152.786067804624,25.7671194607138,12.57
5348,PARANÁ,BULL24966928,4d,D,98.94,54.1444674488153,26.951535,26.38657,18.30124480117322,3676.04,30.409481,32.46343,26.289459,160.133342193778,18.24300081816991,12.555354
5349,GOIAS,BULL24966928,1,I,59.96,101.7881567973311,26.7,25.43,25.1988590492077,4318.24,29.8,32.514462,31.059917,158.609097334316,25.1637606193687,12.55
5350,PARANÁ,BULL24966928,>5d,C,32.55,30.9260340632603,27.227,25.75,14.88186720681265,400.93,30.54,32.67,24.0,162.90221287507,14.85598042109494,12.56429
5351,PARANÁ,BULL24966928,>5d,D,29.27,45.492240880139,25.620221,26.285404,16.56171722572727,590.411,28.737612,31.057674,24.834371,147.863647524415,16.55037800974201,12.6309195
5352,S. J. RIO PRETO,BULL24966928,4d,I,221.35,59.9774444709816,27.49,25.77,19.43170614855505,10056.078,30.87,33.42,,165.846095216804,19.38114249034157,12.62
5353,S. J. RIO PRETO,BULL24966928,4d,B,23.01,57.733242506812,27.22,26.13,18.96059950953679,515.523,30.66,33.23,26.0,163.267465549802,18.91795168537992,12.63
5354,RIB. PRETO,BULL24966928,>5d,C,64.41,73.3859950391147,26.2322,25.95,20.73657758595688,3229.24,29.39,31.39,22.7,153.308268740454,20.67434868388739,
5355,RIB. PRETO,BULL24966928,>5d,A,26.09,74.08374733853799,26.5161,25.8,21.01213884740951,886.76,29.69,31.87,23.1,156.223022838661,20.95390571031562,
5356,MINAS GERAIS,BULL24966928,5d,C,264.74,74.0970166970009,28.32,25.02,22.1342331249505,15706.4,31.62,34.73999999999999,25.0,174.376069708238,22.0830695118658,12.68
5357,PARANÁ,BULL24966928,fr,D,23.08,75.05866425992781,26.1589,25.85,20.92841321389892,710.69,29.27,31.2,26.0,152.542201057661,20.86240347084632,12.555715
5358,PARANÁ,BULL24966928,fr,C,81.26,75.61937626335549,25.792829,26.25397,20.77491177887121,4418.278,28.944044,30.955572,25.992366,149.129667367435,20.72410390511763,12.5749518
5359,PARANÁ,BULL24966928,3d,A,68.16,97.6367521367521,26.1789,24.94,24.142349448718,4821.36,29.02,31.24,24.0,153.190662087406,24.0911097332031,12.606822
5360,PARANÁ,BULL24966928,4d,C,49.75,61.3836026490066,27.0972,25.09,19.45554125912583,1876.231,30.17,31.94,25.0,161.329103879771,19.37440912993083,12.515584
5361,RIB. PRETO,BULL24966928,1/½,I,28.12,144.651364764268,27.41,24.87,32.4415753101737,2150.34,30.47,33.16,27.77,165.361169147871,32.3435683893088,12.54
5362,RIB. PRETO,BULL24966928,1/½,I,29.65,134.666288951841,27.13,24.06,30.5594095184136,2177.06,29.89,32.136835,28.21531,162.321678508286,30.4394024516232,12.5
5363,ARACATUBA,BULL24966928,>5d,B,71.49000000000001,85.2102538241721,26.57,24.73,22.6667339821819,4367.278,29.42,32.1,,157.445592990464,22.6481087804391,12.67
5364,ASSIS,BULL24966928,2d,E,90.17,71.8283740565434,26.78,25.09,20.84263368555712,4688.784,29.79,32.21,22.74864,159.081732001374,20.7996608790625,12.52
5365,S. J. RIO PRETO,BULL24966928,>5d,I,33.83,69.582501145213,26.76,25.44,20.49917716903344,1269.026,29.87,32.82,26.0,159.428987694796,20.48932985277316,12.7
5366,S. J. RIO PRETO,BULL24966928,4d,D,64.08,80.0879032258065,26.34,25.75,21.76380532258065,3558.018,29.46,33.37,23.0,156.41899206493,21.83318635568545,12.83
5367,S. J. RIO PRETO,BULL24966928,>5d,I,19.91,59.4240202275601,26.9,26.63,19.06617901390645,387.124,30.43,34.26000000000001,28.0,161.438393823963,19.0869694114817,12.8
5368,RIB. PRETO,BULL24966928,2d,C,24.28,85.2695439739414,27.35233,24.7208,23.2485821803746,911.75,30.358093,32.77,24.39,164.529843639769,23.1757920859025,12.60930705
5369,GOIAS,BULL24966928,2d,C,19.27,62.0192572214581,25.29,25.33,18.64755928473178,375.64,28.06,30.41,22.857075,144.916072307052,18.64836320959237,12.54
5370,S. J. RIO PRETO,BULL24966928,>5d,D,46.12,28.0947245017585,27.95,26.51,14.56710855803048,561.152,31.68,34.51000000000001,,170.385829419347,14.54917628948691,12.64
5371,ARACATUBA,BULL24966928,2d,I,269.3,88.8234823163622,27.065612,24.842204,23.5739277706717,19778.682,30.053654,32.810095,28.078182,162.186163076767,23.5378240432903,12.66366595
5372,ARACATUBA,BULL24966928,2d,D,72.22999999999999,66.6951851236925,27.337845,25.180366,20.38906271673502,3306.291,30.486803,33.177382,22.744102,164.637432727891,20.34853263985715,12.6468957
5373,ARACATUBA,BULL24966928,2d,C,23.24,96.4692170818505,27.24,24.22,24.873108683274,961.434,30.06,32.38,24.0,163.4282080617,24.7910221790794,12.6
5374,PARANÁ,BULL24966928,2d,B,13.18,124.901694915254,27.0669,24.54,29.0107854711864,145.224,29.96,31.56,25.0,160.891687079688,28.8101238300884,12.491574
5375,ARACATUBA,BULL24966928,5d,B,117.45,49.5121479374111,27.460132,25.422269,17.79942758715903,3967.656,30.716473,33.592682,24.028144,165.953973117212,17.77514421512506,12.6680299
5376,PARANÁ,BULL24966928,>5d,C,27.97,40.6819035691922,26.4298,27.7,16.1387413212273,470.05,30.19,32.52,25.0,155.340594138891,16.11128109864239,12.600305
5377,PARANÁ,BULL24966928,>5d,B,17.93,40.7183811129848,26.4298,27.7,16.14400495784148,182.3,30.19,32.52,25.0,155.340594138891,16.11650981144235,12.600305
5378,MATO G. DO SUL,BULL24966928,>5d,A,203.77222,78.4682298614471,25.3725,25.0752,20.88846403822201,12758.76,28.0901,30.1,24.75,145.299591050806,20.86018785840189,12.5918809
5379,GOIAS,BULL24966928,5d,B,56.38,64.56376746282109,29.09,26.76,20.98314785939613,2344.78,33.18,36.54,23.3,181.628235629824,20.9162991327747,12.68
5380,RIB. PRETO,BULL24966928,>5d,C,24.74,90.7188383045526,26.9942,24.929,23.8032600530612,1014.878,29.9928,32.92,26.35,161.685902862972,23.7831003839413,
5381,RIB. PRETO,BULL24966928,>5d,B,158.93,87.0546859048527,28.0243,24.733,24.0269880334513,11039.785,31.1672,34.33,24.43,171.670505866493,23.9840196660786,
5382,MINAS GERAIS,BULL24966928,3d,C,31.833515,142.240000322686,26.55,24.68,30.9499200469508,2595.117,29.39,31.81,23.0,156.963976083205,30.8801082918545,12.63
5383,SÃO CARLOS,BULL24966928,4d,I,195.37,80.6943883950483,26.65,24.23,22.0637278998746,12608.49,29.37,32.56,24.87,158.838511215695,22.0869817208016,12.63
5384,MINAS GERAIS,BULL24966928,3d,I,26.75,20.94847457627119,28.33,24.61,13.46128589830508,143.99,31.49,33.33,24.0,173.170144487666,13.44222694040183,12.51
5385,MINAS GERAIS,BULL24966928,3d,A,31.88,134.603118712274,27.39,24.26,30.8686199698189,2449.35,30.26,32.55,27.1,164.806182408056,30.7345145217442,12.6
5386,MINAS GERAIS,BULL24966928,3d,A,120.31,125.988643707876,26.68,24.22,28.7335328963161,12358.11,29.4,31.55,23.9,157.932244553657,28.6346186299174,12.59
5387,PARANÁ,BULL24966928,fr,D,63.05,99.8506170421156,26.6924,25.21,24.9073640582958,4496.774,29.72,31.75,27.0,157.78678919857,24.8074593876832,12.563604
5388,PARANÁ,BULL24966928,fr,D,23.38,84.0582601054482,27.0072,24.99,22.8139272105448,832.023,30.03,32.12,26.0,160.863854360197,22.7268703377866,12.567377
5389,RIB. PRETO,BULL24966928,>5d,I,51.27,60.0896358543417,28.2594,25.93,19.81908625210084,1900.48,31.86,33.96,27.7,172.641783529312,19.7252048729166,
5391,S. J. RIO PRETO,BULL24966928,1/½,D,29.97,115.153199777407,27.018537,25.964116,27.4921014752538,1865.663,30.357655,33.510008,29.294107,161.995543632554,27.4725202780496,12.71029377
5392,S. J. RIO PRETO,BULL24966928,>5d,B,53.74,60.4039290848107,27.54,26.33,19.52197057977959,2032.38,31.11,33.95,24.1,166.545566572635,19.48061264475372,12.65
5396,GOIAS,BULL24966928,>5d,I,200.13,58.452240472014,27.28,26.38,19.09790234412374,8751.06,30.82,33.154848,23.733858,163.552314717371,19.03994456734166,12.48
5397,S. J. RIO PRETO,BULL24966928,1/½,I,14.36,114.016949152542,26.36,26.15,26.6496338983051,252.76,29.61,32.05,22.04,154.999032369869,26.5883250141396,12.51
5398,ARACATUBA,BULL24966928,2d,E,48.15,94.9925864453665,28.3075,24.72,25.5340160345781,3012.182,31.5,33.34,23.9,172.944920589263,25.357235234947,
5399,MINAS GERAIS,BULL24966928,2d,A,147.43,129.750793767998,26.06,23.83,28.5557616037806,15958.99,28.56,30.65,25.4,152.047174564638,28.4906659699516,12.6
5402,PARANÁ,BULL24966928,3d,C,22.14,58.9812623274162,27.2963,26.07,19.18639482938856,488.39,30.73,32.83,26.0,163.488576521242,19.11712455315131,12.556744
5403,PARANÁ,BULL24966928,3d,A,26.83,112.561024949427,24.7344,24.88,24.8058431611598,1503.32,27.27,29.3,27.0,139.33387773588,24.8048252559051,12.613339
5406,ASSIS,BULL24966928,>5d,D,22.2,65.1260784313726,26.72,24.71,19.82015874509804,553.886,29.6,32.03,25.644937,158.576706241566,19.78704559200169,12.53
5407,GOIAS,BULL24966928,3d,D,41.28,63.6734972677596,28.11,25.69,20.32460040983607,1525.0,31.59,34.16,27.373321,171.744962220845,20.25458086885719,12.5
5408,MATO G. DO SUL,BULL24966928,4d,B,95.33,70.8591143645746,26.4,25.5,20.47571246849874,4916.73,29.46,31.99,22.23,155.564409798047,20.45007401498592,12.53
5411,RIB. PRETO,BULL24965902,5d,I,20.58,113.518648018648,24.18,23.19,24.3649713286713,883.03,26.18,28.84,24.16,135.228042926176,24.5099443158493,12.65
5412,SÃO CARLOS,BULL24965902,2d,I,17.08,118.127952755906,25.0,23.29,25.7966338582677,551.13,27.16,29.847633,23.996086,142.917500115486,25.8940062671775,12.62
5413,MINAS GERAIS,BULL24965902,5d,C,23.060073,82.000803792163,28.24,25.71,23.3681305358473,786.214,31.76,34.0,24.0,172.63029618165,23.2442498460887,12.57
5414,MATO GROSSO,BULL24965902,>5d,E,34.5,75.8303111111111,27.62,26.13,21.97029459555556,1448.182,31.15,33.29,23.606444,166.59424371145,21.86779867208876,12.46
5415,RIB. PRETO,BULL24965917,>5d,I,13.32,68.3181818181818,27.42,24.99,20.68426363636364,86.34,30.52,33.13,23.11,165.352941652191,20.63655885032111,12.53
5416,RIB. PRETO,BULL24965917,>5d,B,15.45,87.8852173913044,27.8457,24.814,24.0245438921739,273.804,30.9823,34.11,25.03,169.938096302811,23.9851667723076,
5417,S. J. RIO PRETO,SCS123,>5d,C,45.46,53.4521817095039,25.94,26.27,17.77843413030484,1398.99,29.13,31.84,26.42,151.324279136494,17.77529533531157,12.55
5418,ASSIS,PT35013377,2d,B,22.9,157.824770642202,26.36,24.84,32.9404370642202,1601.49,29.21,31.18,28.2,154.611105171033,32.7962317025968,12.56
5419,PIRACICABA,PT35013377,2d,I,35.31,59.6808236808237,26.4208,25.1872,18.87595622136422,1123.44,29.3865,32.06,24.55,155.966300373506,18.86443178408963,12.66813326
5420,PARANÁ,SCS19003,1/½,E,19.46,67.16139410187671,25.671615,24.56289,19.54145343024129,423.504,28.303864,30.730154,30.370941,148.70778281903,19.54099188487425,12.6552184
5425,ARACATUBA,SCS19003,1/½,I,44.25,154.792124031008,26.98,23.6,33.390260179845,4617.046,29.57,32.18,28.035618,161.388904484707,33.3315589780367,12.66
5428,PIRACICABA,SCS19003,1,B,68.3,137.75079928952,27.9,23.49,31.9943770870337,7091.77,30.61,32.89,28.8,169.718261867251,31.8331974923607,12.59
5429,PIRACICABA,SCS19003,1,A,20.25,132.464242424242,28.11,24.14,31.4067894545455,1005.83,31.07,33.36,29.0,171.638446497598,31.2307245191161,12.58
5430,ARACATUBA,SCS19003,2d,I,39.23999999999999,117.629588839941,26.52,25.12,27.3374162995595,2889.35,29.48,32.05,26.6,156.794923960616,27.2946282840704,12.65
5431,S. J. RIO PRETO,SCS19003,4d,I,18.69,87.5056801195815,27.32,25.38,23.5674701943199,517.133,30.53,33.87,31.0,165.114408115467,23.5610075208655,12.73
5432,S. J. RIO PRETO,SCS19003,4d,I,29.51631,80.4059599310585,26.16,25.94,21.68628392623789,1210.22,29.3,31.46,24.291057,152.815305370734,21.63260613687023,12.48
5433,MINAS GERAIS,SCS19003,4d,C,16.21,57.1140142517815,28.23,25.15,19.32200451306413,201.93,31.56,34.61,27.0,173.437323234181,19.28308570115631,12.67
5434,ARACATUBA,SCS19003,1/½,C,114.26,130.757089771172,27.52,24.95,30.4311003324858,12156.1,30.63,33.18,28.6,166.237809988501,30.3168334469133,12.62
5435,MATO G. DO SUL,SCS19003,3d,A,336.7283,74.6165320361669,26.4435,26.5464,21.04401880464376,20345.36,29.8357,31.71,23.6,155.094320987116,20.96007013428328,12.53717244
5436,ASSIS,SCS19003,2d,C,61.04,94.9398450244698,27.08,25.27,24.50732862969,4079.37,30.21,31.87,27.9,161.01531210775,24.3593068924898,12.5
5437,MATO G. DO SUL,SCS19003,>5d,B,27.84,87.6578282828283,27.19,24.93,23.4924241161616,1210.42,30.22,32.54,24.23,162.866325429754,23.4142185430256,12.5
5438,MATO G. DO SUL,SCS19003,5d,C,17.19,104.5067437379576,26.78,24.8,25.6724967244701,492.11,29.7,31.95,23.86,158.923336941939,25.5913994796135,12.5
5439,MINAS GERAIS,SCS19003,3d,I,43.28,110.6822250639386,27.54,24.43,27.3352177749361,3098.78,30.49,32.65,23.9,166.057106396002,27.2026980460694,12.57
5440,GOIAS,SCS19003,3d,I,68.14283,66.2744282751689,28.45,26.96,20.92814345126528,3059.12,32.47,34.88777,22.700905,174.656885267041,20.82810945288838,12.46
5441,MINAS GERAIS,SCS19003,5d,A,13.2120961,78.2199969127861,28.53,25.94,22.9461654896835,92.265,32.2,34.65,26.0,175.569516738534,22.8315728934516,12.59
5442,S. J. RIO PRETO,SCS19003,3d,E,40.71,77.4907697666318,27.88,25.68,22.3999342389411,1892.24,31.31,33.98999999999999,,169.682739237777,22.3267639715931,12.63
5443,S. J. RIO PRETO,SCS19003,3d,C,108.15,33.8054082163287,28.17,26.57,15.52593450858034,2108.59,31.97,34.79,26.7,172.449319139983,15.49866290187932,12.64
5444,ASSIS,SCS19003,3d,B,70.06,136.716844643472,26.62,24.49,30.2336026868756,7253.06,29.41,31.27,25.9,156.978604328221,30.0812740726302,12.54
5445,ASSIS,SCS19003,3d,C,59.41,93.1638894747944,26.26,24.91,23.5739706391057,3859.98,29.11,31.12,24.0,153.705842055908,23.5013973025584,12.57
5446,MINAS GERAIS,SCS19003,2d,B,15.840046,67.4600127185976,28.59,26.03,21.20081611001535,224.969,32.3,34.73,22.5,176.108151471811,21.10144016785217,12.59
5448,S. J. RIO PRETO,SCS19003,5d,B,20.66,51.0819861431871,27.18,26.0,17.9326454965358,350.45,30.57,33.6,22.6,163.386267938083,17.91647602582498,12.69
5449,ASSIS,SCS19003,1/½,C,23.32,104.8719081272085,26.05,26.09,25.0485030918728,1063.31,29.21,31.38,30.9,151.769053539107,24.9806186993108,12.59
5450,GOIAS,SCS19003,1,I,153.84258,129.490812702363,27.82,25.89,30.5870465695139,16677.2,31.31,33.497768,30.856241,168.570356576378,30.3955784392575,12.46
5451,RIB. PRETO,SCS19003,2d,C,69.67,100.6085312987689,28.2486,25.043,26.3976458166118,5122.054,31.5396,34.54,25.87,173.579575370131,26.317328861426,
5452,S. J. RIO PRETO,SCS19003,4d,C,76.87,80.7021735779251,26.58,25.5,22.0167769076615,4468.71,29.68,32.36,23.0,157.42929182169,21.99130845004849,12.55
5453,PIRACICABA,SCS19003,2d,I,35.23,103.7821782178218,27.71,25.99,26.4189801980198,2144.1,31.21,33.68,25.0,167.815653070066,26.3011000392031,12.6
5454,ARACATUBA,SCS19003,fr,I,13.65,154.648484848485,26.03,24.48,32.0135824242424,247.37,28.71,31.43,25.7,152.442308019476,32.0338824476024,12.69
5455,PARANÁ,SCS19003,1,C,39.45,55.5945355191257,23.9399,27.99,17.20514394644809,1208.67,27.13,29.56,24.0,131.951274711373,17.22922010596935,12.685712
5456,S. J. RIO PRETO,PS321911285,>5d,I,196.12,69.9330871170975,27.12,25.4,20.75948277210515,10678.64,30.3,33.028849,23.226537,162.590818543321,20.72419100970523,12.54
5457,ASSIS,PS321911049,5d,I,13.81,48.0458563535912,26.96,26.04,17.39246011049724,77.243,30.31,33.13,27.3,161.088804176897,17.3740336192891,12.55
5458,GOIAS,PS321911049,5d,E,24.95,71.5294208494209,27.43,24.64,21.18538963706564,782.906,30.42,33.39,23.1,165.881799257505,21.1604943890661,12.69
5459,ASSIS,SCS17,5d,C,50.64,95.9811076604555,26.15,25.68,23.8833267339545,3257.03,29.21,31.14,24.4,152.477130613158,23.7974250298555,12.56
5460,ASSIS,SCS17,5d,B,85.77,95.9292395282635,26.11,25.67,23.842415697438,6203.46,29.16,31.11,24.5,152.123705807296,23.7604760682884,12.56
5461,ASSIS,PT35001499,3d,D,199.99,103.9875525293899,25.99,24.7,24.8690585988616,17304.74,28.72,31.29,23.5,151.859221428727,24.8653074778946,12.67
5462,ASSIS,PT35001499,5d,D,37.72,45.5723172628305,26.39,25.74,16.83105645412131,875.48,29.52,31.73,23.6,155.072417554964,16.8032725937154,12.59
5463,S. J. RIO PRETO,AIC456PS321974039,2d,C,16.78,92.7573221757322,29.24,23.82,25.9225623430962,398.02,32.3,34.61,24.73,182.412603732053,25.7620655423948,12.48
5464,MINAS GERAIS,AIC456PS321974039,1/½,I,87.49,108.3993906477679,28.28,24.12,27.6938207974566,7289.19,31.27,34.35,,174.088884813518,27.6252697267994,12.68
5465,GOIAS,AIC456PS321974039,5d,C,30.86,72.3547189819724,28.53,26.78,21.97663504772004,1150.29,32.5,36.57,24.1,176.959903503477,21.95610861924565,12.78
5466,PIRACICABA,AIC456PS321974039,2d,E,88.91,34.7205824990248,26.5,25.98,15.2944844623586,1759.44,29.73,33.31,22.6,157.550193776545,15.30698518544904,12.79
5467,MINAS GERAIS,AIC456PS321974039,5d,I,55.4,57.1322580645161,31.88,28.6,20.97229290322581,1970.74,37.47,41.56,23.0,208.372349919947,20.86272757332249,12.69
5468,PARANÁ,BULL24988082,2d,D,21.07,130.067254685777,24.5966,23.98,26.8724598037486,1082.87,26.87,29.07,27.0,138.387379683673,26.9222109461803,12.653127
5469,PARANÁ,BULL24988082,2d,B,55.93,151.550398361029,23.681,22.88,28.3008820325518,6142.449,25.53,27.83,24.0,130.110339890598,28.4823449822895,12.709379
5470,PARANÁ,BULL24988082,1,D,30.66,45.8327438370847,25.918054,25.112588,16.70885955692712,643.319,28.75873,31.345076,23.350252,151.141640738533,16.70754348817844,12.6699394
5471,MINAS GERAIS,BULL24988082,2d,I,76.57,94.9072324608952,26.57,23.66,24.0795837695524,5365.32,29.1,31.77,26.1,157.587498377313,24.0702565713681,12.67
5472,PARANÁ,BULL24988082,5d,E,28.55,46.5148640483384,27.1807,25.8,17.2395979665861,583.221,30.5,32.58,25.0,162.401567249385,17.19108964626954,12.557773
5473,S. J. RIO PRETO,BULL24988082,1/½,C,32.26000000000001,180.750740375123,26.588216,24.092209,36.6177225075222,3430.89,29.273165,32.395658,29.005575,158.202520229246,36.6717835333942,12.7358746
5474,GOIAS,PT35022994,2d,D,98.78,78.253076745794,27.21,25.38,22.0770929730353,5761.442,30.4,33.55,23.4,163.885022435809,22.0628500479763,12.71
5475,GOIAS,PT35022994,2d,B,42.76000000000001,134.249837451235,26.75,24.38,30.0318510240572,3772.405,29.53,32.57,25.6,159.592208444394,30.043123491396,12.72
5476,RIB. PRETO,PT35022994,2d,C,40.59,89.4386498775796,25.98,24.99,22.8259232528856,2225.971,28.79,32.03,23.1,152.482273379924,22.8787575822744,12.77
5477,RIB. PRETO,PT35022994,3d,C,97.55,78.7310461718293,26.78,25.27,21.86284862419638,5720.841,29.84,32.68,25.2,159.524034266202,21.84443314207244,12.68
5478,RIB. PRETO,PT35022994,1,B,72.03999999999999,70.99282145236509,26.15,24.79,20.34748423550966,3553.929,28.94,31.69,21.28,153.560940269895,20.35107927397086,12.69
5479,RIB. PRETO,BULL24985476,5d,C,53.16,105.3705053449951,25.3632345,23.436,24.4773195830867,3855.13,27.627257,30.13,23.18,146.065054323646,24.5177218713031,12.68449193
5480,ARACATUBA,BULL24985476,4d,E,35.58,67.224427480916,27.4799,25.18,20.54868614961832,1314.192,30.66,32.56,22.4,165.103870686675,20.45507360378381,
5481,RIB. PRETO,BULL24985476,1/½,I,69.82,115.554825319959,23.37,23.39,23.7741836388793,5999.54,25.29,28.27,24.81,128.083003935035,24.0209551951086,12.72
5482,ARACATUBA,BULL24985476,3d,E,56.05,81.0129625425653,27.6453,25.0,22.797285028672,3052.021,30.8,32.66,25.5,166.6473460712,22.6726715017189,
5483,ARACATUBA,BULL24985476,fr,I,16.0,113.2525,27.905,24.3,28.104210125,417.01,30.88,32.71,26.3,169.153262394925,27.9121607006422,
5484,S. J. RIO PRETO,BULL24985476,1/½,D,34.92,149.315445026178,28.04,24.94,34.025397382199,3159.27,31.26,33.54,30.25,170.866733941617,33.8148562710485,12.48
5485,RIB. PRETO,BULL24985476,fr,B,13.81,94.3701657458564,26.2,24.57,23.6965635359116,161.09,28.94,31.89,24.3,154.290457239115,23.7204885468396,12.72
5486,GOIAS,BULL24985476,2d,C,167.24,77.9004766812677,27.91,24.65,22.4847658399897,10242.39,31.0,34.06,26.3,170.500439844309,22.4452545399306,12.69
5487,RIB. PRETO,BULL24985476,>5d,I,34.35,67.8738255033557,26.87,25.6,20.30843785234899,1260.78,30.06,32.87,23.11,160.291516641187,20.28561432443763,12.55
5488,PIRACICABA,BULL24985476,2d,I,39.76000000000001,101.200288184438,26.1571,24.6683,24.6281739985591,2488.2,28.9127,31.36,21.64,153.292342438086,24.6033176637316,12.6445863
5489,S. J. RIO PRETO,BULL24985476,5d,I,82.46,91.5347431166619,27.289089,25.774412,24.1601376610278,5616.018,30.626553,34.177067,24.072968,164.968319474188,24.166295994367,12.7629187
5490,S. J. RIO PRETO,BULL24985476,2d,I,215.51,124.599479141074,26.48,23.95,28.3044045796275,22927.12,29.08,31.72,24.85,156.662987060463,28.2889769940001,12.57
5491,ARACATUBA,BULL24985476,1/½,D,20.72,109.9860091743119,26.72,23.84,26.4235405504587,866.438,29.34,31.64,29.0,158.537646240526,26.3586391489062,12.61
5492,MINAS GERAIS,BULL24985476,3d,A,168.7,118.6383535418,26.27,24.24,27.2172930504148,16722.23,28.92,31.21,24.2,154.226112468947,27.1667584643393,12.62
5493,ARACATUBA,BULL24985476,2d,D,63.95,91.7999615014437,27.047,25.28,24.0075002071222,4157.608,30.17,32.52,25.8,161.501969755544,23.9302514308824,
5495,ARACATUBA,BULL24985476,1/½,I,72.83,97.5668255794838,25.99,25.44,23.9707988985698,5217.03,28.94,31.61,,151.869186296256,23.9681622677561,12.68
5496,GOIAS,BULL24985476,1/½,C,57.78,99.0565749235474,25.04,26.24,23.3521773700306,3997.45,28.02,32.02,29.4,144.27373094687,23.5152979685933,12.9
5498,ARACATUBA,BULL24975201,3d,D,138.25,82.0186376237624,26.9551,25.22,22.4713572752713,8851.853,30.04,32.5,23.9,160.764159122903,22.4162637490303,
5499,ARACATUBA,BULL24975201,3d,C,37.65,83.1975438596491,27.0019,25.01,22.6809843322807,1838.217,30.03,32.21,23.5,160.915504656993,22.602418174198,
5500,ARACATUBA,BULL24975201,4d,D,44.69,54.3321505047415,26.2122,25.67,18.01632989403487,1395.838,29.28,31.59,23.7,153.517868988493,17.99075572913117,
5501,PIRACICABA,BULL24975201,5d,D,32.17,40.4214179474467,27.35,25.9,16.36268765493307,585.26,30.74,33.45,28.0,164.674491456367,16.33922553159529,12.64
5504,ASSIS,BULL24975201,3d,I,34.97,65.35829342620809,26.88,25.64,19.93971406181977,1237.64,30.08,33.29,23.63,160.800891551414,19.93976163348172,12.6
5509,RIB. PRETO,BULL24975201,2d,B,22.26,153.035087719298,27.183431,24.9976,33.4139652296491,1459.02,30.244196,33.04,23.47,163.318219913737,33.341178419062,12.66677976
5510,ARACATUBA,BULL24975201,3d,I,151.06,74.2133036099525,27.426029,24.74523,21.59704225672933,8663.382,30.459707,33.328262,26.458011,165.719651113682,21.56340732555145,12.67352766
5511,ARACATUBA,BULL24975201,5d,D,88.69,60.4889816142913,26.8326,25.34,19.19217668692137,3730.62,29.93,32.47,22.6,159.680384342259,19.16087144116328,
5512,MATO G. DO SUL,BULL24975201,>5d,B,27.329834,116.730879669017,24.95,24.35,25.5626489171377,1617.507,27.39,29.62,24.412985,141.697471223363,25.5833302520698,12.54
5513,S. J. RIO PRETO,BULL24975201,1/½,B,25.02,147.289170506912,26.60832,24.346962,31.7634749529954,1773.465,29.355284,32.513868,28.209435,158.394174702102,31.8055464624914,12.7379057
5514,RIB. PRETO,BULL24975201,5d,B,39.22,88.8677443056576,27.1966,25.06,23.6812836311536,2104.34,30.28,32.78,23.6,163.1114900185,23.615599376389,
5515,S. J. RIO PRETO,BULL24975201,2d,D,29.04,103.6795774647887,25.84,23.47,24.6884535211268,1574.22,28.19,31.1,27.37,151.037796460407,24.7469264311254,12.63
5516,S. J. RIO PRETO,BULL24975201,2d,B,134.61,122.185629230895,26.86,24.69,28.373584503711,13521.86,29.76,32.58,26.91,160.339304486944,28.3448596045672,12.57
5517,ARACATUBA,BULL24975201,2d,B,64.74000000000001,132.425748957148,26.67,23.76,29.6664573720137,6363.254,29.25,31.8,27.0,158.374373970394,29.6272436135184,12.65
5518,S. J. RIO PRETO,BULL24975201,2d,I,16.09,38.1359413202934,27.88,25.71,16.15038748166259,118.896,31.32,33.71,25.0,169.376222933647,16.1131757278032,12.59
5519,S. J. RIO PRETO,BULL24975201,5d,B,19.17,80.0958158995816,26.0,26.56,21.53341422594142,500.247,29.29,32.75,24.0,152.642398803545,21.57715889660176,12.79
5520,RIB. PRETO,BULL24975201,4d,B,46.21,97.2838935983631,25.24,24.27,23.2915875124233,2929.562,27.71,30.66,24.0,145.331648893627,23.3710421575384,12.75
5521,PARANÁ,BULL24975201,1/½,D,14.77,73.3599277978339,26.6121,25.65,20.96597400974729,181.967,29.76,31.99,31.0,157.206912549435,20.90988566977972,12.593788
5522,PARANÁ,BULL24975201,1/½,E,25.63,52.2831988261189,23.895823,23.549427,16.79201803109318,561.06,26.347169,28.480446,30.874294,131.690672327666,16.8215231510072,13.0302192
5523,PARANÁ,BULL24975201,>5d,A,39.45,48.7643715846995,25.0753,26.35,16.80705187781421,1021.182,28.09,30.42,24.607284,142.73107616948,16.8062458619624,12.644895
5524,S. J. RIO PRETO,BULL24975201,3d,I,55.67,103.8658117700939,27.19,24.12,25.9544168078773,4023.78,29.98,32.806936,24.477003,163.538921342792,25.92124602392,12.57
5525,S. J. RIO PRETO,BULL24975201,fr,D,121.65,117.49895120839,24.81,24.55,25.5144156497948,11579.96,27.27,30.58,27.63,141.68978480623,25.6821362794991,12.69
5526,RIB. PRETO,BULL24975201,1/½,A,13.92,154.751041666667,28.2099,25.206,35.139801103125,286.082,31.5496,34.65,25.67,173.290414397066,35.0243746660295,
5527,ARACATUBA,BULL24975201,1/½,I,61.02,140.80497756018,26.3,24.51,30.4191117911057,6326.02,29.04,31.44,,154.604545089783,30.3681752302692,12.64
5528,ARACATUBA,BULL24975201,1/½,D,105.06,136.692026649473,26.43,24.8,29.993059445519,11615.84,29.28,31.71,,155.827628068157,29.9341584320052,12.64
5529,ARACATUBA,BULL24975201,1/½,B,22.58,128.749527410208,26.6,25.15,29.0454310018904,1247.21,29.59,32.05,27.1,157.419937342414,28.9777089607489,12.64
5530,GOIAS,BULL24975201,4d,C,89.86,106.0746211148215,26.86,25.51,25.9794886976625,7336.65,30.01,33.69,24.9,161.109755271013,26.0274437316443,12.79
5531,MATO G. DO SUL,BULL24975201,1/½,B,52.68,141.929203539823,25.88,24.94,30.0341734513274,5297.52,28.66,31.18,23.383112,150.730164734651,30.0250998109216,12.55
5533,PIRACICABA,BULL24975201,4d,I,21.63,101.3042575285566,26.5774,24.8891,25.0182388369678,872.0,29.4829,31.79,24.55,157.064232075866,24.9548535394855,12.61086595
5534,RIB. PRETO,BULL24975201,2d,I,72.1,104.5825291181364,26.8818,25.31,25.7779468183028,5576.21,29.98,32.57,23.5,160.204270361781,25.7211261762017,
5535,RIB. PRETO,BULL24975201,2d,D,47.17,112.107477964174,26.5046,24.64,26.5201892487916,3532.78,29.32,32.19,22.8,157.055441173664,26.5211343808761,
5536,RIB. PRETO,BULL24975201,2d,C,88.69,133.880166905724,26.7424,24.3,29.9680617259095,9358.99,29.5,32.09,22.9,159.027846797446,29.919778507462,
5539,ARACATUBA,BULL24975201,2d,D,76.8,112.582407407407,26.044,24.4,26.1257932962963,6529.74,28.7,31.72,25.1,152.931736555359,26.1752533428445,
5540,ARACATUBA,BULL24975201,2d,C,165.55,110.2673396287854,26.3715,24.77,26.1224907147509,15100.95,29.2,31.83,25.1,155.51163614146,26.1025066893955,
5542,ARACATUBA,BULL24975201,1,I,254.11,85.2459460575771,27.574077,24.711664,23.4073800383855,17745.576,30.621346,33.57234,22.430538,167.208974262382,23.3684281564743,12.6784474
5543,MINAS GERAIS,BULL24975201,2d,I,225.93,97.3538540644136,27.75,24.16,25.4432320151451,18271.75,30.65,33.82,27.6,169.178499411121,25.4157907008003,12.71
5545,ASSIS,BULL24975952,5d,A,38.17,107.0588460068781,26.97,25.57,26.2303092472297,2499.69,30.17,32.0,26.8,160.141757584521,26.0821845214153,12.52
5546,PIRACICABA,BULL24975952,3d,C,44.27,39.2897427951658,27.22,25.8,16.15349885342423,892.64,30.55,33.85,28.5,164.066754347307,16.14986261383365,12.73
5547,S. J. RIO PRETO,BULL24975952,3d,B,17.3,92.4815094339623,26.95,25.03,24.0319856603774,438.552,29.97,33.44,26.0,161.82318268096,24.0579958903639,12.77
5548,PIRACICABA,BULL24975952,4d,B,29.63,35.7271695972774,25.98,27.22,15.31705830969938,430.31,29.47,31.99,26.8,151.360257794385,15.30662447180767,12.64
5549,MINAS GERAIS,BULL24975952,3d,A,32.0,115.3695,26.13,24.24,26.60611035,2079.39,28.76,31.09,24.1,152.952977784048,26.5702388370481,12.63
5550,MINAS GERAIS,BULL24975952,4d,C,28.95,84.9994100294985,28.42,24.72,23.9865031268437,1249.34,31.63,35.08,23.5,175.688737772944,23.9491812858982,12.72
5551,GOIAS,BULL24975952,5d,C,42.23,78.7327158451869,28.27,26.22,22.8574128680119,2029.33,31.97,35.15,24.0,173.790133014114,22.7966949729859,12.68
5552,RIB. PRETO,BULL24975952,3d,B,29.73,99.9981387478849,27.8794,24.508,25.9735764443316,1572.207,30.9189,34.04,27.3,170.295101979323,25.9296743470871,
5553,S. J. RIO PRETO,BULL24975952,4d,I,74.36,81.0733162283515,27.75,26.04,22.8790473059654,4319.412,31.27,34.38,27.0,168.838911473764,22.8333837291377,12.69
5554,S. J. RIO PRETO,BULL24975952,1/½,C,16.33,135.691916859122,27.69,25.33,31.4072617551963,547.586,30.96,34.21,29.0,168.517048290047,31.3598937241278,12.71
5556,RIB. PRETO,SCS19007,2d,I,17.33,107.7898686679175,25.14,24.5,24.5867887429644,522.56,27.65,29.920517,26.16,143.518169189799,24.5981081541358,12.54
5557,GOIAS,BULL24987935,3d,B,273.46,91.8000382467682,27.08,25.0,24.0338457676126,20876.518,30.128424,33.16463,24.83,162.598030883348,24.0177286243792,12.7023153
5558,GOIAS,BULL24987935,5d,A,97.73,87.4037559780707,26.49,26.1,22.9260042412224,6476.364,29.75,32.66,24.0,156.746021404964,22.9143936768165,12.69
5560,S. J. RIO PRETO,BULL24975033,fr,C,93.51,117.723592197276,25.96,24.04,26.7590134707398,8629.53,28.5,31.44,23.81,152.107519260192,26.8126702300366,12.62
5561,S. J. RIO PRETO,BULL24975033,2d,B,31.98,124.922422422422,27.4,24.61,29.3900530530531,2268.19,30.38,32.96,26.98,165.181215361587,29.2975939082412,12.53
5562,GOIAS,BULL24975033,1/½,C,199.35,131.539471577262,23.58,25.43,25.8426708086469,22407.72,26.02,29.67,26.5,130.48308384828,26.1634052340678,12.92
5563,GOIAS,BULL24975033,fr,C,98.8,131.74930875576,23.58,25.43,25.8669699539171,10406.24,26.02,29.67,26.0,130.48308384828,26.1882673900823,12.92
5564,S. J. RIO PRETO,BULL24975033,2d,B,18.16,140.889285714286,26.744891,25.176641,31.00458468925,805.958,29.777252,32.99982,27.7808075,159.614235411975,31.0258933635098,12.7352399
5565,PIRACICABA,VIC456654,4d,D,18.08,62.2529605263158,25.292,28.24,18.6796235131579,317.538,28.92,31.78,24.41,145.104931989377,18.68891689312013,12.71
5568,SÃO CARLOS,VIC456654,4d,A,140.65,83.8332996502138,26.238,26.09,22.2276252041974,9253.354,29.44,32.02,24.661,154.0128054123,22.2012484053492,12.65
5569,SÃO CARLOS,VIC456654,3d,E,120.35,63.1059898477157,24.955,27.482,18.62078098477157,5549.334,28.267,30.878,23.263,141.771899831997,18.63212139533284,12.688
5570,SÃO CARLOS,VIC456654,3d,A,54.87,91.0457429437835,26.48,26.801,23.4458235782599,3400.691,29.962,32.416,24.086,156.063080232445,23.3875732077435,12.623
5579,PARANÁ,VIC456654,>5d,A,24.45,64.7456224899598,27.2625,25.74,20.05030063253012,668.683,30.58,32.2,24.0,162.655794871862,19.94643368223605,12.486086
5580,S. J. RIO PRETO,VIC456654,5d,I,35.31,72.6700986700987,26.46,26.12,20.77289626769627,1426.22,29.72,32.23999999999999,26.13,156.036646535264,20.73871755740459,12.52
5582,PARANÁ,VIC456654,2d,A,32.26000000000001,130.044817374136,26.268,24.85,28.8426345429418,2403.588,29.1,30.93,26.0,153.566098920382,28.7111442934254,12.542681
5589,RIB. PRETO,VIC456654,2d,I,30.59,84.1296395911781,26.9173,27.27,22.7597947267348,1352.89,30.66,32.81,23.7,159.813023956119,22.661700144837,
5590,S. J. RIO PRETO,VIC456654,3d,I,82.59,124.445686357841,26.78,25.57,28.6194724436889,7949.541,29.94,33.1,27.0,159.818325551035,28.6215330728529,12.72
5592,MATO G. DO SUL,BULL24036152,1,A,48.6427,43.9692599071575,22.9303,27.08,15.49433601563204,1183.44,25.6263,28.54,24.63,123.259779464263,15.55689280690605,12.8152322
5593,ASSIS,BULL24036088,3d,I,122.11,62.7489782944328,26.38,25.18,19.29770307873944,5599.97,29.33,32.53,26.07,156.16223381779,19.31608607489595,12.62
5594,MINAS GERAIS,BULL24036088,3d,C,22.58,74.3610586011342,28.4,24.77,22.227213610586,671.78,31.63,34.77,27.6,175.18762352708,22.1765529537521,12.68
5595,MINAS GERAIS,BULL24036088,4d,C,138.71,91.7307236997869,26.75,24.76,23.7602817457186,10114.68,29.65,32.79,22.9,159.640859482364,23.7715125741875,12.73
5597,MINAS GERAIS,BULL24036066,1/½,A,43.58,126.120645978467,28.32,24.46,30.6244894236859,3615.93,31.43,33.44,28.4,173.281386893295,30.405536056566,12.54
5598,MINAS GERAIS,BULL24036066,2d,A,115.96,136.871969988457,27.58,24.7,31.4550529242016,12993.69,30.62,32.91,27.4,166.550878257275,31.2990726314321,12.59
5599,S. J. RIO PRETO,VIC457870,4d,C,167.97,87.2931332948644,27.08,24.91,23.3542045008656,11755.47,30.09,32.73,25.61,162.185174292187,23.3079123468941,12.54
5616,SÃO CARLOS,VIC457870,>5d,C,26.5,45.6073793103448,28.315,26.75,17.48304393448276,499.307,32.22,34.5,23.93,173.263477143104,17.41964284525343,12.56
5617,SÃO CARLOS,VIC457870,>5d,B,25.43,45.5611317944899,28.315,26.75,17.47549865227104,462.726,32.22,34.5,23.93,173.263477143104,17.41218481003744,12.56
5618,S. J. RIO PRETO,VIC457870,3d,D,62.53,81.3682960617455,28.16,24.64,23.2099166435781,3517.18,31.3,33.71,25.17,172.181118600091,23.1114912585527,12.5
5619,S. J. RIO PRETO,VIC457870,3d,C,18.71,66.8345752608048,28.1,24.84,20.82836661698957,379.94,31.29,33.75,26.81,171.642277125989,20.75391645987127,12.5
5620,S. J. RIO PRETO,VIC457870,2d,B,28.9,117.398224852071,26.77,24.37,27.5673178106509,1793.23,29.56,32.43,27.16,159.592811206311,27.556020302072,12.58
5621,S. J. RIO PRETO,VIC457870,5d,I,40.84,84.5984743411928,26.68,24.97,22.6574560332871,2105.74,29.63,32.67,23.6,158.842707112614,22.6605565045064,12.6
5622,PARANÁ,VIC457870,>5d,A,16.69,64.708315565032,27.2625,25.74,20.04460666311301,259.202,30.58,32.2,25.0,162.655794871862,19.94081317780682,12.486086
5623,S. J. RIO PRETO,VIC457870,2d,I,26.5,64.1949655172414,26.78,25.22,19.71441590344828,768.827,29.83,33.47,27.0,160.366550764557,19.74398700106808,12.79
5624,SÃO CARLOS,VIC457870,1/½,I,36.88,122.434485530547,27.41,24.34,29.0179542202572,2759.61,30.31,32.97,28.49,165.399658310847,28.9406123461201,12.54
5627,S. J. RIO PRETO,VIC457870,>5d,D,16.31,79.3280742459397,27.7,26.43,22.5705076566125,302.184,31.35,34.33,23.0,168.181587974175,22.515405550974,12.66
5628,PARANÁ,VIC457870,2d,D,14.08,31.1932692307692,25.6837,24.99,14.62634938173077,51.922,28.44,31.24,24.0,149.204531442254,14.63340351165271,12.710065
5629,S. J. RIO PRETO,VIC457870,>5d,D,64.97,80.2641306399849,27.81538,25.05547,22.79623166441,3627.951,31.023632,34.146322,21.783792,169.611688984494,22.7592249272262,12.69560546
5630,S. J. RIO PRETO,VIC457870,>5d,B,26.89,61.2374076561451,26.95,25.24,19.36099244459369,745.145,30.04,32.98999999999999,24.0,161.247676940614,19.34856871125764,12.69
5638,S. J. RIO PRETO,VIC457231,>5d,D,99.79,51.5095113338649,25.91,26.21,17.49577302654061,3480.54,29.08,31.97,23.77,151.248431899336,17.50163749834973,12.58
5639,RIB. PRETO,BULL24015935,1/½,I,18.9,124.104347826087,24.02,23.58,25.4749426086957,785.52,26.09,28.49,20.33,133.315004884245,25.5999395040668,12.61
5642,ARACATUBA,BULL24975242,2d,I,45.52,113.313454653938,26.21,23.96,26.3966419063246,3408.027,28.77,31.16,23.071711,153.818598382724,26.3681321363331,12.64
5643,S. J. RIO PRETO,BULL24975242,fr,I,28.84,123.147862232779,26.725622,24.990542,28.3672140534798,1883.73,29.697515,32.88146,28.23243,159.42132826399,28.3855654840593,12.7346486
5644,S. J. RIO PRETO,BULL24975242,fr,B,14.54,123.238188976378,26.725622,24.990541,28.3805152283071,294.545,29.697515,32.88146,28.23243,159.421328361837,28.3988815834627,12.7346486
5647,MATO G. DO SUL,BULL24975242,fr,B,14.7,93.1259259259259,25.07,25.02,22.6031585185185,231.04,27.71,30.29,26.42,143.174085730539,22.6416191623768,12.58
5648,S. J. RIO PRETO,BULL24975242,2d,I,219.47156,88.8623901994085,27.11,24.84,23.6139071591306,15958.76,30.11,32.49491,25.713625,162.192442815534,23.5441501446899,12.51
5649,ARACATUBA,BULL24975242,3d,I,39.89,49.7378988884905,26.09,27.14,17.31726995338831,1064.51,29.58,32.61,27.0,152.953401673975,17.31928522036126,12.71
5650,ARACATUBA,BULL24975242,1/½,B,85.47,94.0020416496529,26.67,25.09,24.0296995100041,6036.69,29.65,31.99,,157.952260839615,23.9683833722312,12.61
5652,S. J. RIO PRETO,BULL24975242,1,I,66.95,101.8469881710646,26.15,24.97,24.7133488262056,4949.092,28.99,32.38,22.0,154.241428325342,24.7799639281824,12.78
5653,MATO GROSSO,BULL24975242,3d,B,144.95,111.9381120722076,27.26,24.88,27.2505559022189,13298.772,30.3,32.6,26.019917,163.51050765729,27.1416740943714,12.5
5654,ARACATUBA,BULL24975242,1/½,B,135.76,104.3652957336781,27.48,24.16,26.2981477795734,11443.129,30.33,33.03,28.851328,166.130283027566,26.2362891733566,12.65
5655,ARACATUBA,BULL24975242,5d,C,26.27,35.9391030133146,27.43,24.64,15.69380359495445,353.611,30.42,33.04,24.0,165.505290159323,15.67477895421278,12.63
5656,ARACATUBA,BULL24975242,4d,I,37.21,74.2949623165411,27.92,23.79,21.91735800079334,1582.456,30.73,33.04,26.0,169.904512387799,21.8366556488097,12.59
5657,RIB. PRETO,BULL24975242,4d,E,83.66,36.3709182249512,27.3128,26.31,15.73186996595032,1758.42,30.83,33.18,29.8,163.888587216227,15.70166433835002,
5658,S. J. RIO PRETO,BULL24975242,4d,I,25.67,162.013899049012,25.5,24.44,32.2518763716167,2062.69,28.06,30.64,22.92,147.299649796515,32.2968280059411,12.58
5659,GOIAS,BULL24975242,5d,C,14.01,88.1741293532338,27.21,25.1,23.5860850746269,165.11,30.31,33.56,25.6,164.030721955494,23.5808078799034,12.73
5660,GOIAS,BULL24975242,4d,C,110.76,74.2686310247064,28.27,26.44,22.1311062677197,6161.65,32.06,35.97,25.7,174.426164850473,22.1140549278323,12.77
5661,S. J. RIO PRETO,BULL24975242,1/½,B,39.08,37.0036927621861,20.79,24.53,14.19782459379616,689.1,22.48,26.29,,105.3027086828838,14.33291226178658,13.13
5662,ARACATUBA,BULL24975242,>5d,D,26.18,89.8101551480959,26.7732,24.8,23.4950498403385,1115.348,29.69,32.11,25.2,159.055887019108,23.4424413843976,
5666,S. J. RIO PRETO,BULL24975162,1/½,D,58.75,128.284064171123,26.65,25.04,29.0356154010695,5448.28,29.62,32.26000000000001,29.17,158.109466587217,28.9902025886365,12.55
5667,RIB. PRETO,BULL24005014,1/½,A,46.93,109.6650443744632,25.05201,25.4832,24.7472513582594,3423.44,27.817307,30.98,34.48,143.620257342638,24.854698273947,12.7825509
5668,S. J. RIO PRETO,BULL24005014,1/½,I,13.41,106.4539007092199,27.07,24.25,26.2342028368794,145.18,29.87,32.38,28.38,162.035118534003,26.1714021889067,12.53
5671,S. J. RIO PRETO,BULL24005014,2d,I,13.9469,78.8806821100211,26.84,25.42,21.92509322512713,142.21,29.96,32.632778,25.569311,159.886353785357,21.8907402159286,12.54
5672,S. J. RIO PRETO,BULL24005014,1,I,18.21,57.2495974235105,28.87,25.85,19.63360708534622,293.0,32.58,34.77,21.996726,178.542717642788,19.53599092715351,12.44
5673,GOIAS,BULL24005014,1/½,B,51.97,103.009256942707,27.07,24.34,25.7150950212659,3649.64,29.9,32.87,30.0,162.533421781377,25.6999348613662,12.7
5674,ASSIS,BULL24005014,1/½,D,27.18,145.797101449275,25.9,24.65,30.5977971014493,2043.04,28.6,31.3,29.1,151.172031427962,30.6208144078688,12.69
5675,RIB. PRETO,BULL24005014,3d,I,30.47,106.5614510016243,27.06,23.86,26.2409545208446,1758.55,29.74,32.35954,23.115723,162.118615210795,26.1954340766873,12.55
5676,RIB. PRETO,BULL24005014,2d,A,24.79,95.0258014073495,25.133911,24.3904,22.904534863878,1073.9,27.61515,30.89,22.1,144.700833086563,23.0175930144348,12.80563915
5677,GOIAS,BULL24005014,4d,D,15.51,83.0655270655271,26.42,24.91,22.247649002849,261.44,29.3,32.11,20.5,156.152165490926,22.2442496182497,12.69
5678,S. J. RIO PRETO,BULL24005014,3d,I,12.30124,95.0566989775594,26.38,24.93,23.943553312973,37.02,29.26,31.516691,27.339329,155.134770781736,23.8883015700406,12.51
5682,RIB. PRETO,BULL24005014,1,A,12.2,122.9,24.703513,25.8696,26.088195917,34.18,27.500148,31.14,21.41,140.828998726873,26.2871359588102,12.86328274
5683,PIRACICABA,BULL24975375,1,I,12.13294,97.0007522190462,24.6051,29.388,22.714429817963,23.3,28.3831,32.02,25.11,139.279247340349,22.8188317658037,12.83410406
5684,ARACATUBA,BULL24975375,1/½,I,20.23,86.8626974483597,28.04,25.85,24.0079766707169,628.12,31.57,34.45,29.0,171.374600311452,23.9312124840695,12.65
5685,GOIAS,AIC456PS321013127,1/½,C,25.49,139.503335804299,27.91,24.55,32.285780726464,1732.02,30.97,33.94,,170.421610566745,32.19928381074971,12.68
5686,GOIAS,BULL24985517,2d,C,17.97,67.6984924623116,25.42,27.39,19.47473768844221,344.52,28.82,33.8,,148.515336819008,19.60369845880344,13.0
5687,RIB. PRETO,BULL24035060,1/½,I,35.5,98.6587234042553,28.45,24.91,26.25536,2048.48,31.74,33.987803,25.349779,174.723289191645,26.1013925094894,12.47
5688,GOIAS,AIC456PS321015503,1/½,D,40.37,110.4747973211139,26.59,26.1,26.3674729291505,2805.73,29.87,33.23,,158.155300929366,26.3926136364257,12.75
5689,RIB. PRETO,BULL24005983,4d,C,14.63,99.490494296578,28.534,25.52,26.4656783269962,242.1,32.05,34.32,23.7,175.473112791367,26.3023434423169,
5690,S. J. RIO PRETO,SCS120BT,3d,D,66.88,72.42346938775509,27.46,24.03,21.34146836734694,3328.04,30.27,33.2,23.77,166.209858401732,21.31789465842708,12.58
5693,PIRACICABA,BULL24015177,2d,I,32.38,102.5387634936212,27.1385,24.1065,25.7062107114818,1857.18,29.9094,32.28,23.21,162.540840764241,25.6297815780845,12.611943
5694,MATO G. DO SUL,BULL24015177,fr,E,42.79,109.6813575836311,28.36,24.8,27.980670100682,3019.609,31.59,33.91,27.431383,173.96056953865,27.8205283075534,12.48
5695,ARACATUBA,BULL24075322,1/½,D,25.78,121.898403483309,24.64,24.03,25.8911582002903,1526.4,26.94,29.71,,139.532232422119,26.0155887358532,12.75
5696,ARACATUBA,BULL24075322,1/½,B,31.16,122.661795407098,25.49,24.89,26.9282762004175,2132.28,28.18,30.8,,147.186942757124,26.9600298011,12.69
5699,MATO G. DO SUL,SCS19004,4d,B,54.69,73.5221363316936,25.6,23.93,20.36701054111033,2638.38,28.04,30.59,30.19,148.276692840103,20.38403327574116,12.58
5700,MATO G. DO SUL,SCS19004,4d,E,43.117306,62.6332714020937,26.85,24.97,19.51904080321092,1587.571,29.84,31.88,26.095355,159.318326010229,19.45920878337803,12.47
5701,MINAS GERAIS,SCS19004,5d,I,35.47,56.7993182786536,32.44,30.69,21.1569806561568,1063.44,39.21,44.56,22.9,214.193809557994,21.05814482836204,12.77
5703,MATO G. DO SUL,SCS19004,3d,D,52.701817,64.2508368606738,26.86,24.92,19.76447435749613,2138.704,29.83,32.28,22.763118,159.894228217653,19.72759719123583,12.52
5704,MATO G. DO SUL,SCS19004,3d,D,397.56,73.05080921257391,25.77,24.37,20.40669642857143,23550.75,28.37,30.81,24.63,149.677034712172,20.40529437916571,12.55
5705,MATO G. DO SUL,SCS19004,3d,C,37.6,73.519140625,25.6,23.93,20.366603125,1586.89,28.04,30.59,24.16,148.276692840103,20.38362503074024,12.58
5706,MATO G. DO SUL,SCS19004,3d,B,317.47,93.9825514780502,25.62,23.75,23.1660235113104,25055.21,28.01,30.57,24.32,148.504143358094,23.1909579598221,12.58
5707,MATO G. DO SUL,SCS19004,2d,D,63.49,54.3958050106817,26.73,24.69,18.24490207807341,2194.96,29.6,32.0,23.83,158.640086731236,18.21692452380691,12.52
5708,RIB. PRETO,SCS19005,4d,C,23.96,145.049331103679,27.2292,25.0,32.2623487324415,1603.27,30.3,32.78,22.7,163.405329135241,32.1443777669761,
5709,RIB. PRETO,SCS19005,4d,I,26.01,84.321199143469,26.87,25.6,22.7541623126338,1025.22,30.06,32.87,23.11,160.291516641187,22.7246203062943,12.55
5710,RIB. PRETO,SCS19005,3d,B,42.1,92.585780730897,28.6917,24.98,25.4511367622591,2437.632,32.052,35.25,23.07,177.968789361568,25.3747244676637,
5711,MINAS GERAIS,SCS19005,5d,C,14.06,89.0485436893204,26.76,24.22,23.3723650485437,170.72,29.49,32.9,23.0,160.110850402703,23.4117253281151,12.77
5712,RIB. PRETO,SCS19005,1/½,C,27.5,192.564516129032,26.6939,25.62,38.5319694354839,2810.75,29.85,32.7,31.3,158.672098008183,38.4837764064776,
5713,S. J. RIO PRETO,SCS19003BT,1,I,21.11,77.7612513721186,26.34,25.47,21.4301634467618,611.085,29.37,32.26000000000001,21.0,155.405674504462,21.43053660927613,12.7
5715,RIB. PRETO,PS321832847,2d,I,280.92,38.3713372006545,27.1763,25.54,16.00219324758292,7103.78,30.41,33.07,24.4,163.029782741755,15.9828573280244,
5716,MINAS GERAIS,PS321832847,>5d,I,14.85,66.97929824561399,25.3086,27.8,19.31697488631579,168.691,28.8082,31.525383,28.0,145.170370852974,19.32161353660466,12.6883
5717,PARANÁ,PS321832847,>5d,E,15.06,33.3385620915033,27.7408,26.35,15.35886038169935,77.296,31.37,33.29,25.0,167.478055004777,15.3176781305856,12.520386
5719,GOIAS,PS321832847,4d,I,124.07826,58.6572196963086,27.44,27.26,19.20387472111005,5241.26,31.31,34.079994,24.096566,165.403707262874,19.15739047199214,12.51
5720,GOIAS,PS321832847,2d,I,91.75,103.5847021943574,26.47,25.38,25.2523064075235,7315.88,29.51,31.828255,23.766634,155.998628844552,25.1880715391241,12.51
5721,GOIAS,PS321832847,>5d,I,92.56,48.7383316782522,26.79,27.42,17.43359925521351,2971.64,30.55,33.27487,23.668304,159.19546639402,17.40771586591854,12.52
5722,GOIAS,SCS14,1/½,B,41.25,117.968547008547,27.56,25.28,28.4887059145299,3111.58,30.79,33.7,30.4,166.951842889992,28.4200216473491,12.67
5723,ARACATUBA,SCS14,4d,C,35.61,82.5345192714951,27.0791,24.14,22.635970695468,1677.32,29.85,32.78,22.2,162.60512559771,22.6228601338577,
5724,PARANÁ,SCS14,2d,A,49.81,113.531684739487,25.191913,24.607915,25.3939715182674,3850.913,27.743844,29.90839,24.635978,143.855497788464,25.3875108326265,12.6254935
5725,PARANÁ,SCS14,2d,C,215.74,90.6391921075881,26.450304,25.286859,23.3636023226905,16033.949,29.452341,31.554522,25.073224,155.571882163571,23.2903768227091,12.58079857
5733,S. J. RIO PRETO,SCS14,3d,C,206.39,88.8766911878183,27.46,24.42,23.8851364576367,14956.06,30.39,33.14,25.25,165.95972669693,23.8359143646408,12.55
5734,S. J. RIO PRETO,SCS14,2d,B,30.95,115.955672823219,27.93,24.23,28.5601386807388,1981.96,30.89,33.52,24.59,170.294896911341,28.4556525129006,12.53
5738,ARACATUBA,SCS14,5d,I,232.29,63.9677652185755,27.700796,25.699162,20.1593528027275,11459.979,31.097605,34.246672,24.168385,168.462817632554,20.13102297216536,12.6952912
5742,PIRACICABA,SCS14,1,B,19.01,99.1098430813124,26.82,25.71,24.9096787446505,622.64,30.03,32.81,22.0,159.772950166046,24.8724785006268,12.67
5754,RIB. PRETO,SCS14,1/½,I,191.8086,128.301834283788,27.67,23.85,30.2244974322696,20924.07,30.46,32.845715,28.31884,167.615919202258,30.0984168469805,12.51
5755,SÃO CARLOS,SCS14,4d,A,59.24,69.7642675698561,28.333,27.02,21.43463782218459,2740.784,32.34,34.18,23.25,172.953938357793,21.2973863617217,12.5
5756,SÃO CARLOS,SCS14,4d,C,36.6,83.9009349593496,28.011,26.524,23.5120586963415,1780.763,31.764,33.827,23.22,170.178745189035,23.3731996697883,12.537
5757,PARANÁ,SCS14,>5d,D,48.68,44.5258996728462,27.6306,26.19,17.0839932742639,1205.05,31.18,32.8,25.0,166.113083048956,17.01266667752337,12.478197
5758,PARANÁ,SCS14,>5d,A,42.73999999999999,65.4427456083279,26.92188,24.245087,19.97466236837996,1654.83,29.696129,31.711388,25.0,160.055226074678,19.91247778309247,12.56169623
5759,PIRACICABA,SCS14,4d,C,87.93,88.7160542605031,27.64,24.53,23.9983908863427,5837.05,30.64,33.17,25.8,167.405225556843,23.9220757161845,12.62
5760,PIRACICABA,SCS14,1,B,113.83,89.2980457625454,25.79,24.3,22.659400510655,7883.26,28.37,31.12,23.1,150.248880165625,22.6863682656632,12.7
5761,MATO G. DO SUL,SCS14,3d,A,128.17005,70.6035299115392,26.8566,26.5848,20.70649202483773,6819.975,30.3583,32.45,25.23,159.253025398221,20.62954707848929,12.5618341
5762,MATO G. DO SUL,SCS14,3d,A,109.53445,65.170136295432,25.8453,25.5136,19.36156488051145,5197.92,28.7876,31.53,23.82,150.579257372745,19.36827800222859,12.6926406
5763,MATO G. DO SUL,SCS14,2d,A,403.17062,79.1222598466112,27.2517,26.4248,22.2372857050256,26268.256,30.7931,32.7,23.06,162.811459346311,22.1228059620897,12.52697504
5764,PIRACICABA,SCS14,2d,I,65.75,93.7207441860465,28.089462,25.39403,25.1484280819312,4404.49,31.47291,34.418388,26.244821,171.970823431473,25.0729347388746,12.6597928
5765,ARACATUBA,SCS14,3d,C,77.27,85.9252336448598,26.1495,24.62,22.4600509345794,4837.1,28.89,31.77,22.5,153.729825633111,22.477410474373,
5766,ARACATUBA,SCS14,1/½,E,202.76,135.242697630531,28.7147,24.47,32.5996471808503,23521.777,31.9,33.82,28.5,176.930497696826,32.3264794577028,
5767,ARACATUBA,SCS14,1/½,D,69.21000000000001,108.7082153469673,27.5794,25.15,27.0665597017654,5544.677,30.77,33.1,29.7,166.533583148167,26.9446670374314,
5768,ARACATUBA,SCS14,5d,E,50.86,56.8326556870818,27.7647,25.14,19.06773367110139,1754.197,30.99,32.84,24.6,167.754902409589,18.98290591130415,
5769,ARACATUBA,SCS14,fr,D,225.79,115.933392581505,27.8,24.68,28.4214760278778,22231.92,30.88,33.15,26.1,168.61392126276,28.2774161623314,
5770,GOIAS,SCS14,2d,D,376.51,77.0354942251241,27.57,25.44,22.1260264508518,23718.088,30.86,34.45,24.7,167.702803091921,22.1262087513203,12.76
5771,GOIAS,SCS14,2d,A,126.41,113.907700375841,26.72,23.84,27.0008134953238,11671.26,29.34,32.15,23.2,159.133191843467,26.9940052297252,12.69
5772,PIRACICABA,SCS14,2d,C,12.46,12.0,,,,12.0,,,,,,
5773,MATO G. DO SUL,SCS14,2d,B,116.81,87.0459879782464,24.67,24.53,21.50832667684381,7877.57,27.1,29.65,27.35,139.456844865902,21.5651248475517,12.59
5774,GOIAS,SCS14,>5d,C,81.69,80.6320849476252,26.82,25.8,22.1712749892381,4794.97,30.06,33.23999999999999,21.7,160.180319696988,22.1699242890099,12.73
5775,MATO G. DO SUL,SCS14,4d,D,127.14,68.4295640090325,27.64,26.04,20.82558381101268,6509.3,31.14,33.43,24.06,166.956146304828,20.74410777650127,12.47
5776,MATO G. DO SUL,SCS14,4d,A,51.12,79.4683026584867,26.54,24.82,21.80989120654397,2651.36,29.41,32.13,24.52,157.195469238913,21.79609186325199,12.56
5777,MATO G. DO SUL,SCS14,4d,D,112.16,69.7755591054313,26.39,24.37,20.31390295527157,5798.8,29.1,32.31,24.47,156.396786421822,20.34260506854829,12.63
5778,S. J. RIO PRETO,SCS14,1,I,380.28,94.190670142283,27.32,24.72,24.5916106657978,30281.18,30.32,33.13,21.97,164.661076810492,24.5473162076969,12.56
5779,MATO G. DO SUL,SCS14,fr,B,64.33,115.961589910185,26.96,24.53,27.5526538505637,5452.31,29.83,32.31,26.36,160.924167518666,27.4823932312913,12.53
5780,MATO G. DO SUL,SCS14,3d,C,240.68,79.5893825432919,24.36,24.01,20.35404768235088,15468.34,26.59,29.52,23.54,137.1251369012,20.45713074379702,12.66
5781,MINAS GERAIS,SCS14,1/½,C,12.49998388,135.999997759928,26.54,26.07,30.0295996742935,73.99799999999999,29.8,32.6,32.0,157.104003944853,29.9928961641184,12.69
5782,RIB. PRETO,SCS14,4d,C,100.32,78.8195199275362,27.413,25.7,22.2988926064312,5913.5,30.75,32.94,23.1,164.737074471208,22.2058179913025,
5783,RIB. PRETO,SCS14,4d,B,25.5,82.9407407407407,28.3201,26.51,23.5775998296296,969.7,32.14,34.12,24.3,173.029593098278,23.4235586155719,
5784,RIB. PRETO,SCS14,3d,A,46.18,105.6405500292569,26.49,24.68,25.5685156992393,3212.634,29.31,32.14,23.7,156.86818988236,25.565536982327,12.69
5785,S. J. RIO PRETO,SCS14,5d,E,113.31,48.5492054091403,25.4,26.28,16.8975935248248,3714.8,28.47,32.37,23.6,147.523350842142,16.95327078766444,12.87
5786,S. J. RIO PRETO,SCS14,5d,B,52.07,110.6927876216621,25.81,24.68,25.6294739705515,3966.62,28.5,31.68,24.1,150.872070768761,25.7056717869618,12.76
5787,S. J. RIO PRETO,SCS14,5d,I,402.1,87.2071622660856,27.561081,25.545645,23.703047438027,29350.314,30.876747,34.243431,24.070785,167.384944827261,23.6860607593306,12.7306726
5788,S. J. RIO PRETO,SCS14,4d,E,919.18,70.04032275843821,25.33,25.31,19.73677502369982,52665.02,28.11,31.77,23.6,146.796220158371,19.82361612460934,12.85
5789,GOIAS,SCS14,5d,I,173.67,65.04199913403849,26.89,25.21,19.89795367105833,8587.3,29.96,33.29,23.7,161.085476756808,19.90779172903231,12.75
5790,MATO G. DO SUL,SCS14,>5d,B,24.01,74.67194004995841,27.04,26.02,21.42585978351374,764.69,30.4,32.73,22.14,161.320782088787,21.35822310328136,12.49
5791,GOIAS,SCS14,2d,C,192.83,85.8083282641155,26.71,24.43,22.8572050876514,13358.76,29.5,32.66,25.0,159.338373874702,22.874799064845,12.74
5792,PARANÁ,SCS14,4d,D,23.68,17.42208904109589,25.6129,26.21,12.73810355907534,75.33,28.71,31.16,24.0,147.956159459514,12.73716640227492,12.649697
5793,PARANÁ,SCS14,4d,A,20.87,17.42525366403608,25.6129,26.21,12.73853435603157,60.122,28.71,31.16,24.0,147.956159459514,12.737596652256,12.649697
5794,PARANÁ,SCS14,3d,C,131.8,43.6645075125209,26.296244,25.992409,16.52683525538831,3805.408,29.4953,31.683372,25.686745,154.127725746172,16.50040443962717,12.5956353
5795,MATO G. DO SUL,SCS14,1/½,C,134.99,125.182535165461,27.11,24.89,29.1018810635011,13932.32,30.13,32.62,28.94,162.30326671084,29.0117047699833,12.52
5796,GOIAS,SCS14,5d,B,299.37054,130.483881472332,25.53,24.76,28.0308691632065,34060.777,28.19,30.88,23.630098,147.665918364642,28.0742245913513,12.58
5797,ARACATUBA,SCS14,1/½,I,72.39,125.540221891042,28.88342,24.176387,31.1694725307965,6868.694,31.991486,34.35439,31.032253,179.044944328451,30.966320044829,12.57270956
5798,ARACATUBA,SCS14,1/½,D,66.67,113.2523138833,28.764414,24.164048,28.9743570839759,5547.464,31.849415,34.25608,29.94048,177.964158266797,28.8042550462073,12.5853568
5799,S. J. RIO PRETO,SCS14,5d,C,118.39,70.3837766707397,26.241256,25.981319,20.31458309814832,6223.45,29.413147,33.040312,23.9958515,155.170761935279,20.35884979060899,12.8006303
5800,S. J. RIO PRETO,SCS14,3d,B,137.94,101.612275686835,27.346219,25.572361,25.7520960777855,11297.77,30.624422,33.782984,25.626901,165.14857031262,25.7239919038991,12.70760286
5801,S. J. RIO PRETO,SCS14,3d,I,16.64,99.4737068965517,26.237626,24.954778,24.4541792362672,417.878,29.09075,32.488361,30.990812,155.073707467904,24.5151875516504,12.7793569
5802,PARANÁ,SCS14,1/½,E,39.26000000000001,80.2568965517241,25.541,25.31,21.24266636206897,1872.683,28.36,30.88,29.0,147.486683317639,21.24790052734832,12.668905
5803,MATO G. DO SUL,SCS14,5d,D,13.8112277,106.2819061347174,26.16,24.59,25.350317908676,182.766,28.89,31.22,24.790603,153.190698079926,25.3117281434668,12.52
5804,RIB. PRETO,SCS14,1,B,24.3,62.4853658536585,27.16,24.75,19.65358146341463,632.97,30.14,32.93,22.8,163.125616029757,19.62963201512183,12.67
5805,RIB. PRETO,SCS14,5d,C,65.61,94.7071068830442,26.51,24.64,24.0008012087297,4445.928,29.33,32.18,24.3,157.083254680844,23.9994162518285,12.7
5806,RIB. PRETO,SCS14,5d,A,35.76000000000001,89.3323653198653,26.68,24.75,23.3523912289562,1849.417,29.56,32.37,23.8,158.624337084843,23.3388068002282,12.68
5807,PIRACICABA,SCS14,5d,I,123.82857,63.9513036784786,26.5623,26.0146,19.56530469557109,5821.64,29.8138,32.37,23.25,157.056056074198,19.53585121951307,12.6414238
5808,S. J. RIO PRETO,SCS14,1/½,I,136.62,127.005689295458,26.74,25.37,28.9518386021505,14344.009,29.83,33.05,30.0,159.535505086934,28.9674224580765,12.74
5809,MATO GROSSO,SCS14,5d,B,216.55858,94.9205990772912,26.93,25.25,24.3800454422396,16974.12,30.02,31.95,22.296901,159.9151173408,24.2652101424869,12.45
5810,MATO GROSSO,SCS14,5d,B,22.301421,94.9205990125052,26.38,25.66,23.9239821379982,866.2,29.48,31.56,22.199992,154.835960672211,23.8440434194664,12.47
5811,MINAS GERAIS,SCS14,4d,D,15.26,83.2085889570552,28.42,24.72,23.6924503067485,244.14,31.63,35.08,25.0,175.688737772944,23.6560440449727,12.72
5812,ARACATUBA,SCS14,2d,B,73.27000000000001,111.4670148522931,27.841088,24.6801815,27.7566573537248,6106.344,30.92738,33.760544,26.203629,169.610286110775,27.6770246694546,12.66185486
5813,S. J. RIO PRETO,SCS14,4d,C,69.32,105.0049197487788,27.930421,25.58177,26.8160752666926,5343.042,31.33337,34.208849,26.019663,170.373073479147,26.7294749892955,12.6494101
5814,ARACATUBA,SCS14,3d,C,15.5,67.5437142857143,27.21,25.52,20.44819894285714,206.403,30.45,33.53,24.0,163.791144030079,20.43104393510843,12.7
5815,RIB. PRETO,SCS14,3d,B,26.71,97.9014276002719,28.4971,24.99,26.1712444126445,1275.61,31.82,33.78,23.3,174.851237333083,25.9891537733825,
5816,PARANÁ,SCS14,5d,E,79.07,46.4994632473535,27.1807,25.8,17.23726001719099,2325.879,30.5,32.58,25.0,162.401567249385,17.18877334166453,12.557773
5817,PIRACICABA,SCS14,3d,D,151.88,83.8926436945954,26.39817,25.21074,22.3512250566421,10068.343,29.363071,32.28198,23.955449,156.023147874592,22.3542048539221,12.7065593
5818,PIRACICABA,SCS14,3d,A,29.05,103.0201759530792,26.14,25.25,24.8702528797654,1563.894,29.07,32.12,25.0,153.732433346192,24.9005110214284,12.73
5819,RIB. PRETO,SCS14,2d,C,31.6,126.485765306122,27.473,24.659,29.7143824658163,2255.921,30.4879,33.73,23.57,166.566133672212,29.6956221038716,
5820,MINAS GERAIS,SCS14,4d,C,176.12575,116.830869013546,27.697083,24.972917,28.4553885186776,17217.445,30.84875,33.37,24.125,167.878370226994,28.340865011311,12.61625
5821,MINAS GERAIS,SCS14,4d,I,102.99,86.9807671172656,28.36,24.73,24.2668535003847,6834.5,31.57,33.27,25.4,173.28462503293,24.0932449091897,12.49
5822,ARACATUBA,SCS14,1/½,D,122.97,99.4202937730918,26.33,25.44,24.5273280976841,9713.03,29.35,32.67,30.2,155.777977407171,24.5691130230358,12.77
5823,ARACATUBA,SCS14,2d,I,93.38,94.6468419759155,27.37,25.11,24.7028196116982,6737.8,30.51,33.5,26.9,165.266535142291,24.666995110101,12.69
5825,MATO G. DO SUL,SCS14,4d,A,127.73,81.1460295515424,27.2106,26.4008,22.5175259709669,8014.27,30.7345,32.65,25.07,162.43356333143,22.4018836156589,12.5291668
5826,RIB. PRETO,SCS14,4d,D,22.24,94.02978515625,27.8886,24.447,25.0333844443359,851.985,30.9091,34.02,24.79,170.380577440453,24.9919247403632,
5827,RIB. PRETO,SCS14,4d,C,64.87,81.8279742765273,28.0156,24.549,23.1833690482315,3703.805,31.0945,34.15,22.89,171.506627020098,23.138024648495,
5828,RIB. PRETO,SCS14,4d,A,277.22,94.5113792323354,28.1251,24.719,25.3050424125933,21895.668,31.2839,34.38,23.15,172.556144554469,25.2477089314154,
5829,RIB. PRETO,SCS14,2d,I,45.33,113.47104710471,26.690596,24.8776,26.9067015871227,3394.03,29.614992,32.56,24.65,158.853245989998,26.9013526413307,12.70231205
5830,ARACATUBA,SCS14,2d,E,32.73,106.1459720212253,29.1533,24.52,28.1491410187168,1963.646,32.44,34.18,25.1,180.900126188429,27.9012665545173,
5831,PIRACICABA,SCS14,>5d,A,109.55,37.0998462327012,26.8,26.19,15.71477724243978,2460.49,30.16,32.65,23.1,159.205107783668,15.69482557003828,12.63
5832,PIRACICABA,SCS14,>5d,A,36.14,49.3164871582436,26.65,25.11,17.46686536868269,912.82,29.64,32.52,23.3,158.365178935292,17.46183432015283,12.69
5833,S. J. RIO PRETO,SCS14,2d,D,48.11,96.8199667682083,27.54446,25.5132265,25.1848058062974,3074.849,30.851662,34.079748,24.987367,167.094565358705,25.155115879655,12.71126336
5837,MATO G. DO SUL,SCS14,5d,B,42.77,70.75723106922331,25.97,24.63,20.20838518037049,1819.96,28.68,31.18,23.08,151.596984797035,20.20233229228624,12.55
5838,MATO G. DO SUL,SCS14,5d,D,71.36,81.3522574123989,26.73,24.67,22.2155875168464,4128.75,29.59,32.38,21.87,159.085672023101,22.2007233878218,12.57
5839,MATO G. DO SUL,SCS14,5d,B,281.39,81.354059170719,26.73,24.67,22.2158529158469,18695.29,29.59,32.38,24.26,159.085672023101,22.2009884006551,12.57
5840,PARANÁ,SCS14,3d,D,159.42,81.476339709673,27.302879,26.079852,22.6318801994002,10254.202,30.741316,32.915977,24.733087,163.632073428702,22.5348414444146,12.56760526
5841,PARANÁ,SCS14,3d,E,23.83,69.9679628064244,26.713729,24.924352,20.52924895415807,697.761,29.657154,31.926401,26.037655,158.303874925144,20.48093758009648,12.6017617
5842,RIB. PRETO,SCS14,>5d,A,125.0,96.6900530973451,27.9096,24.737,25.4738486875752,9581.976,31.0295,34.21,23.5,170.606379088398,25.4323826665741,
5846,S. J. RIO PRETO,SCS14,3d,I,430.28,104.2315601989098,26.5960245,24.964764,25.4621411233651,38590.617,29.527462,32.855179,25.553176,158.360806122985,25.4990855006931,12.75635403
5847,PIRACICABA,SCS14,>5d,I,56.07,95.2604946675743,27.6679,24.796,25.0451710440209,3681.29,30.7596,33.07,23.54,167.393553360601,24.9381441209558,12.5871132
5849,SÃO CARLOS,SCS14,1/½,I,15.9,98.8307692307692,25.51,25.14,23.7308369230769,350.64,28.27,31.56,29.31,148.107984958181,23.8183610323688,12.65
5850,MATO G. DO SUL,SCS14,2d,C,42.16,111.2990716180371,26.27,24.65,26.1699775198939,3006.86,29.05,31.5,26.49,154.361116017529,26.1363266550483,12.54
5851,MATO G. DO SUL,SCS14,2d,B,58.19,111.3082918380602,26.27,24.65,26.1712932452912,4599.05,29.05,31.5,26.49,154.361116017529,26.1376392558607,12.54
5853,GOIAS,SCS14,3d,C,44.53,70.0779895481094,27.17,25.04,20.8104310144482,1901.277,30.243193,33.207043,23.9,163.364588967865,20.79095101602955,12.68612677
5855,RIB. PRETO,SCS14,5d,D,32.37,69.5306823760432,28.0867,24.593,21.25478828178694,1183.9,31.1938,34.31,23.67,172.232952552394,21.21831109946739,
5856,RIB. PRETO,SCS14,5d,C,108.55,77.6137959606422,28.4139,24.545,22.7697828551838,6347.012,31.5683,34.56,23.49,175.20280709012,22.7083556846152,
5857,S. J. RIO PRETO,SCS14,5d,E,60.97,61.1613232591383,26.85,25.51,19.30045650398203,2419.43,30.0,33.73,26.9,161.064916440895,19.32822854374725,12.8
5858,S. J. RIO PRETO,SCS14,>5d,C,62.96,69.89481946624801,28.15,24.82,21.35001334379906,2962.32,31.34,33.84,26.45,172.161230595462,21.27250553081637,12.5
5859,MINAS GERAIS,SCS14,3d,I,200.25,97.5527224435591,26.4,24.79,24.3195920318725,16117.3,29.24,33.23999999999999,25.3,157.244401313472,24.4260539520524,12.86
5862,MATO G. DO SUL,PS321801842,5d,B,76.37,95.6016778002175,26.33,25.02,23.9801204287712,5393.44,29.22,31.66,25.01,154.867332904607,23.9439487336674,12.53
5863,MINAS GERAIS,PS321801842,1,D,24.935922,142.201929170569,27.84,26.06,32.6239855806181,1696.282,31.39,33.67,28.0,168.83876999616,32.4207104222391,12.58
5864,SÃO CARLOS,PS321801842,5d,C,30.47,31.7977260422306,26.457,27.87,14.86215725392528,377.664,30.28,32.9,17.77,155.882426739514,14.84854486688022,12.64
5865,MATO G. DO SUL,SCS115,>5d,I,234.14,69.4174394525975,25.51,24.52,19.75709607004592,12766.71,28.1,30.15,25.6,146.717942521176,19.73515930788813,12.6
5866,S. J. RIO PRETO,SCS115,>5d,C,84.66,49.2793834296725,27.39,26.09,17.73729710982659,2720.72,30.85,33.54,23.6,165.006249099054,17.70397862729962,12.64
5867,GOIAS,SCS115,5d,C,41.21,58.9804861348853,28.33,27.49,19.67191338582677,1384.3,32.5,35.9,22.1,174.376554001279,19.62852944388756,12.7
5868,PIRACICABA,SCS115,>5d,C,46.66,17.77437968840162,27.76,25.56,12.91004223889209,212.14,31.13,33.46,24.8,168.192999529302,12.90191768395253,12.58
5869,ARACATUBA,SCS115,5d,I,35.92,60.742474916388,28.64,25.74,20.11074782608696,1177.92,32.25,34.53,26.5,176.464730257145,20.0164179891894,12.56
5870,RIB. PRETO,BULL24855536,>5d,I,84.56,46.5926130099228,27.1002,25.11,17.22355374972437,2522.04,30.18,32.78,23.2,162.30429686956,17.19941837533726,
5873,MATO GROSSO,BULL24855536,>5d,B,80.68,68.9696272568433,27.43,26.09,20.79041348573093,3924.674,30.9,32.78,25.303179,164.509803156872,20.68842663886154,12.42
5874,MATO GROSSO,BULL24855536,>5d,B,112.63683,103.7583453294385,27.0,24.85,25.7637517994158,9246.269,29.98,32.43,23.6909485,161.225265241294,25.6926634198877,12.52
5875,RIB. PRETO,BULL24855536,5d,I,31.94582,75.63889777407,27.52,24.17,21.87675693453566,1281.33,30.38,32.902433,24.925916,166.310327316203,21.82013914555912,12.53
5876,SÃO CARLOS,BULL24855536,2d,I,20.85,97.5627118644068,26.0,24.41,23.9787796610169,769.23,28.65,31.740053,23.121337,152.596501684408,24.0298179627666,12.63
5877,MATO G. DO SUL,PS321813250,>5d,B,20.8,34.6636363636364,25.89,24.53,15.14797909090909,211.44,28.56,30.93,25.1667,150.699745854433,15.14344060377364,12.54
5878,RIB. PRETO,BULL24867515,fr,I,12.88,139.25,27.8751,24.56,32.20106475,123.98,30.93,33.34,23.3,169.49406369557,32.0411196052613,
5879,ARACATUBA,BULL24867515,2d,E,64.8,93.3399621212121,28.8244,25.15,25.6849605871212,4306.75,32.27,34.26000000000001,25.4,177.977140840532,25.500574348956,
5880,PARANÁ,BULL24867515,2d,E,59.88,83.7794903926483,25.382443,23.998148,21.60584938748663,3448.802,27.802487,30.588045,26.982234,146.512224146505,21.6552189008178,12.7250691
5885,ARACATUBA,BULL24867515,4d,D,28.75,79.4508059701493,27.4761,24.64,22.4387541827463,1141.801,30.48,32.47,24.5,165.231538184239,22.3355907505726,
5886,PARANÁ,BULL24867515,>5d,D,63.67,36.2446487323399,26.260949,26.1875515,15.45751699094813,1264.721,29.499222,31.605635,26.525615,153.677244967483,15.43491503760229,12.579673
5887,PARANÁ,BULL24867515,>5d,C,136.97,33.9153076738417,26.845835,26.079242,15.25351041700088,2750.756,30.181911,32.27413,24.064969,159.210198624469,15.22615679558259,12.5649589
5890,MATO G. DO SUL,BULL24867515,5d,C,145.98,73.81258396775641,26.69,25.24,21.08026858486341,8293.65,29.73,32.11,24.51,158.166227196098,21.03491219180897,12.51
5891,MATO G. DO SUL,BULL24867515,5d,E,103.2,45.3058114035088,25.9,25.94,16.62950778508772,3049.49,28.99,31.77,24.22,151.072030356009,16.63190681454027,12.57
5892,PIRACICABA,BULL24867515,>5d,D,86.49,54.9383541414955,27.417953,27.203806,18.62021526050933,3210.478,31.26116,33.833923,25.959854,165.004685199628,18.56976935840967,12.6160149
5894,RIB. PRETO,BULL24867515,1/½,I,27.81,92.0436432637571,28.14,24.66,24.9190440227704,1277.49,31.28,33.50658,28.846369,171.790414071612,24.7902069009161,12.47
5895,MATO G. DO SUL,BULL24867515,4d,E,338.4154,66.44164092748079,27.18,25.23,20.26424109279158,17782.59,30.31,32.59,24.24415,162.688423911736,20.20372506653071,12.49
5896,MATO G. DO SUL,BULL24867515,3d,E,172.36156,51.1339420743974,25.81,28.07,17.40439740047428,6287.58,29.52,32.21,29.132233,149.825604229022,17.39365921226735,12.53
5897,PARANÁ,BULL24867515,>5d,C,174.82,54.917067927773,26.681007,26.226726,18.30065774667111,6999.757,30.027185,32.175287,24.2126465,157.695356175635,18.2528174977508,12.5761234
5898,GOIAS,BULL24867515,5d,D,435.61615,51.4378259657947,27.76,25.93,18.21540137220925,16718.5,31.25,33.61,24.650623,168.180700968917,18.15942730402797,12.48
5899,PARANÁ,BULL24867515,2d,B,43.51000000000001,38.5655347508727,26.4566,24.83,15.84047309679467,849.08,29.32,31.26,25.0,155.490290010495,15.8118962856866,12.556401
5900,GOIAS,BULL24867515,>5d,E,255.31387,42.8649071259275,26.91,26.25,16.60195765247579,7521.86,30.32,32.62,25.335052,160.028697096004,16.5688919878402,12.49
5901,GOIAS,BULL24867515,3d,D,323.0627,76.1005173555042,28.96,25.71,22.8714477434935,19951.28,32.64,34.86,24.952348,179.443677134609,22.7332263322365,12.45
5902,GOIAS,BULL24867515,fr,D,20.802106,114.114653015994,26.97,26.05,27.2865635564943,910.824,30.32,32.51000000000001,26.392992,160.500099090164,27.1640360914328,12.47
5903,MATO G. DO SUL,BULL24867515,5d,E,14.2727945,40.7672290653643,26.5,24.94,16.17124821447782,77.382,29.41,31.4,25.466499,155.948514761704,16.14099989776892,12.47
5904,MATO G. DO SUL,BULL24867515,5d,D,125.32602,62.0261458048205,27.54,25.59,19.7740630580691,5681.264,30.87,33.01000000000001,26.379662,165.898075808042,19.69892757945444,12.46
5905,MATO G. DO SUL,BULL24867515,>5d,I,306.62,46.1799979634784,25.78,26.5,16.71000371936732,10082.111,29.0,31.48,23.0,149.526500365387,16.70065550241325,12.65
5906,PARANÁ,BULL24867515,4d,E,110.21,40.7465329396192,27.8637,25.459538,16.56026374594237,2835.197,31.21709,33.214573,26.274824,168.826032275404,16.50820470259469,12.53415346
5907,MATO G. DO SUL,BULL24867515,2d,I,242.59,57.0799991326597,27.41,24.81,18.94682786634286,10406.997,30.46,32.54,23.1,164.688665774914,18.88320492070008,12.56
5908,ARACATUBA,BULL24867515,5d,C,165.26,80.9721388490147,27.32,25.66,22.5665316716691,10582.67,30.62,32.97,17.4,164.037477894915,22.4863500356221,12.6
5909,MATO GROSSO,BULL24867515,5d,C,152.01,94.8103349760731,28.36,26.3,25.5477708020856,11606.275,32.11,34.09,28.086258,173.43133703269,25.3681830953125,12.42
5910,MATO GROSSO,BULL24867515,5d,I,109.27607,42.6093780309998,28.57,27.08,17.07197393973667,2989.56,32.66,34.92,26.181567,175.626621150413,17.00850910272817,12.44
5911,GOIAS,BULL24867515,3d,E,193.12,73.9481614399293,29.07,25.53,22.5745511577959,11232.051,32.7,34.6,24.59302,180.178663403036,22.4183589912428,12.41
5912,GOIAS,BULL24867515,3d,D,127.824745,85.7239697786514,28.21,24.96,23.9506555011194,8551.06,31.47,33.73999999999999,24.191315,172.465101585288,23.830124299802,12.48
5913,GOIAS,BULL24867515,2d,C,248.54797,116.978284108716,28.1,24.93,28.9015037415033,24844.4,31.32,33.75,25.263629,171.599016044123,28.7544308497515,12.5
5914,PARANÁ,BULL24867515,fr,B,63.43,58.2335407349796,26.2809515,25.186684,18.60258952909518,2389.791,29.21917,31.356277,26.092079,154.024109665347,18.56627745956205,12.59014267
5915,RIB. PRETO,BULL24867515,2d,I,26.61,77.937029431896,28.8241,24.84,23.0933117686516,975.34,32.16,34.77,26.9,178.656357214288,22.9888251306511,
5916,RIB. PRETO,BULL24867515,2d,E,25.24,54.464501510574,28.459,24.13,18.98923230362538,574.23,31.48,33.93,23.3,175.120227743761,18.92681915743014,
5918,PARANÁ,BULL24867515,>5d,E,159.3,45.6489409368635,26.963741,26.558054,17.03514037103523,4968.489,30.481777,32.683018,25.296651,160.392238410878,16.99324166577661,12.57641727
5919,S. J. RIO PRETO,BULL24867515,2d,I,14.93,95.0,27.56,24.17,24.9148,255.19,30.43,32.76000000000001,22.52,166.471902279884,24.8211678892304,12.5
5920,ARACATUBA,BULL24867515,3d,E,107.89,72.31759307539889,27.6324,25.47,21.42908741991866,5795.854,30.94,33.01000000000001,24.8,166.710657205461,21.33177446574651,
5921,MATO G. DO SUL,BULL24867515,>5d,E,20.77,26.4732041049031,26.72,28.05,14.13045564424173,138.93,30.67,33.46,23.8,158.515572116099,14.12054977978295,12.52
5922,PARANÁ,BULL24867515,>5d,B,114.72,33.4049552180685,27.118317,26.715081,15.23606898357564,2210.717,30.724792,32.868355,24.54792,161.775164888915,15.20593069722605,12.5633081
5923,PARANÁ,BULL24867515,3d,E,70.8,77.9971258503401,26.896471,25.715044,21.83124271312942,3892.631,30.134892,32.327477,26.456611,159.845499434478,21.75737803258365,12.58601165
5926,MATO G. DO SUL,BULL24867515,1,A,27.65919,74.7273824508164,26.3887,26.4144,21.02565487870062,994.26,29.7265,31.62,25.27,154.611892733896,20.94567073755392,12.54202586
5927,PARANÁ,BULL24867515,4d,D,124.08,42.6324589578872,26.400768,26.769614,16.41130934722056,3445.286,29.853508,31.668842,25.687301,154.596115128551,16.36806964422949,12.5276116
5928,PARANÁ,BULL24867515,4d,E,543.65,40.6005379478981,27.16041,26.386859,16.33595881510693,15217.476,30.667597,32.785868,28.029041,162.184308649135,16.29535201869842,12.56029594
5931,PARANÁ,BULL24867515,5d,I,29.78,44.9670416197975,26.1622,27.41,16.66885836827897,598.154,29.76,31.97,25.0,152.713800607922,16.63891772112124,12.590701
5932,PARANÁ,BULL24867515,fr,E,69.61,56.1754035757681,26.7441,25.49,18.51326567861482,2556.945,29.87,32.28,27.0,158.679413112073,18.47962227048263,12.618484
5939,S. J. RIO PRETO,BULL24867515,>5d,I,1002.3576,67.2570707792822,27.42,25.61,20.52064031416531,54736.26,30.73,33.033836,23.798784,164.939085666956,20.4509658816177,12.48
5940,S. J. RIO PRETO,BULL24867515,>5d,I,299.92,53.2242636843568,27.07,25.11,18.21249653723257,11881.29,30.14,32.62,23.11,161.887026600239,18.17898230743245,12.52
5941,SÃO CARLOS,BULL24867515,5d,E,83.32,30.1846466629277,25.875,27.025,14.52311972448121,1308.929,29.282,31.721,21.754,150.305212517478,14.51503142127146,12.634
5942,SÃO CARLOS,BULL24867515,5d,C,132.81,39.9403277874348,25.495,26.648,15.77054723491433,3387.471,28.699,31.173,22.158,146.812652555004,15.76670970228037,12.654
5946,GOIAS,BULL24867515,>5d,C,53.44,137.704343629344,25.93,24.61,29.5106150675676,5221.188,28.62,31.26,23.262478,151.390392769963,29.5219778313846,12.57
5947,ASSIS,BULL24867515,5d,E,117.543434,25.7142590982969,26.54,26.24,13.99405327289237,1459.45,29.86,33.03,28.110516,157.467372544603,13.99497723742517,12.59
5948,MATO G. DO SUL,BULL24867515,3d,E,316.91,73.5529664491161,27.74,25.5,21.68843691909088,18780.115,31.08,33.28,24.266048,167.870628637893,21.59429957495086,12.47
5949,GOIAS,BULL24867515,4d,E,123.38227,62.2179117017457,28.76,26.16,20.41652200121258,5605.385,32.56,34.42,29.134205,177.122828519225,20.29212362252095,12.41
5951,S. J. RIO PRETO,BULL24867515,>5d,C,17.47,78.3327239488117,27.62,25.29,22.3611714808044,374.84,30.87,33.34,24.29,167.051845236852,22.28501124785,12.5
5954,GOIAS,BULL24867515,3d,I,284.54,67.0277977544581,28.86,25.21,21.27768670140163,15009.276,32.33,34.78,26.713112,178.788258645386,21.17799056455656,12.48
5955,GOIAS,BULL24867515,1,D,36.47,106.8742950551696,27.63,24.87,26.828852317123,2333.574,30.74,33.51000000000001,24.118072,167.523331436572,26.7551664346763,12.55
5956,GOIAS,BULL24867515,4d,E,202.48,46.1437578748425,27.1,26.13,17.15570743910122,6515.703,30.51,33.19,25.115293,162.25043692209,17.13011453885715,12.53
5957,PIRACICABA,BULL24867515,4d,I,19.16,60.9212290502793,27.4622965,26.894581,19.56434548719832,362.276,31.186674,33.715042,25.211373,165.421385156499,19.50556272445221,12.6090236
5965,GOIAS,SCS12,3d,C,17.44,81.1397058823529,28.27,26.22,23.2490301470588,388.12,31.97,35.15,24.0,173.790133014114,23.1861222112626,12.68
5966,RIB. PRETO,SCS12,5d,I,17.93,67.72512647554811,26.15,24.6,19.88510539629005,342.45,28.89,32.04,25.27,154.039279450194,19.9151568118578,12.63
5967,MINAS GERAIS,SCS12,4d,I,268.5,99.7420662768031,27.96,25.05,26.0036337777778,22517.84,31.19,33.26000000000001,26.3,169.866405426872,25.8515246078452,12.55
5968,GOIAS,SCS12,2d,I,184.87,102.9697460519465,26.61,24.62,25.2906798981894,15737.94,29.44,32.255508,23.143678,157.989660576263,25.2806423488325,12.58
5969,RIB. PRETO,SCS12,5d,B,40.48,71.8169943820225,27.5841,24.526,21.32194022148877,1715.588,30.5702,33.72,22.97,167.538955314257,21.30387281621853,
5970,RIB. PRETO,SCS12,>5d,A,26.06,96.1588904694168,27.912,25.103,25.3913626514936,1195.274,31.156,34.15,23.27,170.385814454194,25.3295744105599,
5971,RIB. PRETO,SCS12,4d,A,26.7,78.0647619047619,27.7189,25.075,22.3846538590476,983.152,30.9164,34.07,24.17,168.72987518304,22.3543218873306,
5972,PIRACICABA,SCS12,4d,D,53.81,66.8710834728534,26.764,26.48,20.10116676393207,2306.16,30.21,32.82,23.61,158.956086853839,20.06363970860091,12.64
5973,ASSIS,SCS12,4d,B,37.55,74.8199608610568,25.48,25.17,20.46813072407045,1617.05,28.25,30.39,23.9,146.466139516706,20.44715762157689,12.61
5975,PIRACICABA,SCS117,>5d,D,43.57,31.5416534684827,28.11,26.49,15.14816037377257,628.93,31.87,34.2,22.7,171.400247514169,15.11494439971226,12.58
5976,GOIAS,SCS117,>5d,E,53.924545,14.29082987066407,26.58,25.93,12.33400299514282,108.042,29.81,32.04,23.9197855,156.86856832755,12.33186924364509,12.48
5977,ASSIS,PT35931092,2d,C,36.12,129.335820895522,26.79,24.56,29.3539679104478,2842.14,29.63,31.48,28.2,158.570001427393,29.197911436141,12.54
5979,SÃO CARLOS,PT35963346,3d,I,39.34,67.0746159473299,25.07,24.48,19.19825230431602,1517.74,27.56,30.629423,23.373318,143.848882606171,19.26152657261945,12.65
5980,PIRACICABA,SCS114,>5d,D,15.68,44.4320652173913,26.53,27.16,16.71237907608696,131.35,30.14,32.75,22.7,156.655658234181,16.69148174191562,12.64
5981,PIRACICABA,SCS114,>5d,C,29.18,43.8451688009313,26.79,27.01,16.70990046565774,559.1,30.41,32.65,22.9,158.736221078569,16.67283972945781,12.58
5983,RIB. PRETO,SCS114,>5d,B,114.0,65.2285294117647,27.21,25.77,20.09605932352941,5441.31,30.52,33.22,25.9,163.360301717891,20.05668627176432,12.65
5984,RIB. PRETO,SCS114,5d,A,18.15,72.0065040650407,27.062383,25.524,21.03840946718699,381.04,30.266718,32.9,22.78,161.927439136998,20.99662148603541,12.6431606
5985,RIB. PRETO,SCS114,>5d,C,27.12,73.1164021164021,26.506884,24.656,20.86608556,936.08,29.327513,31.84,21.57,156.668354790357,20.84160934488582,12.6453664
5986,PARANÁ,SCS125,5d,C,13.23,28.0666666666667,25.159602,27.0693865,14.114309388,31.762,28.401209,30.785807,24.220018,143.493195638659,14.11265734326112,12.6463901
5987,MINAS GERAIS,SCS125,4d,A,69.68892,90.4745146901693,24.58,26.19,21.8720939480233,4539.11,27.44,30.43,23.0,138.888333412683,21.95750038440466,12.78
5988,PIRACICABA,PS321801816,3d,B,30.2,77.8892857142857,26.004719,31.250896,21.22760931539286,1211.185,30.83719,33.922583,25.764049,151.606631208175,21.19858121128435,12.694719
5989,PIRACICABA,PS321801816,>5d,C,13.2,123.525,26.52,25.17,28.19343,145.83,29.5,32.38,24.0,157.132645913518,28.1859183355051,12.7
5990,MATO GROSSO,PS321801816,3d,B,40.949183,128.332989431861,28.64,25.79,31.3578094414616,3379.745,32.28,34.34,26.579162,176.229542124435,31.1053135883612,12.43
5991,RIB. PRETO,PS321801816,>5d,I,93.73,60.9322158326196,27.75904,25.8288,19.71124746594886,4011.23,31.214497,33.59,21.92,168.200386496406,19.64323102518076,12.58839583
5992,RIB. PRETO,PS321801816,3d,B,41.23999999999999,89.6997264021888,26.959697,24.6984,23.6236436395964,2283.94,29.881596,32.56,23.55,161.121456074131,23.586696337656,12.65783507
5993,MINAS GERAIS,PS321801816,5d,A,24.369563,64.88084954981841,28.03,25.88,20.47680018283589,666.113,31.56,33.7,25.0,170.512732367484,20.38228795205553,12.56
5994,MINAS GERAIS,PS321801816,>5d,A,80.79,66.516208751272,25.96,24.79,19.61046274167757,3762.17,28.71,31.22,23.2,151.493129389109,19.60463656114488,12.67
5995,PIRACICABA,PS321801816,1/½,C,12.71,104.2676056338028,25.64,27.48,24.5853014084507,77.51,29.13,32.29,30.0,148.805459022771,24.6227121416644,12.75
5996,RIB. PRETO,PS321801816,1,C,64.08,83.9700460829493,28.0913,25.13,23.5809160253456,3760.2,31.38,34.0,22.3,171.691352147988,23.4929939731392,
5997,S. J. RIO PRETO,PS321801816,>5d,I,19.73,59.3186287192756,26.9,26.63,19.05047567917206,377.773,30.43,34.26000000000001,28.0,161.438393823963,19.07121987376098,12.8
5998,PARANÁ,SCS19004M,2d,E,52.6,81.824802955665,26.7127,24.02,22.2731137844581,2846.887,29.38,31.47,27.679202,158.193120088342,22.2079058036424,12.579039
6002,SÃO CARLOS,BULL24855156,>5d,B,24.71,50.4558615263572,27.718,27.01,18.04449231471283,500.774,31.57,33.65,25.93,167.361769129522,17.97457068013476,12.54
6005,MINAS GERAIS,BULL24855156,3d,I,25.14,69.3292237442922,27.1461,25.15,20.68314155753425,765.306,30.247406,32.771608,26.0,162.649236371978,20.63660377887591,12.6278
6006,MATO G. DO SUL,BULL24855156,>5d,C,18.76,79.5868343195266,27.26,25.94,22.3137509171598,468.887,30.64,33.31,24.992783,163.777338494778,22.2581498303052,12.52
6007,GOIAS,BULL24855156,5d,C,48.23,54.6438310792161,28.5,25.57,19.03623212807066,1556.986,32.03,34.08,22.863378,174.912864131989,18.94722865867584,12.43
6008,MATO G. DO SUL,BULL24855156,3d,C,25.16,69.80326747720369,28.44,26.28,21.50285717325228,772.691,32.21,33.98,23.199817,173.970714621627,21.36243654074771,12.39
6009,GOIAS,BULL24855156,1/½,E,127.44085,79.2877928393632,29.21,24.84,23.5802291476544,7779.76,32.62,34.63,30.582418,181.697341168134,23.4185595379121,12.43
6010,RIB. PRETO,BULL24855156,5d,B,55.78,57.6000456829603,29.0847,24.75,19.79063100479671,2008.37,32.44,35.04,23.9,181.126989201576,19.71219843381341,
6011,RIB. PRETO,BULL24855156,5d,D,46.98,83.343910806175,27.1337,25.39,22.7969734296741,2507.61,30.31,32.6,23.2,162.241108914611,22.7187882738248,
6013,RIB. PRETO,BULL24855156,5d,A,35.28,59.6323024054983,27.608481,25.4824,19.43467887082474,1120.88,30.915146,33.35,22.42,166.881316386616,19.37735369908894,12.6021732
6014,RIB. PRETO,BULL24855156,>5d,C,118.0,85.2730754716981,27.7,25.38,23.5038728490566,7778.946,30.99,33.76000000000001,25.1,168.114829624772,23.4390136933472,12.65
6015,RIB. PRETO,BULL24855156,3d,C,22.97,96.9772105742935,27.9798,25.32,25.579188295351,944.2,31.31,33.63,23.4,170.294454234852,25.4514211702579,
6018,S. J. RIO PRETO,BULL24855453,>5d,E,21.24,63.5638528138528,26.15,26.52,19.29628517316017,488.45,29.46,32.17,26.95,153.267695562207,19.28430666132181,12.54
6019,MATO G. DO SUL,BULL24855453,>5d,B,12.65149117,62.7159598187647,26.42,25.42,19.31324140586587,45.041,29.46,31.48,29.233135,155.171031858992,19.2610562989717,12.47
6020,RIB. PRETO,BULL24855453,2d,C,27.46,104.9404915912031,27.9191,24.31,26.7952897968952,1448.86,30.9,33.61,23.4,170.267559073118,26.7094647431954,
6021,S. J. RIO PRETO,BULL24855453,3d,C,15.94,88.0880710659899,26.5,26.64,23.0327703045685,311.787,29.93,32.76000000000001,28.0,156.677922267417,23.008264031163,12.68
6022,SÃO CARLOS,BULL24855453,1/½,I,58.16,119.466204506066,26.66,24.6,27.7545455805893,4972.64,29.49,33.14,29.42,159.35835131831,27.8360427184502,12.67
6023,SÃO CARLOS,BULL24855453,2d,I,50.52,97.3621495327103,26.82,24.64,24.6506705607477,3300.15,29.7,33.34,25.73,160.840265274596,24.7053249808583,12.67
6027,SÃO CARLOS,PS321803280,4d,C,18.49,63.2685670261942,25.956,26.99,19.15504121417566,344.733,29.37,32.11499999999999,22.9,151.41079541259,19.14739170878539,12.68
6028,SÃO CARLOS,PS321803280,4d,A,25.96,55.719770773639,25.983,26.59,18.11333554727794,622.328,29.28,31.88,22.16,151.562281153008,18.10163094065568,12.66
6029,RIB. PRETO,PS321803280,>5d,I,13.41,75.7872340425532,27.05,24.97,21.59997872340426,101.94,30.08,32.639618,24.03,161.803844146532,21.55557286704898,12.53
6030,RIB. PRETO,PS321803280,4d,I,13.43815,58.587629941244,28.57,25.11,19.71957028126412,79.0,31.95,34.26104,25.11,175.905450572849,19.63596647664074,12.47
6031,S. J. RIO PRETO,PS321803280,2d,I,12.76799,78.927954791078,26.84,25.42,21.93210849099598,63.4,29.96,32.634129,25.56965,159.88783139752,21.89783009392381,12.54
6034,RIB. PRETO,PS321803280,3d,A,55.83,82.1994752452658,28.3142,24.758,23.4524827904632,3088.843,31.5226,34.53,23.91,174.24648843284,23.3896183483724,
6036,RIB. PRETO,PS321803280,4d,B,31.32,70.01206004140789,27.6979,24.28,21.10667517324017,1132.793,30.6271,33.93,26.03,168.80628556366,21.09665565298917,
6037,RIB. PRETO,PS321803280,4d,A,33.55,77.9827842227378,27.3774,24.603,22.1464366610673,1433.929,30.3472,33.15,24.57,165.212102537551,22.1093611020472,
6040,S. J. RIO PRETO,DIVERSAS,2d,I,21.07,130.220507166483,26.72,24.14,29.4020586549063,1084.26,29.42,32.11,25.44,158.954554707848,29.3730419879864,12.57
6042,SÃO CARLOS,DIVERSAS,3d,E,22.39,61.1777670837344,25.525,29.08,18.65129299807507,522.957,29.48,32.04,26.22,146.863158363368,18.63226899017052,12.65
6043,SÃO CARLOS,DIVERSAS,3d,E,26.11,80.2593196314671,26.699,26.82,22.0334373926293,975.139,30.24,32.41,26.06,157.819806675202,21.95356079244136,12.58
6045,RIB. PRETO,DIVERSAS,4d,I,12.36,100.0277777777778,26.75,25.01,24.9840972222222,43.69,29.73,32.433332,23.27,159.127329810108,24.951291893562,12.55
6046,PIRACICABA,DIVERSAS,2d,I,55.16019,121.170974455859,25.5586,23.605,26.802055742572,4723.84,27.9024,30.75,21.87,148.301158798416,26.8801303254857,12.73192096
6047,S. J. RIO PRETO,DIVERSAS,3d,I,25.53,103.4715447154472,27.34,25.5,26.0317349593496,1249.61,30.6,32.746561,27.437561,164.020122286956,25.905515413419,12.47
6048,MATO G. DO SUL,DIVERSAS,2d,D,206.71,86.5793230958862,27.0,24.76,23.1868984643829,14533.34,29.95,32.23,25.03,161.043435017437,23.1155584954861,12.5
6049,MATO G. DO SUL,DIVERSAS,2d,D,19.02,88.1267806267806,24.31,23.83,21.3712066951567,546.41,26.49,29.51,25.86,136.802096486931,21.50078182102294,12.68
6050,SÃO CARLOS,DIVERSAS,1/½,I,12.48724,106.0809457351613,26.84,24.16,25.9616123470979,57.84,29.57,32.62,28.42081,160.483582313909,25.9694758502373,12.61
6051,PIRACICABA,DIVERSAS,1,I,12.67,125.671641791045,26.0608,28.7446,27.9831422089552,88.16,30.0625,33.13,29.47,152.47769159202,27.9683298382809,12.70894337
6052,PIRACICABA,DIVERSAS,1,I,44.07,109.436233239788,27.0235,23.3009,26.6383325007795,3136.78,29.5277,31.87,24.9,161.526162719637,26.569266066201,12.6153318
6053,RIB. PRETO,DIVERSAS,3d,B,64.72,92.8740895295903,25.75,24.73,23.1201873103187,4275.682,28.45,31.42,25.1,150.062065388134,23.1656438368401,12.74
6054,RIB. PRETO,DIVERSAS,3d,A,18.43,98.7311041990669,25.84,24.6,24.0035848211509,569.681,28.52,31.59,24.0,151.041042399209,24.0591831362727,12.75
6056,RIB. PRETO,DIVERSAS,1/½,B,72.82,102.9340019730352,26.41,24.56,25.1035896843144,5542.606,29.18,32.15,27.5,156.289810353173,25.1208498993443,12.72
6057,RIB. PRETO,DIVERSAS,1/½,A,45.97,120.115130997939,26.25,24.7,27.4064061672064,3684.671,29.03,31.85,29.43,154.595426425067,27.4167232076531,12.7
6058,PARANÁ,DIVERSAS,>5d,E,26.79,36.2171737660581,26.260951,26.187556,15.45359928436241,370.172,29.499226,31.605637,26.525624,153.677260996773,15.43102284825802,12.5796727
6059,GOIAS,DIVERSAS,>5d,C,16.84,42.0404958677686,27.65,26.19,16.70133760330579,157.396,31.2,34.11,28.575422,167.674168339953,16.67652921073468,12.54
6060,S. J. RIO PRETO,DIVERSAS,fr,D,22.32,106.0833333333333,25.36,24.81,24.5695333333333,982.94,28.0,31.47,24.72,146.960551458902,24.6975385497584,12.69
6061,MATO G. DO SUL,DIVERSAS,3d,D,24.03,45.4655029093932,27.28,25.57,17.11352884455528,414.59,30.55,32.98,24.06,163.756541653009,17.0786089862082,12.5
6062,S. J. RIO PRETO,DIVERSAS,5d,I,45.4,50.8994011976048,26.78,25.52,17.74933149700599,1311.24,29.92,32.67,23.05,159.390407146689,17.73339858027739,12.55
6063,PARANÁ,DIVERSAS,5d,C,16.08,28.0649509803922,25.15961,27.069377,14.11408489571078,77.545,28.401215,30.785812,24.220032,143.49327130557,14.11243295777538,12.6463898
6065,ASSIS,DIVERSAS,4d,I,41.23,21.47016763599042,26.27,25.99,13.35139292165583,288.813,29.45,32.13,25.3,154.439082113159,13.34892198552822,12.55
6067,RIB. PRETO,DIVERSAS,4d,C,72.83,66.4230807167516,26.6,24.88,19.94576978464573,3322.556,29.51,32.5,24.8,158.048852159758,19.94842846967942,12.71
6068,ASSIS,DIVERSAS,5d,B,27.84,122.349116161616,26.79,25.53,28.320634280303,1759.93,29.94,31.81,26.6,158.485813578269,28.1645800585773,12.54
6069,PIRACICABA,DIVERSAS,1/½,I,26.88,148.697580645161,26.6522,24.2526,32.0292029112903,2046.06,29.3771,32.09,29.7,158.325100684318,32.0022872512059,12.67417693
6070,MATO G. DO SUL,DIVERSAS,3d,B,39.63,88.7821208830981,27.31,24.55,23.7553427072023,2133.49,30.25,32.38,25.424212,163.830417111751,23.6578614404057,12.48
6071,MATO G. DO SUL,DIVERSAS,5d,C,88.38,105.2525923016496,25.93,24.03,24.9900861076198,7134.633,28.46,30.81,24.405258,151.120908795651,24.9733853885558,12.54
6072,MATO G. DO SUL,DIVERSAS,4d,C,13.94,91.8319587628866,26.57,25.14,23.6315163917526,166.874,29.55,31.89,26.389332,157.000355890361,23.5756624320432,12.51
6073,GOIAS,DIVERSAS,5d,B,52.59,131.774156196107,27.21,25.25,30.2176491574279,4873.633,30.36,33.08,24.2199335,163.451643191746,30.1399927678054,12.54
6075,MINAS GERAIS,DIVERSAS,3d,A,93.61,107.5162357554221,27.68,24.43,26.9769457664502,7807.08,30.66,32.92,27.1,167.496014357612,26.8523939664102,12.59
6076,MATO G. DO SUL,DIVERSAS,5d,B,54.05,96.3702734839477,27.64,24.96,25.1955107728894,3559.77,30.78,33.1,25.53,167.119801306392,25.0875000589959,12.49
6077,MINAS GERAIS,DIVERSAS,2d,I,61.23,114.832419256551,26.97,24.91,27.3940131627057,5074.44,29.96,33.2,26.9,161.792198587023,27.4034941664613,12.74
6080,PIRACICABA,BULL2492579,2d,E,22.54,104.9220113851992,25.616,25.72,24.6522610702087,991.398,28.57,31.45,24.48,148.549115041051,24.6884184224834,12.72
6081,MATO G. DO SUL,BULL2492579,3d,E,110.41,67.4203841073062,26.45,25.23,20.00824550350574,5465.92,29.44,31.86,23.34,155.94661098968,19.97757647199304,12.52
6085,MATO G. DO SUL,BULL2492579,1,D,17.49,88.103825136612,24.31,23.83,21.36838087431694,429.81,26.49,29.51,22.06,136.802096486931,21.49791692772401,12.68
6086,MATO G. DO SUL,BULL2492579,fr,E,106.61,91.3296691681641,25.74,24.14,22.8998965437057,7517.38,28.27,30.77,25.08,149.500394054822,22.9078607708612,12.56
6087,MATO G. DO SUL,BULL2492579,fr,D,53.71,91.336370175018,25.74,24.14,22.9008172620475,3321.12,28.27,30.77,25.08,149.500394054822,22.9087821619442,12.56
6088,MATO G. DO SUL,BULL2492579,2d,C,158.49,75.5678203290327,26.54,24.92,21.24276107584135,9324.05,29.45,31.83,25.1,156.791493035034,21.20407961442344,12.52
6089,MINAS GERAIS,BULL2492579,>5d,C,45.639683,70.88432420721679,27.544545,25.446363,21.15330027433671,1992.85,30.823637,33.286364,24.454545,166.311160756229,21.08650841876173,12.62
6090,MINAS GERAIS,BULL2492579,>5d,A,17.8590403,83.2678149696291,28.143333,25.713333,23.5050006923711,429.561,31.646667,33.94,24.666667,171.768871588494,23.3863783782752,12.57666665
6091,MATO G. DO SUL,BULL2492579,>5d,B,35.19,93.7231565329884,26.19,24.94,23.596515912031,1907.16,29.03,31.41,24.45,153.486673114963,23.5627375343059,12.53
6092,MINAS GERAIS,BULL2492579,4d,D,56.57661,96.0853532828091,27.084616,25.08,24.6839526549551,3760.24,30.151539,32.636154,23.538462,162.033670894458,24.6156342214772,12.63153845
6093,MINAS GERAIS,BULL2492579,4d,C,202.89188,85.8159056320258,27.04,25.882857,23.1019122070567,14102.857,30.355715,32.713572,23.642858,161.368481937222,23.025769767077,12.6085714
6094,MINAS GERAIS,BULL2492579,4d,D,167.39,85.7412960936997,27.97,24.66,23.7764849861638,11470.66,31.07,34.41,24.9,171.348773755725,23.7505851076889,12.72
6095,MATO G. DO SUL,BULL2492579,3d,D,50.53,32.0965481443031,26.83,26.96,14.98031808980016,786.32,30.45,33.16,24.91,159.619728202634,14.96664697487319,12.52
6096,MATO G. DO SUL,BULL2492579,3d,I,481.88,91.6000042564059,26.09,24.81,23.2156405997276,37414.45,28.88,31.2,24.2,152.487721734199,23.182823248015,12.63
6097,GOIAS,BULL2492579,4d,D,50.51,75.9267722669437,27.43,26.42,21.86390096078941,2473.82,31.01,34.5,23.0,166.133630624585,21.85326550361508,12.74
6098,MATO G. DO SUL,BULL2492579,4d,D,66.11,71.5509148031787,27.24,25.78,21.07555941600444,3234.3,30.57,32.57,25.232526,162.875269510893,20.98476032054982,12.45
6099,MATO G. DO SUL,BULL2492579,3d,A,14.65939,61.8930205799074,27.1107,26.5112,19.53918466076807,144.685,30.6479,32.84,22.98,161.779699946828,19.47296165189945,12.5717914
6100,MINAS GERAIS,BULL2492579,3d,E,33.891407,88.0000031062416,27.24,26.13,23.5824004733912,1675.747,30.68,33.23,23.0,163.435977162133,23.5091347347188,12.63
6101,MINAS GERAIS,BULL2492579,5d,C,52.477955,57.8427803479697,27.932,25.466,19.30367176503853,1867.622,31.304,33.592,24.0,169.789329941768,19.23350159377377,12.586
6102,MATO G. DO SUL,BULL2492579,>5d,C,100.22179,68.1397359994623,26.36,24.94,20.06166608952278,4964.748,29.24,31.65,26.561445,155.124806024541,20.03498882519198,12.53
6103,MATO G. DO SUL,BULL2492579,4d,C,13.596342,94.038184799999,26.78,24.3,24.1252437134399,142.961,29.54,31.7,26.44654,158.880376947487,24.0497995075114,12.49
6104,MATO G. DO SUL,BULL2492579,4d,B,38.09,99.0926408585665,26.68,25.37,24.7851996780376,2284.247,29.75,31.98,26.537768,157.884414246582,24.70545889684,12.49
6107,S. J. RIO PRETO,BULL2492579,5d,C,32.88,80.9454022988506,26.09,24.47,21.71440718390805,1451.58,28.78,31.71,24.06,153.249567914964,21.73850828443599,12.61
6108,PARANÁ,BULL2492579,3d,E,30.37,85.964017419706,26.2443,25.41,22.5356565333152,1370.719,29.24,31.73,26.0,154.063158135335,22.5075619030204,12.643866
6110,PARANÁ,BULL2492579,2d,C,40.32,90.624081920904,23.1611,22.98,20.77531240727401,2238.634,24.95,27.75,21.0,125.97192353772,20.96093785291267,12.820854
6111,PARANÁ,BULL2492579,2d,D,236.72,99.6793787824849,25.392105,24.739795,23.7421144698981,19715.31,28.019318,30.281094,24.044371,145.847533939224,23.7356686273587,12.6353671
6115,S. J. RIO PRETO,BULL2492579,>5d,D,92.93,62.2530581984431,27.66,25.55,19.86962891387619,4078.98,31.0,33.35,24.4,167.269315444368,19.80275794545824,12.49
6116,GOIAS,BULL2492579,3d,E,436.7021,72.1353772444262,26.95,24.47,20.99023889804171,25551.621,29.8,32.37,25.062718,160.939897101724,20.95655689895818,12.54
6117,MATO G. DO SUL,BULL2492579,>5d,B,180.01,82.6063210523183,26.26,24.4,22.0684613820606,11874.568,28.96,31.04,25.519749,153.853496252235,22.0157534987792,12.49
6125,MATO GROSSO,SCS120,5d,B,68.00999999999999,94.90076772005,29.18,26.31,26.2423518943046,4655.272,33.13,34.92,24.654826,181.034150527463,26.0130608496331,12.39
6126,MATO GROSSO,SCS120,>5d,B,44.491898,94.6150260597273,27.69,25.34,24.9622975887712,2696.319,30.97,33.09,24.384507,167.326768824445,24.8323250542047,12.46
6127,MINAS GERAIS,SCS120,4d,A,39.76076,95.0499957493959,27.5,26.02,24.8727493411564,2317.531,30.96,33.38,23.0,165.771646189363,24.7707345624042,12.6
6128,MINAS GERAIS,SCS120,5d,A,108.07,91.1599875091079,27.56,24.48,24.3172940564172,7616.9,30.53,32.76000000000001,19.8,166.320186991176,24.2159840746247,12.58
6129,MINAS GERAIS,SCS120,5d,A,36.22,120.402146985962,26.68,24.22,27.9134351775392,2637.5,29.4,31.55,23.9,157.932244553657,27.8193686240969,12.59
6130,MINAS GERAIS,SCS120,3d,A,65.84,80.772102526003,27.25,24.95,22.4877456352155,3714.69,30.31,32.46,26.4,163.236967499745,22.4008842346142,12.57
6133,MATO G. DO SUL,SCS120,3d,B,106.8,74.9506329113924,26.72,23.94,21.26633316455696,5979.72,29.36,31.39,28.047323,158.199114451775,21.20332678582432,12.48
6134,RIB. PRETO,SCS120,>5d,I,25.03,85.9953952417498,27.41,23.79,23.4026904067536,976.16,30.13,32.585434,25.63,165.245513761981,23.3394623598428,12.53
6135,MATO G. DO SUL,SCS120,5d,A,26.93,108.6310113864702,25.88,23.91,25.4123843804421,1454.701,28.37,30.66,25.5584345,150.59078388312,25.3921676154696,12.54
6136,RIB. PRETO,SCS120,>5d,C,14.84,78.5193661971831,28.2486,25.043,22.8084657359155,200.915,31.5396,34.54,25.87,173.579575370131,22.7481709440311,
6137,ARACATUBA,SCS120,3d,I,22.78,85.132560296846,27.7,24.43,23.4818119666048,800.369,30.68,33.6,29.0,168.404966299215,23.4382956286035,12.67
6138,ARACATUBA,SCS120,1/½,I,103.69,109.8131966408551,26.748773,24.187368,26.4262463366033,8980.492,29.455832,32.388765,29.037195,159.494618552726,26.4269201279657,12.7128898
6139,MATO G. DO SUL,SCS120,>5d,B,29.31,98.9555170421722,27.17,24.22,25.1911519352975,1517.2,29.98,32.63,24.26,163.140983389207,25.1425423568708,12.55
6141,PIRACICABA,SCS120,1/½,A,62.41,145.568121404483,26.932,24.67,31.9443918881174,6745.169,29.84,32.5,19.777,160.843618911011,31.8807625609885,12.66
6142,RIB. PRETO,SCS120,>5d,B,273.66,62.6657685546129,25.74,24.69,18.96147659940381,13269.205,28.43,31.53,23.51,150.121858332311,18.99805010659789,12.76
6143,RIB. PRETO,SCS120,3d,A,32.46,92.1959921798632,27.5145,24.447,24.4420072067449,1652.81,30.461,33.67,25.65,166.956954233891,24.4269266899565,
6144,MATO G. DO SUL,SCS120,5d,A,46.3,81.3886297376093,27.33,24.61,22.6372769387755,2392.03,30.29,33.11,24.55,164.78297100631,22.6014010053687,12.56
6145,RIB. PRETO,SCS120,5d,A,41.65,57.7617875210793,27.7778,24.786,19.22020331150084,1368.837,30.888,33.81,22.94,169.090469352073,19.18874068007618,
6146,PIRACICABA,SCS120,1/½,I,44.76,93.417032967033,27.430426,25.162844,24.5629950233736,2679.222,30.605803,33.420523,29.137331,165.644020713855,24.5092402996474,12.6613733
6148,GOIAS,PS321835073,>5d,E,36.36,53.7370689655172,27.58,26.2,18.50263534482759,1028.715,31.12,34.15,28.59439,167.131543207373,18.47473591757326,12.55
6149,RIB. PRETO,AIC456911099,>5d,I,25.79,59.7781000725163,26.119558,25.324,18.74605655103698,670.86,29.06323,31.83,21.37,153.214994111748,18.74698412041092,12.68956894
6150,ARACATUBA,AIC456911099,3d,I,17.75,48.6330434782609,26.04,26.94,17.14327930434783,222.64,29.46,32.48,23.9,152.501812171867,17.14700899406644,12.72
6151,MINAS GERAIS,AIC456911099,5d,I,90.15,80.867050543826,26.72,25.81,22.1372298400512,5393.96,29.94,33.4,26.7,159.52427959752,22.1595620194839,12.77
6152,MINAS GERAIS,AIC456911099,5d,I,91.13,63.5551623910022,27.26,26.4,19.86731778086693,4091.56,30.79,34.08,24.4,164.342589027555,19.8540469163813,12.72
6153,GOIAS,AIC456911099,>5d,D,29.25,64.19362318840581,26.7,25.76,19.67246260869565,912.34,29.9,33.26000000000001,23.5,159.242935983686,19.68514231788706,12.76
6154,ARACATUBA,AIC456911099,4d,I,19.99,118.801001251564,26.99,25.01,28.0094700876095,865.34,30.02,32.54,,161.187892825647,27.9334163283902,12.63
6155,MINAS GERAIS,AIC456911099,2d,I,326.38,96.220433869839,27.75,24.54,25.2647183344997,26489.22,30.78,33.97,28.0,169.140239027398,25.2344191092977,12.71
6156,GOIAS,AIC456911099,5d,I,30.96264,85.0678850624175,26.08,26.16,22.2879582167884,1397.56,29.27,31.799372,24.169137,152.45628641644,22.2628437921704,12.53
6157,GOIAS,AIC456911099,2d,C,16.25,124.169411764706,26.29,25.9,28.0290089411765,488.72,29.45,33.14,25.0,155.704390719211,28.1192369749794,12.81
6158,GOIAS,AIC456PS321942094,>5d,E,26.88,81.0241935483871,26.82,25.8,22.229385483871,1039.08,30.06,33.23999999999999,21.7,160.180319696988,22.2280270668268,12.73
6159,GOIAS,AIC456PS321942094,>5d,C,58.34,80.6176089771256,26.82,25.8,22.16912965041,3191.74,30.06,33.23999999999999,21.7,160.180319696988,22.1677792350734,12.73
6161,GOIAS,AIC456PS321955000,5d,C,176.76,78.2097353726633,27.06,25.24,21.97118614712309,10920.716,30.17,33.29,26.2,162.463322563563,21.96213677022515,12.71
6162,MINAS GERAIS,AIC456PS321955000,5d,B,35.959215,96.5977215864543,28.03,25.88,25.5610147703086,2038.895,31.56,33.7,25.0,170.512732367484,25.4098160007325,12.56
6163,MINAS GERAIS,AIC456PS321955000,2d,B,35.870523,163.680002989461,27.0,24.73,34.7520004484192,3632.681,29.94,32.52,22.0,161.38768259578,34.6591241427166,12.65
6164,RIB. PRETO,AIC456PS321955000,>5d,C,127.04,69.6561196105702,26.1795,25.57,20.17534948018081,6644.76,29.21,32.34,22.1,154.141109455803,20.19530480836292,
6165,RIB. PRETO,AIC456PS321955000,>5d,I,23.37,72.8381706244503,27.9287,26.26,21.69072968425682,703.73,31.57,33.83,23.6,169.634883758209,21.59021795444732,
6166,RIB. PRETO,AIC456PS321955000,>5d,C,37.41,51.5297127115309,26.8436,25.74,17.8676324360488,1016.45,30.07,32.47,24.2,159.576211453952,17.83364524183084,
6167,RIB. PRETO,AIC456PS321955000,>5d,I,43.06,77.6146168705731,27.46,24.3,22.1440197681906,2049.99,30.35,32.889824,24.7250805,165.745473518523,22.0879503405027,12.53
6168,GOIAS,AIC456PS321955000,4d,C,108.15,81.3375975039002,27.29,25.7,22.6017186583463,6678.81,30.6,34.02,23.2,164.861139163205,22.599024141286,12.74
6169,GOIAS,AIC456PS321955000,4d,I,93.81,64.2280894756142,27.13,26.19,19.90210993766043,4284.78,30.57,33.052614,23.964703,162.315582558435,19.85069569544102,12.5
6170,GOIAS,AIC456PS321955000,5d,I,293.39,54.9509222076122,27.6,25.81,18.70034386438751,12097.96,31.02,33.470434,23.789094,166.775681960037,18.64775827549566,12.49
6171,GOIAS,AIC456PS321955000,>5d,I,19.0,55.62,27.97,26.94,18.966114,317.34,31.86,35.207514,23.209472,171.009577967189,18.93599779092878,12.57
6173,MINAS GERAIS,AIC456PS321955000,>5d,A,35.4,80.2081196581197,27.81,24.95,22.7837037179487,1608.07,30.98,33.23999999999999,26.3,168.665167637427,22.685836500473,12.58
6178,PIRACICABA,AIC456PS321955094,5d,C,56.36,87.9113615870153,26.24,25.85,22.809777889991,3379.428,29.37,32.4,26.0,154.558623411637,22.8218192091479,12.72
6179,S. J. RIO PRETO,AIC456PS321955094,2d,D,94.44,86.9714580300825,25.5,25.79,22.1211468340611,6192.647,28.45,31.53,24.0,147.673337751728,22.1716279470549,12.75
6180,S. J. RIO PRETO,AIC456PS321955094,3d,D,45.85,74.5969867060561,25.733086,25.778085,20.59649801775126,2130.908,28.730427,31.771597,25.148939,149.819269982379,20.62707101092533,12.73563826
6181,RIB. PRETO,AIC456PS321955094,2d,C,43.93,112.519887253367,27.5363,25.85,27.6170712433448,3221.6,30.95,33.4,24.0,166.168101462172,27.4969601770431,
6182,RIB. PRETO,AIC456PS321955094,2d,C,25.29,140.104589917231,25.6497,26.26,29.4858922099323,1714.51,28.77,30.83,23.4,147.834483389402,29.4010207912183,
6183,MINAS GERAIS,AIC456PS321955094,2d,I,41.36,94.933583106267,26.56,23.66,24.0751297002725,2446.93,29.09,31.77,26.1,157.504704903752,24.0672265364882,12.67
6184,S. J. RIO PRETO,AIC456PS321955094,4d,E,129.81,61.1519395637043,27.36,25.2,19.54973791698498,5802.59,30.52,33.5,27.2,165.149869895593,19.52761314929736,12.69
6185,MINAS GERAIS,AIC456PS321955094,3d,A,109.66,129.853061642433,27.44,24.31,30.1965127175916,11521.53,30.33,32.59,26.0,165.2395481852,30.0597499183289,12.59
6186,ARACATUBA,AIC456PS321955094,2d,D,23.88,132.255976430976,27.06,24.52,30.1105500505051,1440.641,29.95,32.54,30.0,161.993208492994,30.03757974534,12.64
6187,S. J. RIO PRETO,AIC456PS321955094,1/½,I,26.19,128.311980267794,27.07,25.77,29.5282154263566,1662.467,30.35,33.28,30.0,162.281131981272,29.4794960576275,12.68
6188,MINAS GERAIS,AIC456PS321955094,4d,I,105.16,113.727565478746,27.05,24.36,27.3099986045513,9488.94,29.88,32.84,23.8,162.331653602206,27.2928731353466,12.7
6189,RIB. PRETO,AIC456PS321955094,4d,B,24.15,133.020411522634,27.3154,24.845,30.5347601063374,1482.398,30.3568,33.47,23.57,164.920325288007,30.5064806965296,
6190,ARACATUBA,AIC456PS321955094,3d,I,32.95,84.3689737470167,27.1,25.24,22.9277150357995,1528.13,30.22,33.0,24.1,162.480131252797,22.8900926680813,12.67
6191,GOIAS,AIC456PS321955094,4d,I,73.32,116.884377038487,25.01,25.46,25.6454574527071,6443.51,27.76,32.22,24.5,144.615552816167,25.9092996427382,12.97
6192,GOIAS,AIC456PS321955094,3d,I,280.29,88.4478362965448,27.46,25.62,23.8188354914458,20522.19,30.78,33.77,25.0,166.042181197938,23.7761914509826,12.68
6193,RIB. PRETO,AIC456PS321955094,5d,I,22.22458,83.6704255822733,27.86,24.17,23.3669294973485,744.8,30.79,33.404934,25.21,169.624514475285,23.2970160346429,12.53
6194,RIB. PRETO,AIC456PS321955094,2d,C,17.65,125.125663716814,28.3649,24.484,30.5129017415929,651.16,31.489,34.8,24.2,175.068584282959,30.447241828371,
6195,S. J. RIO PRETO,AIC456PS321955094,1/½,B,199.1,96.5848209513629,25.64,24.39,23.5373695777659,15837.82,28.22,31.75,28.8,149.717077759305,23.6487743642158,12.83
6196,RIB. PRETO,AIC456PS321955094,1/½,A,51.74,146.236034222446,27.3372,24.427,32.588049040765,5346.54,30.2454,33.35,29.49,165.180749922622,32.562376388833,
6197,RIB. PRETO,AIC456PS321955094,>5d,A,53.89,98.616853664359,27.123372,24.6416,25.0993889943566,3640.38,30.05933,32.56,23.1,162.475701161866,25.0337317875792,12.6281837
6198,PIRACICABA,AIC456PS321955094,4d,B,53.98,58.7672701286327,27.43,24.73,19.21618978084802,1975.29,30.45,32.96,25.3,165.372369149873,19.17280701830047,12.62
6199,ARACATUBA,BULL24765418,1/½,I,19.8,98.5047435897436,27.93,24.56,25.7802056538462,686.737,30.99,33.53,30.0,170.155528036283,25.6812034000792,12.62
6202,PIRACICABA,SCS111,5d,B,71.53999999999999,30.8483372522674,28.5,25.52,15.10997564662412,1134.23,32.01000000000001,33.79,22.1,174.627667378182,15.06526112129354,12.49
6208,ASSIS,SCS116,4d,A,67.22999999999999,109.2026072786529,26.12,26.41,25.7250081477458,5380.5,29.39,31.45,24.3,152.263780671002,25.6340051879825,12.57
6209,PARANÁ,PT35961007,3d,E,97.79,43.6410887049773,26.9246,25.9,16.72230592486304,2726.489,30.22,32.36,25.0,160.031367311027,16.68387362420729,12.571493
6210,GOIAS,AIC456873396,4d,B,50.06,65.6374146085129,26.25,25.07,19.64333158171309,2053.44,29.15,32.13,24.8,154.716749075121,19.65495744172138,12.72
6211,PARANÁ,BULL24835054,>5d,C,95.56,42.9429152704643,27.1321,25.89,16.68231288164193,2597.59,30.47,32.38,26.0,161.737846553815,16.63332549869648,12.532391
6212,MATO G. DO SUL,BULL24835054,3d,E,14.88,96.9965277777778,26.05,25.6,23.9420121527778,256.79,29.06,31.62,25.8,152.285990248938,23.9238220670269,12.54
6213,RIB. PRETO,BULL24928064,>5d,I,69.99000000000001,79.1031212277979,26.7944,24.75,21.92750416692533,3903.31,29.7,32.33,23.2,159.501051458565,21.89778093725171,
6214,MATO G. DO SUL,BULL24928064,5d,E,77.83,65.2638614613398,28.24,25.9,20.65005110132159,3518.36,31.82,33.76000000000001,25.416021,172.290635981848,20.53769822848719,12.42
6215,MATO G. DO SUL,BULL24928064,fr,B,81.38,105.3283366964543,26.13,24.59,25.187293975209,6487.12,28.86,31.21,26.29,152.930797864364,25.1528369539853,12.53
6216,MINAS GERAIS,BULL24928064,5d,B,28.63924,99.1300011298593,28.03,25.88,25.9669391811164,1461.777,31.56,33.7,25.0,170.512732367484,25.8112145502759,12.56
6217,MATO GROSSO,BULL24928064,4d,A,33.64,99.0899260628466,27.26,26.4,25.2899227171904,1896.626,30.8,33.08,23.411937,163.301813596964,25.1768637593342,12.47
6218,S. J. RIO PRETO,BULL24928064,3d,I,55.03,103.864745526377,27.19,24.12,25.9542548454567,3964.94,29.98,32.806923,23.864959,163.538907023509,25.9210831310599,12.57
6219,GOIAS,BULL24928064,>5d,E,17.68,49.3670774647887,27.19,26.39,17.67605906690141,224.245,30.7,33.82,28.79537,163.516016322177,17.66171071906697,12.57
6221,GOIAS,BULL24928064,4d,C,97.58,86.6106566954896,27.44,26.61,23.5198853937836,6397.18,31.09,33.98999999999999,24.8,165.621544412574,23.4618043111975,12.66
6222,S. J. RIO PRETO,SCS19001,3d,C,78.78,100.1097634022162,28.15,25.61,26.2297267894579,5895.97,31.61,34.09,26.52,172.04090326368,26.1011661212398,12.49
6223,S. J. RIO PRETO,SCS19001,3d,D,151.41,88.2603830428233,28.29,25.81,24.4228163976759,10643.46,31.85,34.31,27.42,173.321936104948,24.3024726405732,12.48
6227,SÃO CARLOS,SCS19001,3d,E,531.59,66.3183606304971,27.372,26.434,20.34981839612002,28235.277,30.945,33.499,23.677,164.648824392504,20.29163389317345,12.619
6228,PIRACICABA,SCS19001,1/½,D,115.28,144.748305577072,28.290062,24.974672,33.6247812824545,13722.245,31.564299,34.170559,26.595023,173.578436225908,33.4492636267822,12.6120249
6229,ARACATUBA,SCS19001,2d,E,18.65,66.2891729323308,27.3805,25.85,20.34994624285714,373.023,30.76,34.5,23.8,165.998713549984,20.36046279127156,
6230,MATO G. DO SUL,SCS19001,>5d,E,15.6026857,49.7829240002812,26.33,25.8,17.4142930092403,148.12,29.46,31.43,27.133461,154.21622182876,17.37334470096317,12.46
6231,MATO G. DO SUL,SCS19001,5d,C,26.3,37.3153846153846,27.31,26.66,15.87578538461538,374.01,30.95,33.36,24.91,163.881875118441,15.84494808472914,12.48
6232,ARACATUBA,SCS19001,3d,I,25.23,64.33529856387,28.24,25.94,20.49925248677249,704.396,31.84,34.89,29.0,173.420610186268,20.44799582846039,12.67
6233,ARACATUBA,SCS19001,3d,B,16.17,82.3769784172662,27.7,24.43,23.0491856115108,305.472,30.68,33.6,29.0,168.404966299215,23.0073089375931,12.67
6234,ARACATUBA,SCS19001,3d,C,24.34,72.9481361426256,27.4898,25.75,21.44074439222042,764.1,30.86,32.7,22.6,165.068431376023,21.32923559464402,
6235,MATO G. DO SUL,SCS19001,1,E,25.94,81.2618364418938,26.41,25.08,21.9806306312769,977.51,29.34,32.18,22.78,156.066338501635,21.97829917408274,12.58
6236,S. J. RIO PRETO,SCS19001,5d,D,67.50999999999999,86.0335074761304,27.94,25.74,23.8009410916952,4121.6,31.41,33.89,26.13,170.034437624327,23.6998437193467,12.49
6237,RIB. PRETO,SCS19001,2d,D,18.9,119.746376811594,26.8714,26.9,28.0233946811594,755.45,30.48,32.34,32.8,159.0985633873,27.8493372391722,
6238,MATO G. DO SUL,SCS19001,fr,E,77.84,100.5883961117862,25.66,24.66,24.10117490887,5844.66,28.31,31.48,23.68,149.459476481346,24.1773145518482,12.64
6239,MATO G. DO SUL,SCS19001,1/½,E,87.56,91.6639756484913,27.33,25.94,24.2124874669137,6031.41,30.72,33.27,21.45,164.312667417969,24.1338326281418,12.51
6240,MINAS GERAIS,SCS19001,5d,I,49.23,72.7733011012624,28.21,26.25,21.85135210851464,2274.59,31.91,34.85,22.9,172.987260592063,21.78372726142887,12.65
6241,MINAS GERAIS,SCS19001,2d,B,73.751934,164.276364332168,27.9,24.79,36.2119419288147,9415.36,31.04,33.69,23.0,169.957787866919,36.0532376543263,12.64
6242,S. J. RIO PRETO,SCS19001,3d,I,195.08,78.577135678392,26.748607,26.414511,21.81920009306282,12200.942,30.171402,33.559452,26.65569,159.623182975163,21.82832868221349,12.75110507
6243,S. J. RIO PRETO,SCS19001,3d,I,16.39,83.472437357631,27.36,24.84,22.9781663781321,325.764,30.41,33.44,24.0,165.254043426891,22.9534400186322,12.7
6244,PARANÁ,SCS19001,3d,C,45.34,54.4303839232154,27.0509,26.65,18.38615465389922,1426.629,30.62,32.82,26.0,161.205472482336,18.33084548087024,12.573551
6245,PARANÁ,SCS19001,3d,D,34.15,65.0762979683973,27.8446,25.92,20.40972710790068,1187.64,31.35,32.91,23.0,168.10703934546,20.28558373526396,12.466878
6246,MINAS GERAIS,SCS19001,4d,C,77.33,80.8339200979642,27.93,25.48,22.9652434716057,4508.92,31.3,34.89,26.2,171.086533917918,22.950549764368,12.75
6247,ASSIS,SCS19001,2d,I,79.11,107.704023245418,27.41,26.41,26.7479899821189,6434.697,30.98,34.31,27.1,165.792919648107,26.7186011569831,12.59
6248,S. J. RIO PRETO,SCS19001,2d,I,195.93,122.885913119121,27.336229,25.165574,29.0057175646895,20407.246,30.484262,33.95295,24.862484,165.429310082515,29.0131491477365,12.7542622
6249,GOIAS,SCS19001,4d,C,25.58,67.8328424153166,26.61,26.38,20.15717827687776,770.21,29.99,33.02,27.3,157.96019104568,20.14937234556296,12.71
6250,RIB. PRETO,SCS19001,3d,E,42.58,42.4260954872466,28.8504,26.66,17.126918793983,942.43,32.85,35.14,29.8,178.366721003715,17.06188973915915,
6251,RIB. PRETO,SCS19001,2d,E,16.16,49.0913461538462,28.1999,24.21,18.00876098557692,166.3,31.2,33.62,23.3,172.62397675277,17.95775952234433,
6252,RIB. PRETO,SCS19001,2d,C,55.98,88.9881082310141,28.2091,24.631,24.4790794512733,3397.937,31.3542,34.6,27.4,173.511982976712,24.4345020260168,
6253,RIB. PRETO,SCS19001,2d,B,49.95,92.3400527009223,28.1707,24.691,24.991548902108,3060.905,31.3298,34.6,27.45,173.164838139728,24.9479915896813,
6254,GOIAS,SCS19001,5d,C,60.4,89.9035537190083,28.25,25.18,24.6593274793388,3782.532,31.59,34.32,24.408957,173.29962286435,24.5658138346686,12.52
6256,MATO G. DO SUL,SCS19001,>5d,D,14.22,45.972972972973,26.97,26.04,17.08575405405405,87.42,30.32,33.07,23.93,161.10966833705,17.06569873242356,12.54
6257,RIB. PRETO,SCS19001,3d,I,89.27,103.801604762521,24.97,24.04,23.906668137699,7105.51,27.33,30.3,23.47,142.865988333882,24.0137077378838,12.65
6258,MATO G. DO SUL,SCS19001,4d,E,33.956434,51.4070822247365,27.14,25.98,17.96623224882511,877.239,30.51,32.32,27.746093,161.688362143688,17.89878159508243,12.42
6260,PARANÁ,SCS19001,2d,C,72.39,109.8761384335155,28.0095,25.8,27.6694803825137,5922.74,31.51,33.39,25.0,170.04487130932,27.4688217029781,12.512497
6261,SÃO CARLOS,SCS19001,3d,I,347.03,74.8550876040952,26.29,25.58,20.9819920186252,21070.34,29.35,32.53,27.63,155.230566672404,21.00276981577815,12.61
6262,PARANÁ,SCS19001,2d,C,42.02,96.4297135243171,26.673409,25.3088875,24.3887171829514,2546.58,29.728527,31.728888,24.577056,157.560293763327,24.2896139029532,12.55892885
6263,MINAS GERAIS,SCS19001,3d,I,169.18,88.6661789031684,29.13,25.07,25.1329164461127,12062.39,32.61,34.73999999999999,27.0,181.037448314722,24.9594552538315,12.54
6264,PARANÁ,SCS19001,BIS,C,20.3,109.3310843373494,26.1047,25.44,25.7282574525301,819.848,29.08,31.17,34.0,152.270781066682,25.6527072220671,12.58487
6265,PIRACICABA,SCS19001,3d,B,31.7,40.1878172588833,27.26,26.45,16.30146091370558,567.3,30.81,33.48999999999999,23.8,163.719318649309,16.27663642872901,12.64
6266,PARANÁ,SCS19001,3d,C,42.16,72.30139257294431,26.236187,27.120032,20.58461901028846,1830.69,29.760323,31.83043,28.684298,153.290958569399,20.52004155970092,12.5691154
6267,GOIAS,SCS19001,4d,C,119.16,89.2153788727137,27.86,26.08,24.2463590892124,8286.4,31.43,34.55,21.8,169.879269274972,24.1907075932141,12.69
6269,S. J. RIO PRETO,SCS19001,2d,I,311.2,126.76890040107,27.459466,24.75,29.7426591360772,34350.855,30.496456,33.827961,26.0,166.51687287536,29.7337315933169,12.74
6271,GOIAS,SCS19001,2d,B,208.58,90.1326686336352,26.69,25.98,23.477689022281,15371.32,29.96,32.93,25.0,158.710300601562,23.4628673020429,12.7
6272,PARANÁ,SCS19001,3d,E,115.71,38.4889306720663,26.407694,26.521779,15.81644407510346,2759.167,29.782856,32.445614,26.829472,155.64474031679,15.80499556765843,12.65680695
6274,ARACATUBA,SCS19001,2d,I,140.03,64.3867687260798,27.819261,25.387783,20.28719967424494,6719.078,31.138338,34.117044,28.49538,169.454316106516,20.2485228427951,12.67486143
6275,S. J. RIO PRETO,SCS19001,1/½,I,118.88,129.614146706587,27.07,24.68,29.7244519086826,12582.6,30.01,32.84,25.33,162.330553046582,29.6809997205031,12.57
6281,PIRACICABA,SCS19001,2d,D,54.08,116.656653992395,27.33,25.28,28.0438650570342,4415.952,30.51,33.36,25.0,164.719046639944,27.9830644222452,12.67
6282,PARANÁ,SCS19001,1/½,E,31.05,90.6733333333333,27.8006,24.92,24.4308587066667,1510.727,30.96,33.23999999999999,29.0,168.601562802845,24.3203669509092,12.579039
6283,S. J. RIO PRETO,SCS19001,2d,C,25.54,92.9556868537666,28.44,24.97,25.3091149187592,1108.14,31.75,34.16,27.83,174.79298870429,25.1790182155332,12.49
6284,MATO G. DO SUL,SCS19001,2d,E,285.9,76.4017889740781,27.85,25.86,22.2076835523914,17651.65,31.34,33.39,25.166971,168.709022427379,22.0923413927022,12.44
6285,MATO G. DO SUL,BULL24935744,>5d,A,21.71,66.47167868177141,25.7897,25.108,19.51148107518023,540.92,28.6016,30.75,24.62,149.407517414225,19.48481813704759,12.60401285
6286,MATO G. DO SUL,BULL24935744,5d,A,75.27000000000001,81.0064801643749,25.1735,25.1864,21.09056866445393,4378.04,27.8815,29.8,25.19,143.289185056216,21.0598045443787,12.58068883
6287,S. J. RIO PRETO,SCS19002,>5d,D,109.83,62.672084227742,26.73,26.33,19.4639980067464,4969.25,30.12,32.68,24.24,158.601253009293,19.42859104037943,12.52
6291,ASSIS,SCS19002,2d,A,25.51,146.788304959289,26.57,25.02,31.6386560325685,1832.99,29.52,31.23,29.1,156.260237854977,31.4445929334963,12.52
6292,MATO G. DO SUL,SCS19002,fr,D,158.0,87.9453424657534,27.26,24.99,23.589259260274,11100.02,30.34,32.5,25.72,163.33762253007,23.4933875709991,12.48
6293,MINAS GERAIS,SCS19002,2d,I,33.55,104.9809744779582,27.47,25.92,26.3841567517401,2015.74,30.89,34.11,,166.324444170173,26.3492372047119,12.71
6294,ASSIS,SCS19002,3d,A,25.73,126.869628550619,26.14,25.58,28.2425654770575,1589.16,29.17,31.39,24.7,152.74125835511,28.1668960689983,12.6
6295,MATO G. DO SUL,SCS19002,2d,I,24.13,74.7,26.67,26.24,21.19809,772.551,30.02,32.23,31.1,157.659160899363,21.13282938839008,12.59
6296,MINAS GERAIS,SCS19002,4d,I,35.79,85.5922656578394,27.72,24.67,23.5687041614124,1762.76,30.78,32.97,25.4,167.76815205301,23.4633312269158,12.57
6297,RIB. PRETO,SCS19002,3d,C,68.06,102.9143774527292,26.998185,25.3304,25.6355065219586,5108.66,30.127071,32.65,24.72,161.226492311285,25.566833647935,12.63006264
6298,S. J. RIO PRETO,SCS19002,fr,I,34.48999999999999,123.810893730547,26.722571,24.990247,28.4614382152143,2526.627,29.693438,32.880667,19.425016,159.396230808443,28.480504299206,12.73212636
6299,S. J. RIO PRETO,SCS19002,1/½,I,12.25,83.384,,,12.0,29.846,,,31.244873,,,
6300,S. J. RIO PRETO,SCS19002,4d,E,116.91,57.1693832809074,25.4,26.28,18.0526973596416,4750.72,28.47,32.37,24.8,147.523350842142,18.12150617770161,12.87
6302,RIB. PRETO,SCS19002,4d,C,43.32,104.0960089399745,27.8482,25.147,26.595559688825,2896.447,31.0925,34.11,24.71,169.801424732918,26.5328814229435,
6303,GOIAS,SCS19002,3d,I,61.92154,82.6468590512232,26.49,25.83,22.2367298765222,3538.8,29.66,33.049307,29.141928,157.289873685243,22.2642732278114,12.63
6304,PARANÁ,SCS19002,4d,D,34.4,69.2549107142857,26.195187,25.643111,20.12744164257589,1294.51,29.251451,31.652905,26.673581,153.466628888397,20.09965920605616,12.6299951
6306,MINAS GERAIS,SCS19002,>5d,C,19.780252,134.950002133607,26.87,26.4,30.2826653172674,968.582,30.31,32.95,24.0,160.000461307179,30.1966570334925,12.65
6307,PARANÁ,SCS19002,fr,E,12.89,114.551685393258,26.1772,23.96,26.538957541573,103.271,28.73,31.15,25.0,153.546078382055,26.515788898886,12.644552
6308,S. J. RIO PRETO,SCS19002,3d,D,137.19,74.0001597571691,26.57,24.76,21.03342327661954,7773.8,29.44,31.92,25.43,157.211181950901,21.0031164794832,12.53
6309,S. J. RIO PRETO,SCS19002,2d,D,24.43,102.8664521319389,27.92,25.84,26.4659391794047,1141.47,31.42,33.68,27.4,169.600952950056,26.3206394471842,12.47
6310,MINAS GERAIS,SCS19002,2d,I,329.16,92.5774057258166,27.59,24.68,24.5620175526548,25567.93,30.63,33.59,27.1,167.373233183099,24.5195720491264,12.68
6312,GOIAS,BULL24OUTRAS,2d,B,39.15,92.7399631675875,24.65,26.18,22.2136053406998,2204.09,27.52,31.79,29.9,140.932918595739,22.4100390985095,12.95
6313,ASSIS,BULL24937570,3d,I,63.13,93.1322120086055,27.75,25.35,24.7783233913554,4160.29,31.04,34.14,26.86,168.929189043926,24.7320122358503,12.57
6314,PARANÁ,PT35OUTRAS,4d,C,12.18,31.9277777777778,27.6406,25.38,15.11682401111111,15.587,30.92,33.14,24.0,166.964572196105,15.08809955815238,12.57115
6315,PARANÁ,PT35OUTRAS,3d,D,12.66,32.97727272727271,26.9262,25.33,15.13110968181818,25.845,30.04,32.14,25.0,160.06823153706,15.10606767519788,12.568749
6316,RIB. PRETO,BULL24966928,5d,B,98.18,64.94360640519841,28.5526,25.2,20.76354339382687,4574.68,31.96,34.53,23.9,175.997961826901,20.68264354221818,
6317,RIB. PRETO,BULL24966928,4d,D,26.58,61.4293552812071,27.5404,26.34,19.68151952812071,732.68,31.12,33.32,29.6,165.880342790809,19.60620613460085,
6319,PARANÁ,BULL24966928,>5d,D,26.58,34.8599451303155,25.811284,28.692907,15.15725194419204,345.298,29.718252,31.621044,27.720773,148.900603694926,15.12954028877308,12.5435808
6320,PARANÁ,BULL24966928,>5d,C,185.09,34.1999711132937,26.1044855,27.405145,15.13119170667869,3854.593,29.683296,32.109163,27.207649,152.407803538609,15.11704918263813,12.62843096
6321,PARANÁ,BULL24966928,>5d,D,74.34,50.9327077317934,26.8606415,26.476991,17.7856501222646,2439.065,30.327908,32.287441,26.918273,159.155004803019,17.72914279326658,12.54213685
6322,ARACATUBA,BULL24966928,4d,E,21.5,63.2843157894737,27.726,25.16,20.06497150105263,499.201,30.95,32.96,23.0,167.566366878735,19.97811468523019,
6323,S. J. RIO PRETO,BULL24966928,4d,I,208.16,69.30806484502449,27.25,25.09,20.73947988886623,11253.55,30.35,32.75,25.12,163.502188512306,20.68229724342636,12.51
6324,S. J. RIO PRETO,BULL24966928,4d,D,28.77,66.3214072748957,26.82,25.02,20.05043255813954,922.97,29.81,32.54,27.5,159.816615826908,20.02960659033027,12.55
6325,S. J. RIO PRETO,BULL24966928,4d,C,35.33,66.31975996570941,26.82,25.02,20.05018842691813,1279.28,29.81,32.54,27.5,159.816615826908,20.02936309066114,12.55
6327,RIB. PRETO,BULL24966928,5d,A,18.28,72.0143312101911,27.062383,25.524,21.03958842176752,388.89,30.266718,32.9,22.78,161.927439136998,20.99779498986356,12.6431606
6333,ASSIS,BULL24966928,4d,I,16.64,59.0612068965517,26.96,26.04,19.04035655172414,230.364,30.31,33.13,27.3,161.088804176897,19.01629905932842,12.55
6340,SÃO CARLOS,BULL24966928,3d,E,246.58,49.2650012788814,28.046,26.7,17.97954210520931,8753.624,31.869,34.091,23.943,170.657254876926,17.91236280589245,12.556
6341,SÃO CARLOS,BULL24966928,3d,E,229.74,78.4020437218701,27.417,25.944,22.2372030806007,14470.381,30.839,33.159,23.857,164.887211232208,22.1520232847559,12.59
6353,ARACATUBA,BULL24966928,3d,I,294.34,86.6102465112984,26.992501,24.800889,23.1859419543089,21077.457,29.95433,32.695948,26.026646,161.486031964935,23.1531896948997,12.6684017
6354,ASSIS,BULL24966928,5d,D,56.92,56.4577471059662,27.08,25.1,18.7042282635797,2009.042,30.15,32.45,25.728922,161.780752218138,18.65891480345536,12.5
6355,PIRACICABA,BULL24966928,4d,C,49.07,43.3679525222552,27.34,26.0,16.81184391691395,1174.81,30.76,33.14,24.0,164.216594751849,16.77472291727536,12.6
6356,PIRACICABA,BULL24966928,4d,B,124.44,56.0627001067236,27.47,25.02,18.81649970651014,4966.41,30.59,33.12,25.8,165.734613034116,18.77396215014544,12.62
6357,MATO G. DO SUL,BULL24966928,>5d,C,431.75916,79.4782082182555,26.56,24.96,21.82482711657799,28336.596,29.48,31.75,26.546107,156.847939920837,21.77407944996358,12.5
6358,GOIAS,BULL24966928,5d,D,68.15,30.1325912733749,28.83,26.08,15.05171511130899,1030.145,32.61,34.93,28.718346,178.269086074128,15.01488937917975,12.45
6359,GOIAS,BULL24966928,4d,D,77.84,34.8322144592953,28.72,26.35,15.81754625759417,1515.273,32.57,34.88,25.675915,177.18421091012,15.77152132878932,12.45
6360,PARANÁ,BULL24966928,1,C,14.91,119.854295532646,26.6761,26.1,27.8288042666667,325.856,29.98,31.87,22.0,157.366886346247,27.6784431206487,12.537193
6361,MATO G. DO SUL,BULL24966928,5d,C,89.26,87.6548019673829,27.19,24.93,23.4919644188455,5857.09,30.22,32.54,24.23,162.866325429754,23.4137619739348,12.5
6362,MATO G. DO SUL,BULL24966928,2d,C,40.22,76.6148121899362,26.67,25.09,21.47899294826364,1835.43,29.66,32.14,25.77,158.110796075974,21.44092164737112,12.53
6363,S. J. RIO PRETO,BULL24966928,3d,C,22.74,92.6741154562384,27.72,25.33,24.6819709497207,878.44,31.0,34.17,23.0,168.719149067967,24.6431787261126,12.7
6364,MATO G. DO SUL,BULL24966928,1,A,253.62784,70.5941586863501,26.1482,26.1136,20.29001875926218,14169.98,29.3375,31.36,24.11,152.520856676582,20.23370137484949,12.56932527
6365,PARANÁ,BULL24966928,>5d,A,58.79,34.5211583671725,25.216548,26.41909,14.97651970575337,1065.765,28.285757,30.606335,24.651365,144.04047869342,14.97370453153178,12.6392936
6366,GOIAS,BULL24966928,2d,C,57.17,93.8319681204339,27.18,24.7,24.4220927606819,3708.35,30.15,33.17,23.7,163.568284374254,24.4031310149828,12.7
6367,RIB. PRETO,BULL24966928,3d,D,18.56,74.26219512195121,28.408,25.27,22.2159809756098,420.44,31.81,34.06,29.5,174.285721102986,22.1042652328206,
6368,RIB. PRETO,BULL24966928,>5d,I,47.54,81.7017445132245,26.9,25.35,22.3855599324705,2489.2,30.02,32.437843,23.981491,160.178622907977,22.3283085162532,12.51
6369,MATO G. DO SUL,BULL24966928,3d,C,50.263176,101.3384542882692,27.12,24.54,25.5079742883863,3430.373,30.02,32.23999999999999,24.260676,162.137283548172,25.4130328432333,12.49
6371,MATO G. DO SUL,BULL24966928,4d,C,101.52,40.6827412868633,26.45,25.07,16.14465611595174,2579.679,29.38,31.74,26.35465,155.900043260568,16.1274477120113,12.52
6372,ARACATUBA,BULL24966928,>5d,B,21.6,89.8566666666667,27.414342,24.054923,24.0010928698,759.424,30.22504,33.221046,23.329455,165.846753282701,23.9779953880802,12.69317824
6373,S. J. RIO PRETO,BULL24966928,>5d,B,101.24,70.1685454952936,26.981408,25.79534,20.71446712831555,5202.961,30.251408,33.441395,25.8604355,161.711161359464,20.70848050069122,12.72023046
6374,ARACATUBA,BULL24966928,1,I,28.97,68.5794932233353,27.6,24.93,20.82640094284031,972.154,30.72,33.2,21.0,166.920687215479,20.76533397246266,12.61
6376,GOIAS,BULL24966928,5d,D,38.27,94.9082603730491,26.0,24.52,23.6071564522269,2190.0,28.68,32.08,23.3,152.922233178367,23.6836172007036,12.8
6377,S. J. RIO PRETO,BULL24966928,fr,C,27.69,121.211599745061,26.98,23.96,28.3598976418101,1725.53,29.68,32.55,24.75,161.631745204133,28.3415222663886,12.58
6378,S. J. RIO PRETO,BULL24966928,2d,I,314.71,77.3736249215421,27.49,25.6,22.1263745003469,19801.25,30.81,33.23999999999999,25.58,165.740113767068,22.0505485328035,12.5
6380,S. J. RIO PRETO,BULL24966928,4d,I,36.22,102.3649876135425,27.84,24.88,26.3138140379851,2200.64,30.99,33.555815,24.81547,169.290011858615,26.2135099733377,12.52
6383,S. J. RIO PRETO,BULL24966928,fr,I,108.43,114.990926060355,25.766129,25.106645,26.177863739763,9943.415,28.575626,31.623903,25.8606205,150.243020797714,26.2377767333375,12.744337
6386,ARACATUBA,BULL24966928,3d,I,22.04,28.8778884462151,27.78,25.36,14.66333079681275,181.454,31.08,33.73,28.0,168.748315351037,14.64558058062695,12.63
6387,RIB. PRETO,BULL24966928,5d,D,46.96,80.4799771167048,26.8985,25.75,22.2024893907323,2406.06,30.14,32.25,23.2,159.76786555426,22.11914005174,
6388,PARANÁ,BULL24966928,5d,D,25.7,18.66408759124088,25.9961,26.86,12.93271236335766,103.298,29.38,31.69,24.0,151.324693374072,12.92847196026759,12.613339
6389,PARANÁ,BULL24966928,5d,E,19.98,18.64912280701754,27.7266,26.05,13.04568094736842,65.06,31.25,33.42,24.0,167.647116754223,13.03491679385702,12.558459
6390,PARANÁ,BULL24966928,5d,D,78.99,29.5219585012688,28.0078,25.98,14.80488007296611,1185.796,31.57,33.65,24.0,170.226344127615,14.77243543561154,12.540623
6391,PARANÁ,BULL24966928,>5d,C,50.12,38.4145068205666,25.1661,25.57,15.47776038250262,1018.921,27.98,30.35,22.0,143.741009608805,15.47987379686011,12.654156
6392,PARANÁ,BULL24966928,>5d,D,19.62,21.96338582677166,26.2708,26.92,13.42185486456693,87.921,29.74,31.76,23.0,153.584641509792,13.41066241050721,12.561546
6393,ARACATUBA,BULL24966928,>5d,D,40.11,73.9198861615084,27.7399,25.17,21.74612816193526,1752.568,30.97,32.76000000000001,24.2,167.447626522828,21.62529933837018,
6394,ARACATUBA,BULL24966928,>5d,B,42.07,51.0216494845361,26.87,26.03,17.80251927835052,1185.381,30.19,33.09,29.0,160.326630713439,17.78794979292203,12.68
6396,PARANÁ,BULL24966928,4d,E,171.63,49.8724112009021,27.118786,26.021061,17.72584880250442,6057.573,30.496714,32.73018,26.493794,161.96004974094,17.6793486674966,12.5805234
6400,ARACATUBA,BULL24966928,2d,D,31.0,110.8863157894737,27.1744,24.83,27.0054051031579,1890.84,30.18,32.4,26.2,162.615951206462,26.8938565139342,
6404,S. J. RIO PRETO,BULL24966928,3d,I,51.13,94.3529261436238,27.16,24.3,24.4847036033734,3234.47,30.0,32.59,24.92,162.967231696375,24.4325932819989,12.54
6416,MATO G. DO SUL,BULL24965902,>5d,I,124.79,59.0399858143452,26.81,25.24,18.96662189910453,5317.64,29.87,31.67,24.1,158.623972532894,18.89718958799028,12.53
6417,PIRACICABA,BULL24965902,>5d,I,57.3,87.5688741721854,25.6364,25.7217,22.3048739576159,3435.27,28.595,31.56,24.29,148.836031935313,22.3405448795408,12.7309365
6418,RIB. PRETO,BULL24965902,4d,I,15.48,107.1609195402299,26.54,25.25,25.8363977011494,343.16,29.55,32.18,27.21,157.032141057875,25.8013919059557,12.55
6419,SÃO CARLOS,BULL24965902,4d,I,78.74,63.9172909799221,26.56,25.47,19.55915756667666,3476.96,29.64,32.96,22.58,157.932643594998,19.5764275209908,12.62
6420,GOIAS,BULL24965902,5d,B,145.85,89.3486738886814,26.99,26.07,23.5945662159133,10365.12,30.35,33.61,23.3,161.820990809434,23.588454959798,12.73
6421,PIRACICABA,BULL24965902,4d,I,32.23,73.365793376174,26.3839,26.8397,20.82679435343549,1253.43,29.8552,32.33,23.47,155.173037710362,20.78592704917325,12.62853736
6422,ARACATUBA,BULL24965902,1/½,B,49.38,129.409309791332,26.92,25.09,29.5174690208668,4400.76,29.96,32.28,,160.290793225919,29.4107196810643,12.61
6423,S. J. RIO PRETO,SCS123,5d,C,23.56,48.6254325259516,26.58,25.78,17.33998806228374,435.39,29.76,31.99,23.9,156.887509343333,17.30656769730743,12.49
6424,ASSIS,PT35013377,4d,A,13.11,135.873873873874,27.06,25.58,30.6554054054054,149.5,30.28,32.22,26.5,161.122814127058,30.4724206688923,12.54
6427,ARACATUBA,SCS19003,1,I,132.86,90.3666970047989,27.891218,24.622436,24.4534226604321,9483.399,30.972435,33.47609,22.0,169.740147398216,24.3615743366483,12.615609
6428,ARACATUBA,SCS19003,1,I,29.61,93.9215218625781,,,12.0,1454.638,,,21.0,,,
6430,ARACATUBA,SCS19003,2d,B,54.82,118.585450723961,27.78,24.74,28.819184124241,4575.989,30.88,33.54,32.0,168.840706377248,28.7169373810833,12.64
6431,MATO G. DO SUL,SCS19003,4d,A,12.08,83.0,25.94,25.07,21.8974,17.68,28.77,31.59,25.14,151.624345310903,21.91332851707412,12.59
6432,ARACATUBA,SCS19003,1/½,I,208.43,95.6472025657995,27.05,24.44,24.5889039861528,16442.82,29.91,32.54,27.6,161.955145560974,24.5433284365227,12.67
6433,ASSIS,SCS19003,2d,A,35.57,124.502333474756,25.65,25.34,27.3565685193042,2663.68,28.5,30.32,32.7,147.647756989427,27.2606891919272,12.55
6434,MATO G. DO SUL,SCS19003,5d,B,25.58,94.4896907216495,27.0,24.87,24.3734536082474,1132.21,29.99,32.28,24.06,161.040294300288,24.2942877818944,12.5
6435,GOIAS,SCS19003,4d,I,157.29,100.9498244889531,25.15,25.24,23.6969019202973,12935.52,27.87,31.33,26.0,144.910908918105,23.8224020209326,12.84
6436,PARANÁ,SCS19003,2d,D,52.8,61.8756862745098,26.745035,25.150638,19.35418739766667,2046.928,29.765127,31.838036,25.4515295,158.342663220525,19.29894075936313,12.56939214
6437,S. J. RIO PRETO,SCS19003,3d,B,224.15,62.0962526514259,27.55,24.23,19.78996728729672,10639.92,30.44,32.98,26.2,166.604600173044,19.74511111134147,12.63
6438,MINAS GERAIS,SCS19003,3d,I,318.32,100.0812548968399,27.22,24.66,25.405966995299,26993.05,30.18,33.11,23.7,163.855929530393,25.3756608365631,12.69
6439,PARANÁ,SCS19003,4d,D,131.94,52.1634984158746,26.685997,26.234261,17.89841017245039,4829.21,30.03455,32.143526,26.494313,157.697495056009,17.8517211118789,12.57039946
6440,MINAS GERAIS,SCS19003,4d,D,12.09048242,65.4800019716537,27.76,26.96,20.42844831073263,16.839,31.61,33.98999999999999,23.0,168.07655343615,20.34697438549423,12.59
6441,ARACATUBA,SCS19003,1/½,I,52.55,112.424537607892,28.34,24.13,28.4093694451295,4084.215,31.34,33.52,29.0,173.697810643553,28.2384278660872,12.56
6442,ARACATUBA,SCS19003,1/½,D,34.48,112.450400355872,28.34,24.13,28.4135954181495,2270.125,31.34,33.52,29.0,173.697810643553,28.2426098158128,12.56
6443,PARANÁ,SCS19003,fr,E,130.87,84.5605198956844,26.254832,25.048325,22.3433802094564,8637.269,29.144438,31.401297,25.464486,153.937791462643,22.2990799413746,12.6101168
6444,PARANÁ,SCS19003,fr,D,154.24,76.0721105174353,26.603416,25.072726,21.35671683884083,9125.617,29.57088,31.671928,26.104822,157.044881354664,21.29333166814431,12.5773988
6447,S. J. RIO PRETO,SCS19003,1,I,19.89,48.3940430925222,26.56,26.97,17.29897267427123,299.149,30.12,33.72,21.0,157.968648764975,17.31238929330975,12.78
6448,PIRACICABA,SCS19003,3d,B,68.07,42.6902086677368,27.22,26.37,16.67104975922953,1732.8,30.73,33.37,24.1,163.310922850778,16.6437637959982,12.64
6449,RIB. PRETO,SCS19003,3d,B,83.51,106.0303733743532,28.4972,24.938,27.5123787563138,6736.112,31.8037,35.04,23.98,176.175510741817,27.4374845739782,
6450,RIB. PRETO,SCS19003,5d,C,34.68,97.0411816578483,27.7422,24.689,25.3873528989418,1940.734,30.8141,34.07,24.99,169.112123386,25.3610006255191,
6451,S. J. RIO PRETO,SCS19003,1/½,E,41.88,105.9357429718876,26.92,25.77,26.0152128514056,2818.8,30.17,33.4,29.8,161.17771938928,26.0131199056837,12.73
6452,S. J. RIO PRETO,SCS19003,>5d,I,21.16,71.78275109170309,26.53,25.7,20.68643373362446,559.61,29.68,32.103056,26.093735,156.643792949896,20.64720387088347,12.51
6453,S. J. RIO PRETO,SCS19003,4d,D,45.64,71.6501189060642,26.59,24.93,20.70295234839477,2018.63,29.51,32.36,25.04,157.794204247577,20.69664161918297,12.58
6454,PIRACICABA,SCS19003,3d,B,22.83,70.5193905817175,26.321,26.114,20.38056192520776,645.765,29.55,32.508,26.238,155.203677754183,20.38019195123543,12.706
6455,S. J. RIO PRETO,PS321911285,>5d,C,21.48,47.8786919831224,26.96,25.83,17.36745232067511,352.13,30.24,32.78,23.96,160.818414384404,17.33941005111471,12.52
6457,ASSIS,SCS17,5d,E,16.4,73.4454545454546,26.6,25.68,20.97103636363636,282.36,29.76,32.21,23.7,157.337607262337,20.93033534078305,12.63
6458,ASSIS,PT35001499,2d,B,33.94,140.763445761167,25.81,24.63,29.7822318596171,2837.07,28.49,30.97,25.0,150.066144859983,29.7778725551318,12.66
6459,ASSIS,PT35001499,4d,D,99.24,76.8796423658872,24.78,25.22,20.29161829436039,5672.1,27.42,30.08,23.3,140.520165534399,20.33834237667643,12.72
6460,MINAS GERAIS,AIC456PS321974039,3d,I,29.72,86.4497742663657,27.63,26.32,23.636499717833,1331.25,31.23,33.98999999999999,25.6,167.314434536641,23.5631245915612,12.64
6461,ARACATUBA,SCS19006,3d,C,18.07,86.5222405271829,25.25,24.99,21.87419686985173,464.35,27.92,30.17,23.1,144.460452793674,21.87124972342976,12.64
6462,RIB. PRETO,PS32187365,5d,C,97.48,41.4568320074871,26.68,25.41,16.32426293869911,2529.97,29.77,32.87,23.9,158.838810094032,16.3254061611192,12.72
6463,RIB. PRETO,PS32187365,4d,B,51.57,90.6535001263584,26.73,25.19,23.5856605686126,3124.319,29.76,32.68,24.6,159.150415697366,23.5738952396464,12.7
6464,RIB. PRETO,PS32187365,4d,A,172.86,70.3871565336317,26.73,25.03,20.60042815740395,9404.158,29.71,32.52,25.1,159.054036328309,20.58606703800332,12.68
6465,S. J. RIO PRETO,PS32187365,5d,B,86.29,63.7713554987212,26.52,25.49,19.51720081841432,3858.094,29.6,32.68,24.0,157.30039388932,19.52239834614821,12.72
6466,PARANÁ,BULL24988082,4d,C,21.06,37.5502207505519,26.422,25.0,15.68485283664459,243.485,29.33,31.68,23.0,155.632400457838,15.66983953862943,12.620542
6467,PARANÁ,BULL24988082,fr,E,13.0,150.5,26.0678,25.12,31.483903,150.5,28.94,31.27,26.0,152.250132955329,31.4246434143131,12.625687
6468,S. J. RIO PRETO,BULL24988082,3d,C,24.43,120.043925985519,26.67,24.16,27.8500439420756,1354.986,29.37,32.51000000000001,24.0,158.983535482765,27.8806782287897,12.74
6469,S. J. RIO PRETO,BULL24988082,3d,B,15.87,68.4100775193799,26.51,25.55,20.18510224806202,230.307,29.6,32.52,28.0,157.026674147958,20.18096593106416,12.7
6470,PARANÁ,BULL24988082,4d,C,30.64,46.9444206008584,26.6863,26.28,17.13204244270386,663.364,30.05,32.14,25.0,157.673380080819,17.09047186389283,12.567034
6471,PARANÁ,BULL24988082,1/½,B,27.57,76.8152858060373,26.4611,25.01,21.37300329569685,1021.174,29.38,31.46,29.0,155.681105632941,21.31273192652649,12.577667
6472,RIB. PRETO,PT35022994,2d,D,169.46,90.2086117109107,26.2,24.83,23.1056228629493,12326.728,29.01,31.96,24.89,154.251828850452,23.1253180477319,12.72
6473,RIB. PRETO,PT35022994,4d,B,511.19,103.7892585989303,25.52,24.93,24.4099077625754,45832.28,28.23,31.13,24.6,147.792100079057,24.4642561898484,12.73
6474,RIB. PRETO,PT35022994,3d,B,785.22,89.915897157342,25.96,24.79,22.8770592431649,60258.13,28.71,31.69,24.77,152.037146137713,22.9111198766737,12.73
6475,RIB. PRETO,PT35022994,3d,A,116.48,111.2599253445636,26.03,24.65,25.9261675258423,10382.677,28.76,31.79,23.8,152.771309837151,25.972949705092,12.74
6476,RIB. PRETO,PT35022994,1,A,158.4,53.2604030054645,25.92,24.84,17.74344809836066,6052.523,28.68,31.51,20.82,151.482211930193,17.75509227633337,12.71
6477,ARACATUBA,BULL24985476,4d,D,77.07,54.1705855232826,26.021,25.31,17.91273779621946,2756.04,28.94,31.46,21.2,152.006512008729,17.90415658848059,
6478,RIB. PRETO,BULL24985476,1/½,I,31.32,120.238095238095,25.78,24.83,26.9152095238095,2103.16,28.51,31.10756,28.845715,149.896096170443,26.9256107902579,12.57
6479,PIRACICABA,BULL24985476,1/½,D,24.39,128.888619854722,28.183146,24.760985,30.9162560084746,1460.25,31.368956,33.738712,29.130764,172.342086393782,30.7421651831958,12.5867194
6485,SÃO CARLOS,BULL24985476,4d,C,48.66,71.91579378068741,27.726,27.025,21.4223577299509,2208.513,31.586,33.585,23.161,167.350484456341,21.30794759041602,12.533
6486,ARACATUBA,BULL24985476,3d,C,67.12,76.4169448476052,26.1446,25.71,21.11151918091437,3562.662,29.21,31.82,23.3,153.218643233642,21.09687355263517,
6487,RIB. PRETO,BULL24985476,2d,I,36.22,107.9562345169282,26.95,23.63,26.3454570602808,2336.06,29.54,31.85973,24.152321,160.762151988752,26.2746559434756,12.52
6488,S. J. RIO PRETO,BULL24985476,1/½,C,23.91,132.170445004198,28.45,25.03,31.7680382031906,1443.23,31.78,34.17,30.52,174.85980388118,31.5709351056979,12.48
6489,GOIAS,BULL24985476,3d,C,69.58,77.8588051406739,27.38,25.16,22.1290842306356,3804.15,30.53,34.31,29.0,166.149023101222,22.1520704750486,12.79
6490,GOIAS,BULL24985476,2d,C,248.31,79.6331090516694,27.4,25.11,22.4154987939571,15994.38,30.54,34.28,26.6,166.306075634505,22.4361996407236,12.78
6491,RIB. PRETO,BULL24985476,2d,D,39.48,92.5607714701601,27.367,24.89,24.3797737518195,2225.81,30.43,33.02,22.7,164.842947581013,24.3131457708997,
6492,ARACATUBA,BULL24985476,3d,C,66.62,75.18985719516661,26.21,25.74,20.97927870743317,3463.43,29.3,31.51,23.1,153.371292732113,20.93323179923832,12.6
6493,ARACATUBA,BULL24985476,2d,I,50.55,79.9880674448768,28.23,25.19,23.0344633463035,2632.94,31.57,33.94,26.9,172.734165218218,22.9280052655522,12.58
6494,MINAS GERAIS,BULL24985476,2d,D,12.02,81.5,26.02,24.7,21.7439,13.39,28.76,33.3,25.1,154.246397734051,21.88612464251654,12.95
6496,ASSIS,BULL24985476,1/½,A,44.52,143.452644526445,26.19,25.07,30.6531302583026,4286.84,29.08,31.12,30.5,153.06036881268,30.5427585183025,12.58
6497,PARANÁ,BULL24975201,2d,E,37.26000000000001,62.8953285827395,26.307,26.46,19.28159466033254,1297.616,29.64,32.04,30.054707,154.41359603426,19.24818676481321,12.621914
6500,ARACATUBA,BULL24975201,4d,I,21.07,89.6858875413451,27.38,24.44,23.9480895038589,716.611,30.3,33.08,27.0,165.234739525904,23.9041767422367,12.66
6501,ARACATUBA,BULL24975201,3d,B,22.72,66.266697761194,26.93,25.27,20.10201797574627,593.739,30.02,32.98999999999999,27.0,161.077047784279,20.08991909524053,12.7
6502,ARACATUBA,BULL24975201,5d,C,183.66,76.7027204939998,25.9899,25.47,21.05184589439007,11118.869,28.95,31.41,24.4,151.621606931119,21.03389780818731,
6503,MATO G. DO SUL,BULL24975201,>5d,A,35.687647,116.712088963501,24.95,24.35,25.5602155207733,2492.383,27.39,29.62,24.412989,141.697471223363,25.5808931450819,12.54
6504,MATO G. DO SUL,BULL24975201,>5d,A,32.242353,116.712085595978,25.56,24.58,26.1989588068146,2131.619,28.18,30.43,24.352377,147.435089475283,26.1816906818347,12.53
6505,S. J. RIO PRETO,BULL24975201,1/½,D,23.8,147.186610169492,26.604377,24.34585,31.7431622026729,1607.202,29.350227,32.5151,28.219545,158.364161708811,31.7864748717135,12.73780453
6506,ARACATUBA,BULL24975201,>5d,C,63.11,53.0694580316963,25.89,26.9,17.70454772060262,2111.06,29.26,31.55,24.3,150.294939603281,17.67969821803294,12.61
6507,MATO G. DO SUL,BULL24975201,3d,A,131.26937,93.4614850401239,25.571,24.5576,23.0551381347952,9727.86,28.1819,30.4,23.62,147.502530755883,23.0382373820693,12.62448305
6508,RIB. PRETO,BULL24975201,2d,C,60.18,59.0676421751764,27.5181,24.418,19.30400378038605,2279.719,30.4572,33.77,25.47,167.102275635729,19.30029841017807,
6509,MINAS GERAIS,BULL24975201,fr,A,28.04,90.8129675810474,26.38,24.4,23.3333047381546,1276.16,29.1,31.52,27.0,155.398103944,23.3016301173221,12.64
6510,ARACATUBA,BULL24975201,5d,C,50.9,70.28457583547561,25.93,25.88,20.11904141388175,2279.27,29.0,31.06,24.6,150.529714477083,20.07414564890634,12.58
6511,ARACATUBA,BULL24975201,2d,I,115.87,127.718840858766,26.668877,23.764244,28.9746544313981,12031.716,29.250008,31.799078,26.980026,158.362091368821,28.9368515588647,12.6499023
6512,ARACATUBA,BULL24975201,3d,C,165.2,80.0505874673629,26.2,26.14,21.66318342036554,10437.35,29.41,31.81,23.6,153.444859298846,21.62540576952496,12.63
6513,PARANÁ,BULL24975201,>5d,C,22.35,17.20908212560386,25.365,25.53,12.69619382608696,65.914,28.21,30.8,22.0,145.883018558181,12.69740763889331,12.683654
6514,RIB. PRETO,BULL24975201,4d,B,43.35,82.9059011164274,27.51583,24.9312,23.001639077193,2234.9,30.621952,33.23999999999999,25.01,166.274094226017,22.9389436700164,12.6337828
6515,S. J. RIO PRETO,BULL24975201,fr,D,56.9,132.719821826281,25.54,24.31,28.3454638752784,5432.32,28.07,31.03,26.54,148.149727213486,28.4359708109088,12.63
6516,S. J. RIO PRETO,BULL24975201,fr,C,21.56,125.495815899582,24.4,23.77,26.0734811715481,1097.02,26.59,30.86,27.53,139.114506056397,26.426964577543,12.84
6517,ARACATUBA,BULL24975201,4d,C,75.61,56.7667033485301,26.42,26.36,18.45535862285804,2859.61,29.75,32.37,24.4,155.736090817465,18.43459093810285,12.65
6518,PARANÁ,BULL24975201,3d,E,34.26000000000001,61.9384546271339,26.307,26.46,19.14469470350404,1123.63,29.64,32.04,25.0,154.41359603426,19.11191490384388,12.621914
6520,RIB. PRETO,BULL24975201,5d,A,27.43,20.75171743357097,27.499,24.381,13.35642868502916,147.039,30.4223,33.73,23.53,166.923143219229,13.35584357337534,
6521,RIB. PRETO,BULL24975201,4d,A,80.65,95.6130080116533,28.0374,24.974,25.4093525468609,5752.033,31.2633,34.47,23.1,171.802260052869,25.3615476500808,
6522,ARACATUBA,BULL24975201,5d,I,132.94,62.9291632214321,27.35,25.97,19.81762655448983,6171.373,30.76,33.76000000000001,24.0,164.964502944543,19.79035413754787,12.68
6523,ARACATUBA,BULL24975201,1/½,B,42.03,108.6152181152181,26.67,24.86,26.1734524975025,2913.355,29.59,32.72,31.0,158.861322195895,26.1890386766457,12.73
6524,RIB. PRETO,BULL24975201,3d,A,17.28,96.0378787878788,27.8867,24.97,25.3508456893939,455.72,31.08,33.19,23.4,169.223953852148,25.2127675763779,
6525,RIB. PRETO,BULL24975201,1,B,40.2,120.087943262411,26.8823,24.83,28.0859719801418,3060.08,29.83,32.15,20.8,159.967934248238,27.9935496816797,
6526,MATO G. DO SUL,BULL24975201,4d,C,75.15,96.4201583531275,26.2,24.77,23.9876624861441,5343.133,28.99,31.51,24.5331335,153.76901036092,23.9681623042351,12.55
6527,S. J. RIO PRETO,BULL24975201,3d,B,23.39,91.3409130816506,27.2,25.7,24.0598187884109,915.693,30.49,34.16,27.0,164.260034035676,24.0804501262337,12.78
6532,S. J. RIO PRETO,BULL24975952,>5d,A,13.42,65.77464788732391,27.78,24.85,20.48563943661972,88.36,30.91,33.6,23.96,168.858774369654,20.43502535976536,12.53
6533,GOIAS,BULL24975952,4d,C,16.16,83.4399038461538,27.54,24.87,23.1017610576923,309.19,30.63,33.73,25.9,167.019900719984,23.074606801676,12.7
6534,GOIAS,BULL24975952,fr,C,80.18,127.683778234086,27.97,25.42,30.4746993839836,7899.32,31.33,34.28,,170.844350333073,30.3757145976687,12.66
6535,ARACATUBA,BULL24975952,3d,C,65.24000000000001,86.8576258452292,28.1315,24.84,24.0756579132231,3997.42,31.33,33.33,25.7,171.439163629413,23.9352372560469,
6536,S. J. RIO PRETO,SCS19007,1,I,55.5,66.08563218390799,26.15,25.23,19.65311695402299,2364.725,29.07,31.96,21.0,153.653782614409,19.66143438394217,12.7
6537,MINAS GERAIS,BULL24987935,3d,I,28.72,72.0353468899522,26.7471,25.47,20.85347264120813,1015.791,29.868649,33.131163,23.0,159.631011837111,20.86307900735556,12.7406
6538,GOIAS,BULL24987935,2d,B,83.84,117.067232739421,26.85,23.95,27.602484061804,7560.03,29.52,32.64,23.3,160.686557867649,27.6220851807036,12.73
6539,S. J. RIO PRETO,BULL24975033,2d,C,32.95,93.6696897374702,28.49,25.4,25.4673318377088,1722.98,31.95,34.21,28.48,175.059631311203,25.3170294978922,12.46
6540,ARACATUBA,BULL24975033,1/½,E,15.79,120.654353562005,26.9667,24.89,28.2619711345646,423.8,29.95,31.99,28.9,160.433563950442,28.1279529379399,
6541,S. J. RIO PRETO,BULL24975033,1/½,B,95.58,90.1597272074659,26.18,24.64,23.0830493180187,6544.59,28.93,32.52,29.7,154.79114936993,23.1605172823942,12.81
6542,S. J. RIO PRETO,BULL24975033,2d,I,126.63,88.488179359679,27.5,24.66,23.8556678007502,8779.84,30.52,32.98999999999999,24.61,165.997830464198,23.779013677547,12.51
6544,PIRACICABA,VIC456654,4d,E,21.27,62.3022653721683,25.292,28.24,18.68617711326861,478.302,28.92,31.78,24.41,145.104931989377,18.69547961127407,12.71
6545,SÃO CARLOS,VIC456654,4d,B,62.48,73.7866085578447,26.208,26.914,20.77864134389857,3130.988,29.661,32.134,22.853,153.500370664866,20.74282801306002,12.637
6546,SÃO CARLOS,VIC456654,5d,A,149.24,72.22641358204609,26.797,26.647,20.91170241773535,8277.473,30.304,32.907,23.197,159.238108222163,20.86762320082607,12.637
6549,PIRACICABA,VIC456654,>5d,C,18.2,70.9937096774194,25.561,26.86,20.00013696935484,377.761,28.84,31.87,24.54,148.022939333844,20.02449779253001,12.73
6550,PIRACICABA,VIC456654,>5d,B,24.42,71.0459742351047,25.561,26.86,20.00722456602254,745.351,28.84,31.87,24.54,148.022939333844,20.03160697128935,12.73
6560,S. J. RIO PRETO,VIC456654,5d,I,52.1,46.9234413965087,26.3,27.53,16.99405211970075,1412.43,29.97,31.95995,24.323829,153.75784786799,16.95067189251294,12.44
6561,S. J. RIO PRETO,VIC456654,3d,B,20.01,108.314481897628,26.51,25.55,25.9752313233458,783.479,29.6,32.52,28.0,157.026674147958,25.9681689818967,12.7
6565,PARANÁ,VIC456654,3d,A,60.8,84.3683401639344,24.2758,22.72,20.88379270184426,3543.575,26.18,28.45,24.500445,135.656271271595,20.94879910278655,12.68434
6566,PARANÁ,VIC456654,2d,A,75.6,101.2017295597484,24.0779,24.03,22.7736956944969,5685.23,26.27,28.68,25.0,133.801558454015,22.864909677171,12.706635
6568,SÃO CARLOS,VIC456654,1/½,E,27.22,144.574244415243,26.135,25.55,30.7393694480946,2029.78,29.15,31.32,27.54,152.639290022446,30.645147609822,12.6
6573,ARACATUBA,VIC456654,2d,C,57.57,99.622339258284,26.517,26.02,24.7201349901251,4004.95,29.76,32.2,26.2,156.498807167343,24.6613235040343,
6576,S. J. RIO PRETO,VIC456654,1/½,I,15.51,139.150997150997,26.53,23.92,30.4750398860399,458.3,29.14,32.05,26.19,157.447021193111,30.4937337773463,12.6
6577,S. J. RIO PRETO,VIC456654,4d,I,41.58,77.0409398242055,25.923119,25.510436,21.05572745044253,1935.911,28.949455,32.653772,24.017423,152.336864109231,21.12764153364621,12.81553906
6579,S. J. RIO PRETO,VIC456654,fr,I,42.98,123.3319883796,26.720684,24.990057,28.3888302002776,3461.065,29.690912,32.88017,,159.380707926992,28.4081872623051,12.73057014
6580,ASSIS,BULL24036152,3d,I,12.67,99.065671641791,24.81,24.75,23.1531125373134,70.334,27.33,30.57,22.9,141.571441319973,23.2812245641184,12.68
6581,PARANÁ,BULL24036152,2d,E,26.8,74.5720945945946,25.208726,26.44,20.26497652746081,938.067,28.280155,30.800156,22.195154,144.200743375205,20.27207741994904,12.670672
6582,S. J. RIO PRETO,BULL24036152,2d,I,14.84,121.461267605634,27.7,24.85,29.1854190140845,322.87,30.82,33.03876,23.816032,167.588696056011,29.0309358953986,12.48
6583,ASSIS,BULL24036152,1,I,67.8,124.133691756272,27.46,24.37,29.3358687455197,6269.06,30.37,33.38,28.8,166.246698207243,29.2962517111938,12.58
6584,PARANÁ,BULL24036152,3d,D,198.11,72.1456665412928,26.848507,25.580635,20.93073350658052,11205.71,30.024878,32.185194,25.551226,159.372211359951,20.86379988190852,12.5781468
6585,PARANÁ,BULL24036152,3d,E,115.21,67.9658172657688,27.05533,25.914962,20.42583847655847,5788.232,30.385345,32.514269,26.842308,161.255183267731,20.35318831273065,12.5669205
6586,ARACATUBA,BULL24036152,2d,I,101.33,87.3768274935632,27.237127,24.416188,23.4852629337651,6745.412,30.123316,32.600496,24.381207,163.553893648089,23.4236516974898,12.62762415
6587,RIB. PRETO,VIC450470,5d,I,22.57,68.0160832544939,26.5124,25.07,20.12927806622517,604.09,29.46,31.83,23.1,156.500055489205,20.09432713856231,
6588,PARANÁ,BULL24036088,5d,D,45.37,46.0035061432424,25.856529,25.768266,16.71170568975517,1146.697,28.878632,30.979088,24.201826,149.897478983252,16.68899777374464,12.5907351
6589,S. J. RIO PRETO,BULL24036088,5d,I,13.26,80.5912698412698,27.39084,25.615876,22.5567725952381,98.425,30.696716,34.264963,23.660584,165.968568163428,22.5608996059716,12.7635766
6590,GOIAS,BULL24036088,3d,C,54.7,122.86393442623,26.7,25.79,28.2969983606557,4745.89,29.91,33.35,25.5,159.319299553145,28.3323971653779,12.77
6591,MINAS GERAIS,BULL24036066,2d,I,160.43,127.020548406656,27.63,24.72,29.9777117159604,17084.5,30.69,32.96,27.4,166.998989639859,29.8280687908542,12.59
6592,GOIAS,VIC457870,1/½,C,209.03,150.992640714612,27.45,25.22,33.4743629904076,27397.72,30.637756,33.746809,29.82,166.128357420677,33.4227074069055,12.70159554
6593,GOIAS,VIC457870,2d,C,66.1,145.729574861368,27.29,24.06,32.44725199630309,7246.77,30.08,33.09,22.7,164.689573986581,32.4191118149888,12.7
6596,ARACATUBA,VIC457870,3d,I,27.29,102.0174623937214,26.69,24.73,25.2235652256377,1388.367,29.57,32.36,26.0,158.698481043068,25.2054250005104,12.68
6601,S. J. RIO PRETO,VIC457870,2d,D,90.31,108.4465585493551,28.5,24.46,27.9136821606436,7564.73,31.64,34.04,27.65,175.414326406641,27.7607493995815,12.49
6602,S. J. RIO PRETO,VIC457870,5d,I,19.54796,71.5021701227881,26.72,25.81,20.75871944207442,461.12,29.94,32.194084,25.449145,158.235253933325,20.70131495748983,12.49
6603,S. J. RIO PRETO,VIC457870,5d,I,35.38,68.3781009409752,26.87,26.63,20.38342360992301,1330.12,30.39,32.36482,24.142483,159.243953521014,20.30133447455597,12.44
6604,S. J. RIO PRETO,VIC457870,3d,I,363.17,105.2308141356038,27.519977,25.168955,26.4694009107585,32751.865,30.70889,33.583248,24.651833,166.552158347277,26.4090235491314,12.66704464
6606,S. J. RIO PRETO,VIC457870,2d,B,65.97,112.773170279785,27.32,25.38,27.4384496868631,5450.728,30.53,33.87,25.0,165.114408115467,27.4298243213085,12.73
6607,S. J. RIO PRETO,VIC457870,5d,I,22.06,66.5333996023857,26.853346,26.028332,20.10003452850497,560.606,30.173347,33.248354,24.16663,160.351350553176,20.09010348126996,12.70833373
6608,S. J. RIO PRETO,VIC457870,5d,C,56.16,60.7789402173913,26.768541,26.060546,19.20393778537092,2166.078,30.085812,33.404531,24.054567,159.79634459059,19.20934905713338,12.74727166
6609,S. J. RIO PRETO,VIC457870,>5d,C,33.25,67.7308235294118,26.88,26.02,20.29274654117647,1196.28,30.2,32.91,24.18,160.221111871956,20.26048462906919,12.54
6610,S. J. RIO PRETO,VIC457870,>5d,C,15.0,69.98666666666671,26.79,24.61,20.576228,185.96,29.65,32.19,26.72,159.37728895899,20.54591772910199,12.54
6613,PARANÁ,VIC457870,fr,E,271.52,100.8649506781751,27.1331,24.86,25.4480218510789,23074.232,30.14,32.12,25.0,161.943165984258,25.3246920497205,12.548512
6620,MATO G. DO SUL,VIC457870,1/½,C,161.97,126.138227645529,27.06,24.54,29.1892170834167,17129.31,29.95,32.65,28.43,162.114052072106,29.1337518481989,12.55
6621,MATO G. DO SUL,VIC457231,>5d,I,34.23999999999999,59.0714928057554,26.81,25.24,18.97128808453237,1058.87,29.87,31.67,24.1,158.623972532894,18.9018092682334,12.53
6623,S. J. RIO PRETO,BULL24015935,3d,I,12.22056,95.2879941965905,26.37,24.93,23.9684847660501,30.37,29.25,31.516598,27.33914,155.051743507287,23.9144927830471,12.51
6625,PIRACICABA,VIC450618,4d,E,47.4,55.7158192090395,26.312,28.79,18.25660804519774,1559.54,30.4,33.18,25.51,154.553259631903,18.23183252572755,12.66
6628,ARACATUBA,VIC450618,2d,C,56.27,126.241246894059,27.1454,25.84,29.3022938070928,5069.46,30.47,32.91,22.6,162.460644439743,29.18881162928,
6629,S. J. RIO PRETO,VIC450618,4d,D,15.98,56.391959798995,26.08,25.3,18.25038793969849,188.68,29.01,31.59,27.47,152.632895604958,18.24296984811157,12.55
6630,S. J. RIO PRETO,VIC450618,3d,I,12.34747,95.1726479983884,26.38,24.93,23.9602267821682,40.9,29.26,31.519201,27.3391,155.137744641126,23.9051452503196,12.51
6632,ARACATUBA,VIC450618,3d,B,14.89,99.6951557093426,26.69,24.73,24.8824183737024,265.439,29.57,32.36,26.0,158.698481043068,24.8647461373959,12.68
6633,ARACATUBA,BULL24975242,2d,B,96.1,81.0457788347206,27.620068,24.508221,22.784997605113,5818.75,30.610886,33.290337,27.685265,167.382185222633,22.7284839957375,12.64
6635,MATO G. DO SUL,BULL24975242,fr,D,33.38,93.1478016838167,25.07,25.02,22.6060176800748,1746.94,27.71,30.29,26.42,143.174085730539,22.6444886949178,12.58
6636,S. J. RIO PRETO,BULL24975242,3d,I,53.77,64.1244912616711,26.58,24.72,19.59975082595164,2189.24,29.44,32.34,23.64,157.785392908086,19.59898943871683,12.59
6637,MATO G. DO SUL,BULL24975242,fr,I,65.49000000000001,105.1247522901477,27.08,25.06,26.0432126453543,4993.243,30.14,32.46,25.933778,161.808002016929,25.9508330789085,12.5
6638,RIB. PRETO,BULL24975242,2d,I,16.55,102.9978021978022,26.75,25.01,25.4221758241758,426.04,29.73,32.433388,23.27,159.127391908922,25.3882693068066,12.55
6639,ARACATUBA,BULL24975242,3d,C,40.32,75.4636652542373,27.567368,24.517424,21.87962231641525,1809.291,30.547312,33.182438,28.750696,166.835578027001,21.82643329335192,12.63501394
6640,S. J. RIO PRETO,BULL24975242,1,C,35.13,37.0004323389537,20.79,24.53,14.19753800259403,590.26,22.48,26.29,17.7,105.3027086828838,14.33260805546755,13.13
6641,S. J. RIO PRETO,BULL24975242,2d,C,41.96,83.6304739652871,26.12,25.37,22.1142229238985,2158.049,29.08,32.48,30.0,153.902459599687,22.1645404379656,12.78
6642,MATO GROSSO,BULL24975242,2d,E,26.29,68.6333100069979,27.88,25.56,20.99336962911127,821.29,31.27,33.48999999999999,25.2538805,169.212489373606,20.90346364766727,12.47
6643,MINAS GERAIS,BULL24975242,2d,C,13.61,75.1614906832298,27.29,24.57,21.65739192546584,113.69,30.24,33.75,21.2,165.132670065756,21.67208771365635,12.77
6644,S. J. RIO PRETO,BULL24975242,1,I,31.85,115.212090680101,26.26,25.19,26.7180441309824,2060.76,29.19,31.502613,23.404737,154.034746029009,26.6597030868711,12.51
6645,PIRACICABA,BULL24975242,2d,E,32.77,112.665382763601,25.7,30.77,25.7911574386134,2102.82,30.26,33.36,25.0,148.817417257584,25.7727776769621,12.71
6646,ASSIS,BULL24975242,3d,I,91.3,79.6503656998739,26.6,25.3,21.87695339218159,5376.674,29.64,32.88,24.31,158.251171498123,21.89394523588296,12.61
6647,ARACATUBA,BULL24975242,5d,E,31.78,57.974216380182,27.2897,25.7,19.02931976188069,921.37,30.6,33.48999999999999,25.0,164.320800414213,19.00282943744557,
6648,S. J. RIO PRETO,BULL24975242,3d,I,160.43423,90.3712085817402,27.25,24.57,23.9516093087154,11644.97,30.19,32.655424,25.159419,163.641655637601,23.8843398236548,12.52
6649,S. J. RIO PRETO,BULL24975242,2d,B,13.87,134.31550802139,25.48,24.81,28.4881304812834,240.73,28.15,31.51,27.0,147.95902048072,28.6298966601899,12.8
6650,RIB. PRETO,AIC456PS321018082,5d,A,35.63,79.3262801523487,26.839695,25.4528,21.99101462945408,1602.92,29.974134,32.77,22.72,160.011942413029,21.96509350079287,12.672715
6651,ARACATUBA,BULL24975162,3d,I,22.77,93.6198700092851,26.69,24.73,23.989958904364,891.046,29.57,32.36,26.0,158.698481043068,23.9735109532948,12.68
6654,RIB. PRETO,BULL24005014,1/½,B,47.72,127.766237402016,26.25,24.67,28.4966888297872,4147.17,29.02,31.97,29.28,154.746806794348,28.5252607237342,12.72
6655,MATO G. DO SUL,BULL24005014,4d,I,48.24,78.6760485651214,25.88,23.7,21.25463554083885,2428.34,28.31,30.26,25.1,150.183018634387,21.21349766134146,12.58
6656,MATO G. DO SUL,BULL24005014,3d,I,232.68,95.90805691499,25.91,23.43,23.6716107168751,18528.83,28.26,30.29,25.6,150.605676692496,23.6301330086547,12.59
6657,ARACATUBA,BULL24005014,2d,I,29.56,102.2949886104784,27.37,25.11,25.8783397494305,1597.58,30.51,33.5,26.9,165.266535142291,25.8392000450407,12.69
6658,RIB. PRETO,BULL24005014,2d,B,32.79,102.1394901394901,25.913703,24.14,24.5417409437229,1886.0,28.470413,31.44,21.9,151.692159396176,24.5917800244557,12.7349548
6660,GOIAS,BULL24985695,5d,B,19.59,72.9607378129117,27.1,25.52,21.20507140974967,474.692,30.31,33.55,25.5,162.920386882869,21.20021813538979,12.73
6661,GOIAS,BULL24975375,3d,D,17.93,114.477234401349,26.42,24.91,26.7772172006745,619.69,29.3,32.11,24.4,156.152165490926,26.7723152524757,12.69
6662,RIB. PRETO,BULL24975375,4d,I,22.8,98.912037037037,27.24,24.49,25.2453944444444,950.65,30.15,32.72,25.73,163.675177438204,25.1823986391083,12.53
6665,GOIAS,IFCG06125,4d,I,32.76023,98.1156162528065,24.02,26.75,22.3510970735873,1799.78,26.9,29.328535,24.3164425,132.87864422443,22.4095389391905,12.56
6666,RIB. PRETO,BULL24035060,1/½,I,35.5,98.6587234042553,28.45,24.91,26.25536,2048.48,31.74,33.98999999999999,25.35,174.725635560104,26.1015958427847,12.47
6667,MINAS GERAIS,AIC456PS321015503,fr,I,12.21,122.095238095238,28.32,24.16,29.9675428571429,35.12,31.32,34.44,,174.503073431975,29.8908145607012,12.69
6668,RIB. PRETO,AIC456PS321015503,1/½,A,71.91,122.477082290102,27.71,25.08,29.355949627775,6630.682,30.9,33.64,29.8,168.219250448476,29.2586469870943,12.65
6669,MINAS GERAIS,AIC456PS321015503,2d,I,163.18,102.8506416192618,27.01,24.26,25.6366813070512,13746.8,29.81,32.47,26.8,161.635921507583,25.5945194782534,12.66
6670,GOIAS,AIC456PS321015503,4d,C,13.51,71.16556291390731,28.53,26.78,21.78006754966888,101.34,32.5,36.57,29.9,176.959903503477,21.75994554900705,12.78
6672,MATO G. DO SUL,SCS19001BT,2d,D,22.89,76.0413223140496,26.35,24.47,21.18992975206612,709.41,29.09,31.96,25.09,155.625460607299,21.19796441525588,12.59
6673,GOIAS,SCS19001BT,2d,C,58.18,114.849285404937,25.27,25.64,25.6481001732352,4761.58,28.13,31.21,25.1,145.540866758816,25.7345827185001,12.76
6674,ASSIS,SCS120BT,2d,C,112.47,127.356325271225,26.13,24.96,28.2998487608241,11601.85,28.97,30.96,24.9,152.445539071345,28.2012812880067,12.57
6675,ASSIS,SCS120BT,2d,B,117.96,110.1735560588901,26.5,24.41,26.2351656285391,10414.47,29.24,31.37,23.8,156.183299918863,26.1549872773402,12.59
6676,GOIAS,SCS120BT,fr,B,23.36,110.3345070422535,26.6,23.74,26.356838028169,1129.08,29.16,32.22,26.9,158.303869993155,26.3867189341508,12.73
6677,GOIAS,SCS120BT,3d,C,53.93,89.042213212497,26.35,24.21,23.0555575959933,3242.38,29.01,32.1,23.3,155.913308622263,23.0873998069923,12.74
6678,PIRACICABA,SCS120BT,3d,A,47.9,53.4423398328691,27.29,24.38,18.33653376044568,1499.78,30.17,33.05,23.9,164.503614458776,18.32010661614142,12.68
6679,RIB. PRETO,BULL24015177,1/½,I,12.46,69.1304347826087,26.83,26.18,20.47244347826087,38.28,30.19,33.12459,23.59729,159.963964097916,20.45324560107225,12.56
6680,PIRACICABA,BULL24015177,fr,B,18.32,99.5474683544304,25.828,24.46,24.1060639240506,565.3,28.46,31.14,27.32,150.499397529387,24.1252716223117,12.69
6684,RIB. PRETO,BULL24015309,5d,I,13.01,109.1386138613861,28.1732,23.64,27.7104222970297,110.11,30.98,33.44,24.0,172.487425049598,27.589526011501,
6685,S. J. RIO PRETO,SCS19004,1/½,I,23.72,128.009385665529,29.01,24.73,31.7331965017065,1371.63,32.34,34.48,28.88,179.945900978478,31.483300797557,12.45
6686,MATO G. DO SUL,SCS19004,2d,E,28.88,56.7618483412322,26.67,24.53,18.56656315165877,767.58,29.49,31.89,23.8,158.092986322027,18.53939209746429,12.52
6687,MATO G. DO SUL,SCS19004,2d,C,35.3,56.7587982832618,26.67,24.53,18.56611570815451,1054.88,29.49,31.89,23.8,158.092986322027,18.53894650538693,12.52
6688,MATO G. DO SUL,SCS19004,fr,D,62.95,91.3369970559372,25.74,24.14,22.9009033954858,4054.22,28.27,30.77,25.09,149.500394054822,22.9088683583176,12.56
6689,MATO G. DO SUL,SCS19004,fr,C,286.76,84.8053574028243,24.74,23.3,21.27540253311981,20016.0,26.87,29.96,24.23,140.989624715074,21.39113572863714,12.69
6693,S. J. RIO PRETO,SCS16,>5d,I,12.7,49.6,26.74,25.06,17.54224,38.32,29.73,32.28,23.6,158.855417221394,17.52176368752442,12.53
6694,GOIAS,PS321832847,3d,I,263.75104,89.4663334062096,26.68,27.39,23.3720577440316,19514.23,30.41,33.21586,25.98357,158.243032315693,23.3289114997025,12.53
6697,MATO G. DO SUL,PS321832847,4d,A,24.06919,71.1315572958914,25.5142,26.9024,19.99115691608136,725.67,28.7942,30.8,24.1,146.411427842446,19.94795704668819,12.57695013
6698,GOIAS,PS321832847,1,I,142.37,132.912019636419,25.94,25.32,28.8551355373169,15775.3,28.85,31.38857,28.420845,151.262747513739,28.8385400620029,12.55
6699,ARACATUBA,SCS14,1,D,33.93,71.0274965800274,26.0678,25.92,20.30387016388509,1306.473,29.18,31.64,21.8,152.295245919963,20.28127714873472,
6700,PARANÁ,SCS14,1,C,25.11,37.0453852021358,27.7232,26.99,15.93793600610221,340.345,31.57,33.78,20.0,167.549317437409,15.89579257314919,12.559145
6701,PARANÁ,SCS14,4d,D,23.38,59.1283831282953,26.6069,27.05,18.88399579516696,548.321,30.2,32.37,24.0,156.920615337201,18.82987428279993,12.576295
6702,PARANÁ,SCS14,4d,C,86.96,81.4449172892209,26.308915,26.05537,21.93681418673493,5217.591,29.519876,31.775274,25.152714,154.318877081263,21.88332264760311,12.60261655
6703,PIRACICABA,SCS14,5d,B,37.73999999999999,78.1130536130536,25.11,24.27,20.66742132867133,1713.75,27.55,31.75,25.1,145.522968940236,20.82761120411989,12.93
6704,PIRACICABA,SCS14,2d,C,116.96,82.8129763719512,27.52,24.93,22.9901739329268,7444.53,30.63,33.51000000000001,21.7,166.592360333084,22.9471451595509,12.67
6712,SÃO CARLOS,SCS14,5d,C,68.72,69.393212270804,27.693,26.959,21.00671680165726,3267.343,31.52,33.558,24.06,167.085787551789,20.90087152514461,12.537
6713,S. J. RIO PRETO,SCS14,3d,D,100.86,80.3918523520144,26.76,24.65,22.0946374071573,6089.3,29.63,32.71,26.4,159.687089199749,22.100593598848,12.6
6714,ARACATUBA,SCS14,5d,B,21.35,91.2363636363636,28.34,25.18,24.9472218181818,752.86,31.7,34.29,24.0,174.007225486676,24.8368634303806,12.61
6716,MATO G. DO SUL,SCS14,5d,D,211.05,68.9162019593067,27.88,25.28,21.03829287113791,11341.17,31.17,33.43,24.38,169.289548547804,20.95232371123501,12.47
6717,MATO G. DO SUL,SCS14,5d,A,34.82,90.9890446976337,26.69,24.5,23.6034906660824,1814.53,29.5,31.88,25.21,158.263219658961,23.5531919952615,12.52
6718,MATO G. DO SUL,SCS14,5d,E,26.34,54.8019525801953,28.29,25.35,18.97243807531381,625.78,31.7,34.23,23.21,173.449939674678,18.91037266203097,12.5
6730,PARANÁ,SCS14,>5d,C,33.19,81.7903728173667,26.3213,24.67,21.99488866229354,1490.858,29.11,30.96,25.0,154.116198317835,21.9183424639885,12.545768
6731,PIRACICABA,SCS14,5d,D,111.07,68.8606036136065,25.914722,26.909819,19.9119949203553,5645.18,29.292324,32.404633,26.278313,151.426014058453,19.92784731880282,12.7349964
6732,PIRACICABA,SCS14,4d,A,230.21,57.2405939232849,27.47,25.9,18.99871987993218,9883.95,30.88,33.16,24.7,165.352373505176,18.93775245691958,12.58
6733,ARACATUBA,SCS14,fr,B,31.69,172.656678517014,28.4308,24.14,38.3971775337735,3175.33,31.45,33.4,27.0,174.301721535945,38.0748554995582,
6734,RIB. PRETO,SCS14,5d,C,34.84,54.6484238178634,26.8413515,25.2608,18.32960248801883,986.09,29.915615,32.75,21.05,160.096701698709,18.31609090007423,12.6795272
6735,RIB. PRETO,SCS14,>5d,I,50.48,57.131237006237,27.783059,25.712,19.12308976412422,1748.65,31.204184,33.75,22.17,168.621931370831,19.06854150507154,12.6124781
6736,GOIAS,SCS14,2d,E,21.815727,87.0321397487929,27.22,25.44,23.4198916697663,748.495,30.43,32.73999999999999,24.368131,163.073925827836,23.335399915113,12.49
6737,GOIAS,SCS14,2d,I,157.8,83.2876543209877,27.3,26.03,22.9070111111111,10405.74,30.72,33.73,22.0,164.494182054646,22.8709525362734,12.69
6738,ARACATUBA,SCS14,fr,B,212.14,142.159808134306,27.288321,24.3730135,31.8992492805568,26062.184,30.172064,33.08569,26.170299,164.524074371354,31.852504256038,12.6863106
6739,MATO G. DO SUL,SCS14,4d,D,104.98,52.6925145192515,28.11,26.22,18.55556408905141,3795.59,31.78,34.3,23.7,171.626348282413,18.49559749513717,12.49
6740,RIB. PRETO,SCS14,>5d,B,46.58,81.8062463851938,27.18,24.93,22.5965882012724,2425.9,30.23,32.84,25.03,163.091383820743,22.5471223656706,12.64
6741,RIB. PRETO,SCS14,>5d,A,294.04,82.336895475819,27.14,25.37,22.649005975039,19849.818,30.31,33.02,24.79,162.764214735756,22.6042868133628,12.65
6742,RIB. PRETO,SCS14,>5d,A,38.33,80.9302316748956,26.42,24.91,21.93973940751994,1826.933,29.3,32.21,22.9,156.263516406524,21.94411760813679,12.7
6743,RIB. PRETO,SCS14,3d,C,29.12,73.98393691588791,27.19,24.96,21.41536001752336,1073.165,30.24,32.88,24.9,163.216418710715,21.37298895801145,12.64
6744,S. J. RIO PRETO,SCS14,5d,I,198.21,87.2139627302508,27.054041,25.175338,23.3227407871367,14017.592,30.14342,33.423317,22.98446,162.582662979967,23.3259188011971,12.738446
6745,GOIAS,SCS14,3d,I,103.89,91.4391119817173,27.31,24.96,24.1621280444009,7311.66,30.38,33.016598,24.192724,164.346501572812,24.1022707984655,12.53
6746,MINAS GERAIS,SCS14,1,A,38.219894,155.359999853546,26.39,25.83,32.6295039789253,3770.884,29.55,32.28,20.0,155.647125797521,32.593251933295,12.68
6747,PIRACICABA,SCS14,4d,D,66.5,69.7725871559633,28.485271,25.592141,21.52396755637174,3160.606,32.015476,34.222942,26.383968,174.937161117764,21.41330134162128,12.5484875
6748,ARACATUBA,SCS14,>5d,B,53.9,77.4835322195704,25.35,25.01,20.74205155131265,2755.76,28.04,30.8,22.3,146.021955919466,20.77623106858218,12.72
6749,PARANÁ,SCS14,2d,D,63.93,61.6258039668785,27.508885,25.730457,19.69640886754862,2589.068,30.877636,33.43174399999999,27.728214,166.034493499117,19.64408557852459,12.61971426
6750,PARANÁ,SCS14,>5d,A,39.73,54.3880274071403,25.007165,28.13655,17.51348066509196,1187.42,28.530703,30.762205,22.57508,141.737305932902,17.4993084796124,12.61917984
6751,ASSIS,SCS14,5d,D,22.48,80.6393129770992,26.12,25.0,21.69187099236641,731.34,28.96,31.54,21.1,153.05343208643,21.68181067147445,12.66
6752,PARANÁ,SCS14,3d,B,43.96,66.08003754693371,23.1996,25.64,18.05674788510638,1740.398,25.61,28.12,25.0,125.48013078014,18.13700973342089,12.745051
6753,MATO G. DO SUL,SCS14,1/½,A,111.65808,85.9069024809629,26.8329,25.832,22.9625369380987,7377.42,30.0863,31.97,23.6,158.875788014848,22.8551345416279,12.5345382
6754,GOIAS,SCS14,2d,D,21.31,102.4543501611171,26.88,25.48,25.4596073039742,854.13,30.03,34.04,26.2,161.623547364828,25.5341007456867,12.84
6755,MINAS GERAIS,SCS14,2d,C,31.283157,95.4800027817022,27.44,24.36,24.8893124294948,1621.758,30.35,32.36,24.0,164.944054826898,24.7677701223942,12.56
6756,ARACATUBA,SCS14,3d,C,25.22,57.7276853252648,26.05,26.01,18.4247397881997,616.52,29.19,31.64,24.3,152.103112336709,18.40659103402325,12.64
6758,ARACATUBA,SCS14,1/½,I,157.19,127.695626420552,28.64136,24.129083,31.2533256968992,16809.848,31.696705,34.12463,29.77147,176.824199886122,31.0694390550912,12.58736694
6759,GOIAS,SCS14,>5d,E,210.73,40.2360287827706,28.14,25.91,16.55729504553917,5623.346,31.71,33.98999999999999,25.541926,171.700241233586,16.50930060808695,12.47
6760,GOIAS,SCS14,>5d,C,24.27,56.1168704156479,28.14,25.91,19.12046288508558,553.314,31.71,33.98999999999999,25.541924,171.700241233586,19.04547484784983,12.47
6762,ARACATUBA,SCS14,1/½,C,42.15,125.088225538972,27.4,25.21,29.4155867330017,3421.61,30.57,32.64,,164.537207066931,29.2501620758699,12.56
6764,S. J. RIO PRETO,SCS14,>5d,I,153.71,99.906322771858,27.302954,25.917434,25.452264136869,12469.205,30.68269,34.052628,24.0,164.900240744659,25.4408979147948,12.73513234
6765,RIB. PRETO,SCS14,5d,B,50.11,78.6856992915245,25.82,24.54,21.21596364208869,2553.392,28.47,31.68,24.9,151.022846716431,21.2708357507836,12.77
6767,MATO G. DO SUL,SCS14,2d,C,50.93,100.5093758027228,26.77,24.9,25.0728348060622,3457.67,29.72,31.95,28.578953,158.792812991456,24.9925402501996,12.5
6768,RIB. PRETO,SCS14,4d,I,34.82,82.239263803681,26.343229,25.4176,22.0745784552761,1614.86,29.362059,32.2,23.91,155.385814713557,22.0713140653712,12.692888
6769,RIB. PRETO,SCS14,4d,A,18.6,98.4242424242424,28.09175,24.4496,25.907173030303,582.4,31.151505,33.57,24.75,171.568220014588,25.7905625297456,12.5955822
6770,PARANÁ,SCS14,2d,D,49.35,94.2904149933066,26.196383,25.25818,23.6822624847392,3085.547,29.137268,31.469868,24.766228,153.44828445946,23.6398380282602,12.62228435
6771,ARACATUBA,SCS14,5d,I,87.76,49.4363252375924,28.74,25.43,18.26684084477297,2848.176,32.27,35.32,25.231451,178.217890205863,18.22258699805313,12.66
6772,ARACATUBA,SCS14,5d,D,111.64,63.9418807707748,27.285919,25.472968,19.93979382169721,5187.489,30.5183,33.32615699999999,25.345992,164.231626532533,19.90719699489392,12.6634599
6773,ARACATUBA,SCS14,5d,D,24.6,87.4303174603175,25.621961,23.920178,22.2750884266206,962.422,28.06016,31.18934,27.918004,149.178363846704,22.3474075336438,12.77
6774,MINAS GERAIS,SCS14,3d,E,46.768913,94.1600031039222,27.24,26.13,24.5211844730377,2868.614,30.68,33.23,23.0,163.435977162133,24.4419803536863,12.63
6775,ARACATUBA,SCS14,2d,D,52.31,88.6807988092285,28.858807,24.371194,24.9274678773061,3103.003,32.038805,34.58,27.498935,178.97351781023,24.8036627256754,12.6
6776,S. J. RIO PRETO,SCS14,4d,B,43.42,104.9833227243794,27.930422,25.58177,26.8126356996155,2933.536,31.33337,34.208849,26.019663,170.373083110747,26.7260554977416,12.6494101
6777,S. J. RIO PRETO,SCS14,4d,I,253.69,87.6370515950184,27.332944,25.2312765,23.5973867643153,18292.719,30.506712,33.888176,25.032264,165.299590038757,23.5951290012567,12.741773
6778,ARACATUBA,SCS14,3d,D,33.09,77.8463252726411,26.948934,24.766991,21.84332370643243,1400.699,29.892336,32.444386,27.948749,160.869004698275,21.80247690637697,12.64153755
6779,MINAS GERAIS,SCS14,5d,B,31.089838,106.3132676139001,28.03,25.88,27.1184167985082,1812.425,31.56,33.7,25.0,170.512732367484,26.949853747985,12.56
6780,RIB. PRETO,SCS14,3d,D,37.88,95.1325347758887,28.5011,25.12,25.7177826959042,2163.47,31.87,33.79,23.3,174.8318415989,25.5366237343426,
6781,PARANÁ,SCS14,4d,D,188.32,42.3210469600726,27.6516285,26.044036,16.74573762750111,5358.207,31.156225,33.317509,26.007549,166.92746689,16.69756299897678,12.55871016
6782,PIRACICABA,SCS14,3d,C,105.44,84.5043129280822,26.65,25.63,22.621881843964,6786.803,29.8,32.66,25.0,158.267752930835,22.6050429297847,12.69
6783,GOIAS,SCS14,5d,C,170.96,71.91916205334681,27.38,25.68,21.21556712380473,9536.75,30.71,34.23999999999999,24.2,165.817952082374,21.21664279753767,12.76
6784,GOIAS,SCS14,fr,C,157.07,93.3200523885021,26.29,24.37,23.620635486317,11809.1,28.98,32.8,,156.109738570922,23.7190114902807,12.84
6785,MINAS GERAIS,SCS14,4d,B,13.1800436,80.8999965763977,27.78,24.77,22.8724194597556,93.305,30.88,33.37,24.0,168.655316166717,22.7935507475613,12.61
6786,S. J. RIO PRETO,SCS14,2d,E,200.5,77.863925729443,27.31,25.34,22.0837670291777,12427.35,30.51,33.83,27.7,165.005477946422,22.077541435661,12.73
6787,ARACATUBA,SCS14,2d,I,83.81,82.927308174349,27.36,25.06,22.89443453558,5105.29,30.48,33.07,27.8,164.753536302995,22.8343971440841,12.63
6789,MATO G. DO SUL,SCS14,4d,A,164.15501,63.3346553623177,24.9625,26.0008,18.65425470134043,7822.825,27.8529,31.92,22.47,143.667790598519,18.75912065269281,12.91130996
6790,RIB. PRETO,SCS14,2d,B,46.79,98.4564530037367,28.049984,25.2912,25.8762468740673,3019.82,31.384947,33.91,23.73,171.180229025156,25.7621579898374,12.6062958
6791,ARACATUBA,SCS14,2d,C,138.36,113.372396327952,27.6264,24.24,27.8408561397911,12821.416,30.53,32.86,24.5,167.091604667394,27.7220076154811,
6792,RIB. PRETO,SCS14,1/½,C,37.14,110.3798727128083,28.1784,24.91,27.916289326969,2485.27,31.41,33.72,30.5,172.215228895671,27.7619538254095,
6794,GOIAS,SCS14,4d,D,33.87,89.6662094192958,27.37,25.14,23.9372963877458,1710.56,30.510187,33.515272,25.25,165.279481987208,23.9046363476996,12.692542
6795,PIRACICABA,SCS14,>5d,D,27.34,86.3037809647979,26.16,24.62,22.5214153846154,1151.82,28.9,32.36,23.1,154.468956975562,22.5859821733954,12.8
6796,PIRACICABA,SCS14,>5d,C,27.53,48.3908564069543,27.86,24.71,17.77158982614295,577.15,30.96,33.48,23.3,169.451737572367,17.72980357302145,12.62
6797,PIRACICABA,SCS14,>5d,B,70.03,32.9114251249354,25.61,26.03,14.84604495950371,1225.49,28.65,31.93,22.8,148.88513874844,14.8624633296544,12.78
6800,MINAS GERAIS,SCS14,2d,I,94.72,73.2023694390716,28.11,23.94,21.85970171663443,5074.66,31.0,34.14,26.2,172.574917658216,21.82756543316661,12.7
6801,PARANÁ,SCS14,1/½,C,99.36,85.2530906593407,26.522522,25.961998,22.6381962066827,6411.39,29.7483,31.858013,29.961895,156.183089757168,22.5618569455257,12.57550055
6806,GOIAS,SCS14,3d,C,272.83,111.9260936241997,27.12,24.32,27.108825355979,26075.723,29.961487,32.88801,24.52,162.958620454417,27.0847052409081,12.69111156
6807,GOIAS,SCS14,3d,B,56.7,87.8725727069351,25.8,24.78,22.470415033557,3403.504,28.52,31.62,24.7,150.671582059156,22.521369692169,12.75
6808,MINAS GERAIS,SCS14,5d,A,43.89,102.8485418626529,28.25,24.93,26.7628880526811,2909.16,31.5,33.07,25.2,172.070693069038,26.5421890602664,12.47
6809,GOIAS,SCS14,2d,E,34.533789,86.2994886479145,29.33,24.69,24.8761013826836,1686.249,32.71,34.96,28.438852,183.104434305335,24.712971974277,12.46
6810,S. J. RIO PRETO,SCS14,2d,I,59.12,108.2599533106961,26.089632,24.739082,25.5626731848489,4547.769,28.856339,32.285482,23.81098,153.755035359378,25.6453330852498,12.7918902
6811,MATO G. DO SUL,SCS14,2d,B,52.82,103.3571778539931,28.39,24.56,26.9734414502695,3741.2,31.54,34.02,23.87892,174.445253031428,26.8405398727291,12.5
6813,MINAS GERAIS,SCS14,4d,I,54.31,103.8151737177972,27.05,24.36,25.8181836445285,3896.7,29.88,32.84,23.8,162.331653602206,25.8027268907702,12.7
6814,MATO G. DO SUL,SCS14,2d,B,41.58,119.644016227181,26.78,24.76,27.9097855983773,3196.11,29.68,31.76,25.325534,158.729327337888,27.7945340929629,12.48
6815,MINAS GERAIS,SCS14,2d,I,54.95,148.407217694994,26.01,25.32,31.1106511990687,5870.69,28.93,32.35,27.1,152.901240644083,31.2199462060321,12.79
6816,MINAS GERAIS,SCS14,3d,I,602.27,99.6167008318227,27.65,24.88,25.7120136801803,51729.51,30.77,33.66,24.8,167.836754091129,25.6539022618048,12.67
6817,MINAS GERAIS,SCS14,4d,I,12.5,146.4,26.5129,26.29,31.5053376,79.2,29.841396,32.638697,22.0,156.813467518677,31.4629300345102,12.6759
6818,S. J. RIO PRETO,PS321841431,>5d,I,88.28,46.3791295228107,27.81,25.88,17.43534037755637,2634.44,31.3,33.844482,23.406088,168.853196574278,17.39247636109398,12.5
6819,MINAS GERAIS,PS321801842,BIS,A,22.151362,124.32000198594,25.97,27.14,27.6911042774359,1152.201,29.43,32.14,35.0,151.484318317077,27.6668789103816,12.68
6820,MINAS GERAIS,PS321801842,>5d,E,161.39262,79.009762597376,27.745,25.745,22.5506871209568,10022.764,31.17,33.63500000000001,24.75,168.172428428436,22.4650773532452,12.605
6821,MINAS GERAIS,PS321801842,>5d,B,65.768078,84.7244704562436,27.68,25.81,23.403196967539,3922.255,31.11,33.38,26.0,167.341334913407,23.2971163215435,12.585
6822,RIB. PRETO,PS321801842,>5d,B,67.03,75.2236234781029,25.92,25.07,20.80072838815192,3491.196,28.75,31.78,24.8,151.672593752284,20.83060747760443,12.74
6824,S. J. RIO PRETO,SCS115,>5d,E,156.84,66.99399337199671,26.06,25.51,19.73215546810273,7977.33,29.05,32.14,23.0,152.984162691735,19.75328210862579,12.74
6828,MATO GROSSO,BULL24855536,5d,B,43.771696,108.1475585061622,26.58,24.49,26.0183140301985,3066.771,29.36,32.04,23.479944,157.573875358547,25.9965726980047,12.56
6829,MATO G. DO SUL,BULL24855536,>5d,B,115.41,77.2111014408665,26.73,24.69,21.60559524223963,6755.48,29.6,31.98,25.39,158.616954762167,21.56105310994658,12.52
6830,MATO GROSSO,BULL24855536,2d,B,50.95,116.871758664955,27.24,24.85,27.9824560205392,4096.755,30.26,32.62,27.928454,163.393615662373,27.8769147251593,12.51
6831,MATO GROSSO,BULL24855536,4d,E,117.25,66.13914489311159,27.25,25.01,20.25621959619953,5710.145,30.33,32.83,22.794396,163.622431677827,20.20870879765178,12.52
6832,GOIAS,BULL24845210,>5d,B,95.82,97.5957408732999,27.88,24.91,25.59260365068,7186.635,31.05,32.98999999999999,23.655102,168.976796364026,25.436545184696,12.44
6835,MINAS GERAIS,PS321813250,BIS,D,14.1357713,100.870002139274,27.89,26.25,26.1214433399306,201.806,31.52,33.98,40.0,169.477316018482,25.9950094114496,12.6
6836,S. J. RIO PRETO,PS321813250,>5d,I,39.36,58.1739766081871,27.95,26.0,19.36474926900585,1275.32,31.51,33.82423,24.531133,169.923951778852,19.2919768553092,12.47
6837,PARANÁ,BULL24867515,4d,C,86.26,31.1473875572314,27.537881,25.501876,14.97509829325141,1433.885,30.835625,33.043125,25.250006,165.963114061152,14.9479914144471,12.57082844
6838,ARACATUBA,BULL24867515,2d,D,25.67,93.2991953182151,26.9095,23.65,24.1213035259693,1123.36,29.5,31.74,25.2,160.281369924738,24.0551560555638,
6839,PARANÁ,BULL24867515,>5d,B,328.83,39.0790992014645,26.853116,27.447433,16.0220900161486,8591.471,30.677282,32.585232,26.007361,158.915842290218,15.97834866764353,12.55191195
6840,PARANÁ,BULL24867515,>5d,A,17.16,34.437984496124,28.0351,26.77,15.59795325193798,127.78,31.88,33.6,22.0,170.016704876812,15.54557637415451,12.484028
6841,PARANÁ,BULL24867515,fr,E,113.86,75.6372079324563,25.22288,24.705871,20.41467164025918,6494.086,27.807397,30.36499,25.086175,144.628538554203,20.44010988575164,12.68881255
6842,PARANÁ,BULL24867515,>5d,A,24.7,35.8411811023622,25.196249,26.414047,15.14614162280866,314.783,28.259022,30.581789,24.960701,143.85258959332,15.14352146730977,12.6401122
6846,SÃO CARLOS,BULL24867515,2d,E,105.84,77.729326513214,27.974,25.75,22.4996026172208,6180.04,31.45,34.1,27.7,170.531646929255,22.4201783836905,12.62
6847,SÃO CARLOS,BULL24867515,>5d,A,53.53,43.6768841801108,26.419,27.262,16.56748992993017,1327.541,30.031,32.465,22.553,155.406121185863,16.54265909152352,12.619
6849,MATO G. DO SUL,BULL24867515,4d,E,931.3009,63.2774381054125,27.43,25.29,19.91210869966515,47151.395,30.64,32.91,24.442014,165.035144873648,19.84725016921132,12.48
6850,MATO G. DO SUL,BULL24867515,4d,C,31.02,33.9194532071504,27.56,25.67,15.4106669190326,428.908,30.92,33.72,22.979561,166.783178557925,15.39276263965445,12.53
6851,PARANÁ,BULL24867515,>5d,C,750.58,56.8920834574454,26.29493,25.773773,18.4172919057834,33168.395,29.415041,31.548933,25.648939,154.08049895024,18.37828961654964,12.5866503
6852,GOIAS,BULL24867515,4d,D,22.99,43.6303002729754,28.24,25.93,17.13676076433121,359.617,31.84,34.18,24.983926,172.708587407112,17.08326087613267,12.47
6853,GOIAS,BULL24867515,5d,D,442.56448,51.5924833372228,29.05,26.28,18.75051840899649,17059.117,32.95,35.07,26.738602,180.136243553821,18.6569314212879,12.43
6854,PARANÁ,BULL24867515,2d,C,96.62,67.37233514535569,25.964573,25.572225,19.73251016317785,4697.607,28.949713,31.476048,25.971203,151.445860182555,19.72144290466082,12.65581
6855,PARANÁ,BULL24867515,2d,C,134.11,65.4786667758578,26.572094,25.84518,19.79296159252477,6542.28,29.770655,32.11454000000001,29.004745,156.934159191064,19.75088560381805,12.6108166
6856,GOIAS,BULL24867515,3d,D,152.14644,96.1403463405849,27.01,26.04,24.6294659857218,11803.97,30.37,32.58,23.698294,160.901734250575,24.5286434905571,12.47
6857,MATO G. DO SUL,BULL24867515,5d,A,13.26927,58.1997841278845,26.7951,25.9592,18.83530426150465,70.64,30.0808,31.85,26.81,158.369222518074,18.76222648330131,12.516709
6858,PARANÁ,BULL24867515,4d,B,16.4,35.3584090909091,27.517342,25.92,15.62460422439545,114.777,30.950315,33.150633,25.585968,165.711224939259,15.59044967399597,12.5678464
6859,MATO G. DO SUL,BULL24867515,3d,I,390.36,39.8700021143884,26.61,26.18,16.07180730891215,10556.894,29.92,32.18,22.3,157.156211068095,16.04550390938442,12.6
6860,PARANÁ,BULL24867515,5d,E,246.85,46.0040877155631,26.608562,24.4885845,16.96750823646242,7997.86,29.399744,31.988562,25.580048,157.737956894201,16.95568626971738,12.65606683
6861,MATO GROSSO,BULL24867515,>5d,D,81.98,76.4474421263218,29.15,26.46,23.0527363246642,4522.032,33.14,35.18,24.489941,180.987964855202,22.8908420850505,12.42
6862,MATO G. DO SUL,BULL24867515,>5d,E,82.69,43.6724147687084,27.63,26.73,16.95039842834913,2250.923,31.37,33.12,24.39864,166.199319103299,16.8838647916921,12.4
6863,PARANÁ,BULL24867515,5d,E,504.87,26.2461176375109,26.325739,26.7142,14.04086163038278,7033.484,29.745132,31.957043,22.832331,154.34707387944,14.02789315984195,12.59285855
6864,ASSIS,BULL24867515,1,D,39.67,71.0847488254427,24.14,25.13,19.17288850740875,1646.875,26.62,29.51,24.035783,134.831608526134,19.25747473759174,12.65
6865,RIB. PRETO,BULL24867515,2d,D,25.92,81.7219827586207,29.507,25.84,24.2062275215517,982.53,33.35,35.47,28.7,184.528182795071,24.0290069862141,
6866,ASSIS,BULL24867515,2d,E,156.9061,44.4456458354755,27.11,26.17,16.90253708574035,4713.572,30.54,33.01000000000001,24.864648,162.115334610789,16.87058898125555,12.5
6867,MATO G. DO SUL,BULL24867515,3d,D,51.01523,64.097424518579,26.88,24.92,19.75209676836456,2044.593,29.86,32.36,22.658241,160.138675478601,19.71764346402869,12.53
6868,MATO G. DO SUL,BULL24867515,2d,A,15.78,76.9259259259259,26.8751,25.6776,21.65779640740741,257.42,30.0885,32.07,27.5,159.40681401076,21.57052388743937,12.5496405
6869,MINAS GERAIS,BULL24867515,>5d,D,711.16144,71.277333715658,27.892917,26.71375,21.42089744724254,41456.426,31.684584,34.00916700000001,23.875,169.3093992922,21.32488175845341,12.58125
6870,SÃO CARLOS,BULL24867515,1/½,I,37.02704,122.014608199771,25.1,24.06,26.41191367417,2765.34,27.49,30.332373,27.712419,143.923592103577,26.5135222975814,12.63
6872,MATO G. DO SUL,BULL24867515,5d,A,12.86,57.7209302325581,27.5,25.57,19.08674418604651,51.32,30.81,33.38,26.62,165.988783336253,19.04051041951333,12.51
6873,MATO G. DO SUL,BULL24867515,>5d,B,13.01,93.6633663366337,26.74,24.53,24.0371801980198,94.48,29.57,31.95,24.46,158.731242551678,23.9825672135271,12.52
6874,PARANÁ,BULL24867515,>5d,C,135.84,32.8766795865633,27.4379,26.0,15.22292091789406,2597.368,30.88,33.07,27.0,164.9377117892,15.19283160572529,12.567377
6875,PARANÁ,BULL24867515,3d,C,42.77,58.511114722132,25.9604,26.32,18.49313765966851,1443.147,29.17,31.62,28.0,151.217208888499,18.47514757390797,12.639407
6876,MATO G. DO SUL,BULL24867515,>5d,C,90.66,60.3229087210781,26.3,25.37,18.91017594711416,3813.08,29.29,31.97,22.79,154.810590941837,18.90102315048559,12.55
6877,PARANÁ,BULL24867515,4d,D,121.17,43.5256847119172,26.5815735,26.540368,16.59694088764647,3453.659,30.009918,32.337124,28.223372,156.916141265532,16.56858057920481,12.60381866
6881,SÃO CARLOS,BULL24867515,5d,I,78.89,56.5579309313799,23.87,25.6,17.28902640155479,2992.48,26.42,29.416779,22.980003,132.363809223913,17.36316229803691,12.66
6882,RIB. PRETO,BULL24867515,5d,C,33.2,50.875,28.3806,25.48,18.36795825,836.15,31.85,34.32,23.7,174.230669262433,18.3067172675771,
6883,SÃO CARLOS,BULL24867515,5d,D,14.83,31.7600706713781,26.457,27.87,14.85671341696113,67.92099999999999,30.28,32.9,17.77,155.882426739514,14.84312692074218,12.64
6884,SÃO CARLOS,BULL24867515,5d,C,43.15,43.4993900481541,26.963,27.279,16.7132537329053,993.206,30.717,33.055,21.867,160.446352689,16.67596956457667,12.593
6885,SÃO CARLOS,BULL24867515,5d,B,54.5,38.12969411764711,24.575,25.563,15.28580903529412,1122.512,27.283,30.764,21.661,139.505908180031,15.331690378937,12.856
6886,S. J. RIO PRETO,BULL24867515,5d,I,82.86715,75.3368210800067,26.99,25.75,21.49418947989301,4500.5,30.25,32.404253,24.094795,160.684756401203,21.41721981350736,12.47
6887,S. J. RIO PRETO,BULL24867515,5d,I,12.74,62.5945945945946,26.48,25.6,19.3260972972973,49.44,29.58,32.92,22.03,157.18163498604,19.3454059646991,12.62
6890,GOIAS,BULL24867515,>5d,C,54.68249,96.1262306861666,27.96,24.94,25.4265464175122,3602.717,31.16,33.68,24.026503,170.367769030958,25.3228834707519,12.51
6891,MATO GROSSO,BULL24867515,2d,D,40.734991,76.9180645297575,25.29,25.3,20.62761077600477,1877.42,28.05,30.92,19.4973464,145.543333045635,20.66937471217544,12.61
6892,ASSIS,BULL24867515,1,I,112.65,101.4427223050174,27.66,25.49,26.0067303129657,9014.41,30.98,34.48,28.35,168.455407455811,25.9937975621884,12.62
6893,S. J. RIO PRETO,BULL24867515,>5d,D,28.23,63.9950708564387,25.91,26.21,19.23251435613062,855.88,29.08,31.97,26.19,151.248431899336,19.24023208325396,12.58
6894,GOIAS,BULL24867515,3d,E,42.70681,64.3649639933292,29.44,24.7,21.13244972043661,1619.961,32.85,35.06,26.587853,184.106478778472,21.01234956425334,12.45
6895,MATO GROSSO,BULL24867515,3d,D,164.08,69.01430168332459,29.1,26.17,21.7494455878485,8682.735,32.97,35.02,24.119845,180.552769448017,21.60991844686908,12.42
6896,PIRACICABA,BULL24867515,5d,I,22.7,38.0551401869159,25.7975,27.1913,15.59495796728972,290.79,29.2361,32.28,22.42,150.208677573916,15.60104646923665,12.72582245
6898,S. J. RIO PRETO,BULL24867515,2d,I,20.52,138.569483568075,27.87,25.34,32.0865770422535,1090.372,31.19,34.11,,169.879465674767,31.9827224364589,12.66
6900,S. J. RIO PRETO,SCS12,>5d,I,78.36,83.5922242314647,27.23,25.41,22.9034957504521,4762.86,30.43,32.546354,25.561968,162.955430613667,22.807235037451,12.47
6902,RIB. PRETO,SCS12,>5d,C,114.64,74.9496297739673,26.559727,24.148,21.16529424260035,6473.15,29.237541,31.92,23.74,157.433936696227,21.15501247159807,12.6728892
6904,RIB. PRETO,SCS12,2d,I,31.58,116.257405515832,27.278901,25.2,27.9293857739326,2053.36,30.424137,32.88,24.32,163.82254110048,27.8286242339569,12.61442965
6905,RIB. PRETO,SCS12,5d,B,40.6,83.8433566433566,27.009371,24.3224,22.7832359374545,2066.72,29.82382,32.66,22.69,161.818160183663,22.7634395137264,12.6818662
6906,GOIAS,SCS12,4d,C,208.8,101.5361280487805,27.38,25.24,25.7706564939024,17632.71,30.56,33.95,24.8,165.750751924251,25.766247011886,12.74
6907,MATO G. DO SUL,SCS12,>5d,I,208.33,69.097947333571,25.07,23.52,19.46270171649773,11222.04,27.31,29.68,23.8,143.125932496848,19.48702158777044,12.67
6908,RIB. PRETO,SCS12,3d,A,63.35,93.6841285296982,27.604564,24.1592,24.746452114259,4206.48,30.478138,33.21,23.37,167.341040190557,24.6888974928625,12.65278643
6909,RIB. PRETO,SCS12,4d,D,106.65,111.4355414685684,27.464,24.633,27.3767121326994,9423.574,30.4718,33.64,23.93,166.408505538601,27.3536933555832,
6910,PIRACICABA,SCS12,4d,E,186.55,59.7038498997422,26.655,26.477,18.99099920280722,8338.707,30.075,32.796,25.464,158.046001078785,18.96695651391994,12.659
6911,PIRACICABA,SCS12,3d,D,96.22,77.626953217763,27.17,26.724,21.95560880313465,5539.102,30.792,33.386,25.384,162.742921029049,21.89279862628234,12.627
6912,PIRACICABA,SCS117,>5d,E,36.14,25.0849212924606,26.76,25.57,13.93133438276719,327.87,29.92,33.28,23.0,159.835964045319,13.93442195372805,12.75
6913,GOIAS,SCS117,>5d,C,76.6,61.5283436532508,26.94,26.48,19.39953454179567,3211.531,30.43,34.12,29.056917,161.706142385596,19.41469726707627,12.64
6914,MATO G. DO SUL,SCS117,>5d,I,22.93,59.0686184812443,26.81,25.24,18.97086239707228,526.46,29.87,31.67,24.1,158.623972532894,18.90138782335523,12.53
6916,RIB. PRETO,SCS114,>5d,B,83.44,74.7490901455767,26.79,25.09,21.2805904325308,4494.795,29.8,32.63,23.2,159.63273084546,21.26381953625946,12.68
6917,RIB. PRETO,SCS114,5d,I,33.89,63.0945637277296,26.86,25.38,19.59265216994061,1130.46,29.98,32.64,23.21,160.065230827168,19.56532837235972,12.54
6918,RIB. PRETO,SCS114,>5d,B,27.86,61.808764186633,27.1676,24.876,19.55479411677175,801.967,30.1839,33.47,25.82,163.704633158054,19.55622029898919,
6919,ARACATUBA,SCS125,5d,C,31.96,70.13777555110221,26.07,26.46,20.17998502004008,1172.43,29.35,31.54,24.5,151.935348151606,20.13552986250341,12.6
6921,MINAS GERAIS,BULL2493509,5d,C,82.82,62.2829709121717,27.81,24.32,19.94973770121435,3573.04,30.78,34.04,23.5,169.810775285944,19.93519462333036,12.72
6922,RIB. PRETO,PS321801816,>5d,C,42.9,63.231715210356,28.4681,25.69,20.43689009255663,1595.06,32.03,34.29,23.1,174.817720413733,20.34143108343574,
6923,RIB. PRETO,PS321801816,5d,C,60.94,63.8863914997957,27.9892,25.05,20.29621890968533,2551.32,31.23,33.61,23.8,170.480839222664,20.22299886912331,
6924,RIB. PRETO,PS321801816,5d,B,66.13,60.766857565121,27.1244,25.58,19.37569460557916,2651.75,30.36,32.64,23.5,162.118495957456,19.32080731024746,
6925,PIRACICABA,PS321801816,>5d,C,25.12,57.0008384146341,27.859118,25.682386,19.13673606516616,602.411,31.28912,33.656107,25.0,169.15689669067,19.0721921137222,12.5853978
6926,MATO GROSSO,PS321801816,3d,B,78.320816,128.332992645929,27.69,25.34,30.2526465461462,7727.299,30.97,33.09,26.484498,167.326768824445,30.06962785537,12.46
6927,RIB. PRETO,PS321801816,>5d,C,28.3,68.4466257668712,27.01568,26.0056,20.47584469595092,932.08,30.3654,33.37,23.41,161.811332715164,20.4563442334091,12.69325453
6928,RIB. PRETO,PS321801816,>5d,I,22.01,71.6483516483517,27.192055,26.2776,21.06181038901099,609.08,30.670792,33.29,21.41,163.03641877715,21.00907341892712,12.6329768
6929,RIB. PRETO,PS321801816,5d,I,237.79,53.9038044200363,27.932,25.52,18.67611412020019,9473.46,31.32,33.94,23.4,170.133345489517,18.62638878167875,
6930,MATO G. DO SUL,PS321801816,3d,A,42.873499,112.501792815903,27.66,24.91,27.7385807549705,3114.842,30.79,32.55,25.267739,166.680479216579,27.5456654748892,12.42
6931,MATO G. DO SUL,PS321801816,5d,D,20.19,125.052747252747,27.55,24.63,29.5797021978022,937.902,30.56,32.51000000000001,24.9217415,165.887789463374,29.3974373674868,12.45
6932,RIB. PRETO,PS321801816,3d,B,43.13,113.151300995824,27.8422,25.16,28.0245914063604,3160.84,31.09,33.66,23.4,169.278211979189,27.9088957599919,
6933,MINAS GERAIS,PS321801816,5d,B,41.080036,89.3019331888035,28.03,25.88,24.3914998901652,2259.943,31.56,33.7,25.0,170.512732367484,24.2533406470459,12.56
6934,MINAS GERAIS,PS321801816,5d,B,158.35826,59.9179651356883,26.493333,27.006667,18.9449102539392,7025.19,30.03,32.363333,24.0,156.033129898714,18.90177449687062,12.61333334
6935,MINAS GERAIS,PS321801816,>5d,I,272.04,77.3498307952623,27.73,25.44,22.2795283840948,17005.57,31.05,33.35,17.7,167.891427040245,22.187478379512,12.58
6936,PIRACICABA,PS321801816,4d,I,41.77,89.018374202217,27.3,26.83,23.7838112529392,2304.837,30.99,33.55,25.0,163.923054583931,23.700866667889,12.62
6937,PIRACICABA,PS321801816,4d,C,34.03,95.4746255106673,26.643529,26.28504,24.223630994296,1850.946,29.975582,32.7346,25.616074,158.008925773133,24.1880404001271,12.6649552
6938,PIRACICABA,PS321801816,5d,C,13.74,86.2724137931035,27.23,25.59,23.3116886206897,141.234,30.49,33.11,26.0,163.487563357676,23.2513469902103,12.64
6939,PIRACICABA,SCS19004M,>5d,I,20.53236,112.994332166013,26.5223,24.0588,26.6666999001449,873.72,29.1671,31.62,24.72,156.825537499854,26.6265584403816,12.6398186
6940,PIRACICABA,SCS19004M,>5d,I,14.14764,112.994580097223,26.9963,23.212,27.1454502151199,228.9,29.4699,31.87,24.72,161.349945358905,27.0835350190658,12.6253097
6941,PARANÁ,SCS19004M,1,E,47.09,70.10085494442859,26.1728,24.83,20.23451796956398,2050.759,28.98,31.3,24.0,153.267147686169,20.2077420561273,12.623286
6942,PARANÁ,SCS19004M,1/½,C,111.6,60.7913855421687,26.616669,23.459296,19.13167532521265,4871.622,29.099985,31.607506,26.996186,157.862961413351,19.11685598664129,12.64972806
6943,PARANÁ,SCS19004M,1/½,E,33.4,48.392523364486,17.9443,24.25,14.16328076635514,790.8,19.05,23.04,19.0,80.4446928225472,14.49087508271962,13.450602
6944,PARANÁ,SCS19004M,fr,D,65.57,102.188538361023,25.306482,24.041624,24.0009216230726,4843.4,27.724856,29.952944,26.191201,145.09248592361,24.0034167722854,12.6367738
6945,PARANÁ,SCS19004M,>5d,C,13.33,37.2097744360902,26.265115,26.187298,15.59620331454887,45.529,29.504286,31.600773,26.525098,153.705118437319,15.57235407224426,12.5779729
6956,GOIAS,BULL24855156,3d,D,32.27374500000001,99.3581077398379,27.15,26.0,25.2347533225854,1783.076,30.53,32.79,25.239296,162.287104749483,25.1287970886136,12.48
6957,PIRACICABA,BULL24855156,4d,E,17.48,12.0,,,,12.0,,,,,,
6958,MATO G. DO SUL,BULL24855156,4d,C,26.91,53.664185110664,28.36,25.07,18.81626068410463,633.213,31.68,33.77,24.901962,173.682056887986,18.73635114725395,12.45
6959,MATO G. DO SUL,BULL24855156,>5d,B,14.31,89.0489177489178,27.26,25.94,23.7576648484848,189.983,30.64,33.31,24.992814,163.777338494778,23.6942796698338,12.52
6960,MATO G. DO SUL,BULL24855156,5d,B,36.29,99.1718814326884,28.24,25.9,26.1567135446686,2129.405,31.82,33.76000000000001,25.416013,172.290635981848,25.9728363145798,12.42
6961,MATO G. DO SUL,BULL24855156,3d,B,81.47518,66.8285589184512,28.07,25.69,20.8109494181951,3821.224,31.55,33.6,,170.816087191844,20.70765719379589,12.44
6962,S. J. RIO PRETO,BULL24855156,4d,I,27.31,87.5790333115611,27.53,25.45,23.7374238732854,1169.115,30.81,34.1,26.0,167.03039812784,23.7170476244086,12.72
6963,GOIAS,BULL24855156,1/½,E,154.34666,88.5646345337502,29.24,25.38,25.1997429936185,10910.72,32.85,35.4,31.318378,182.472098424528,25.0521339140755,12.49
6964,GOIAS,BULL24855156,3d,C,17.64,62.1246453900709,27.48,26.21,19.75929510638298,294.703,31.0,34.21,28.622156,166.365247825498,19.73750330780351,12.57
6965,RIB. PRETO,BULL24855156,5d,I,35.19157,68.7249220298583,28.22,24.53,21.20078235324301,1327.54,31.33,33.761415,27.850836,172.786727399273,21.12061457515981,12.5
6966,SÃO CARLOS,BULL24855156,3d,I,28.68,84.8818944844125,26.87,24.83,22.8375377098321,1227.67,29.81,32.84,26.36,160.642075203466,22.8333160409231,12.59
6967,MATO G. DO SUL,BULL24855156,4d,E,23.53,61.8741543798786,27.98,26.15,19.9698898699046,587.049,31.59,33.54,26.984173,169.804525904651,19.8703672868121,12.43
6969,RIB. PRETO,BULL24855156,4d,D,386.32,68.2475368668519,27.38,25.38,20.65087117012182,21066.578,30.61,33.4,24.28,165.11252436008,20.61220235872034,12.66
6971,RIB. PRETO,BULL24855156,4d,D,48.29,95.1391567925048,27.3076,25.45,24.7266095651695,3029.12,30.54,32.85,25.2,163.901639654791,24.6289742362983,
6972,RIB. PRETO,BULL24855156,4d,C,26.31,91.2131376659679,28.2397,25.77,24.8639759175402,1145.54,31.78,34.15,23.2,172.75641473392,24.7340200110054,
6973,RIB. PRETO,BULL24855156,>5d,E,78.4,41.7222891566265,29.829,27.91,17.29918693373494,1985.56,34.56,37.11,24.9,187.766391371721,17.22417950836709,
6974,RIB. PRETO,BULL24855156,>5d,D,34.86,55.6128608923885,26.2946,25.44,18.23428401312336,1008.99,29.31,31.6,23.0,154.302293570416,18.20621013415439,
6975,PIRACICABA,BULL24855156,>5d,A,136.64,40.848283055199,27.07,26.38,16.34743625641849,3607.65,30.55,33.25,26.5,161.955102352939,16.32594723824892,12.65
6977,RIB. PRETO,BULL24855156,>5d,C,38.9,93.6446468401487,27.9277,25.496,25.0041144147584,2208.241,31.3055,34.35,24.3,170.52895787738,24.9430407798355,
6978,RIB. PRETO,BULL24855156,5d,B,93.16,64.042520946279,26.71,25.05,19.65545483119763,4235.771,29.7,32.84,24.82,159.217936122834,19.66159252434052,12.73
6979,ARACATUBA,BULL24855156,3d,B,18.42,80.0297507788162,27.7,24.43,22.6806708722741,448.751,30.68,33.6,26.0,168.404966299215,22.6401908779048,12.67
6980,S. J. RIO PRETO,BULL24855453,>5d,D,60.98,44.6763985300123,27.94,27.38,17.20861792568395,1612.49,31.98,34.72,23.64,170.087890213623,17.16574290338917,12.5
6981,S. J. RIO PRETO,BULL24855453,>5d,B,22.3,70.6980582524272,27.53,26.14,21.11580844660194,616.59,31.04,33.61,25.04,166.197941464598,21.05111975049333,12.5
6982,RIB. PRETO,BULL24855453,>5d,I,43.52,81.072652284264,26.87,25.46,22.2711033946701,2189.17,30.01,32.430449,24.0,159.885074182473,22.2148143070386,12.51
6983,GOIAS,BULL24855453,1,I,21.62,138.201663201663,25.99,25.64,29.6556126819127,1226.06,29.0,31.175877,30.092426,151.265305507829,29.5755131813758,12.49
6984,RIB. PRETO,BULL24855453,2d,B,20.6,101.093023255814,27.7647,25.26,26.0452478372093,778.2,31.03,33.98,23.4,168.928116287943,25.9812003139328,
6985,S. J. RIO PRETO,BULL24855453,3d,D,42.9,83.2024919093851,26.9,26.63,22.6091712944984,2212.157,30.43,34.26000000000001,28.0,161.438393823963,22.6403860272022,12.8
6986,ARACATUBA,BULL24855453,3d,I,23.2,63.1924107142857,26.76,24.83,19.55599982142857,585.355,29.68,32.58,27.64668,159.465242414786,19.54910125577943,12.69
6987,S. J. RIO PRETO,BULL24855453,1/½,I,12.21,114.0,26.36,26.15,26.6472,33.42,29.61,32.05,20.69,154.999032369869,26.5859013017266,12.51
6988,RIB. PRETO,BULL24855453,>5d,D,32.77,51.3298025999037,26.8757,25.68,17.85058344535388,828.88,30.09,32.38,23.0,159.764326973311,17.81154181116795,
6989,ARACATUBA,BULL24855453,>5d,C,117.74,74.4813693966333,26.258,25.52,20.90859364857197,6618.78,29.29,31.77,23.2,154.166005205838,20.88272668690968,
6990,RIB. PRETO,BULL24855453,2d,B,56.34,92.556901217862,26.2,24.57,23.4390799729364,3583.893,28.94,31.89,24.8,154.290457239115,23.4624783080558,12.72
6991,SÃO CARLOS,PS321803280,2d,E,12.16,99.61875,27.264,25.58,25.374126,26.019,30.53,32.94,23.51,163.582656037258,25.2814828436645,12.61
6992,SÃO CARLOS,PS321803280,2d,A,124.98,87.859258275801,26.907,25.965,23.3083396311737,8582.579,30.215,32.665,23.44,160.202310291238,23.2425173334534,12.621
6993,SÃO CARLOS,PS321803280,4d,A,99.84,41.1610086520947,26.029,27.07,16.09099790380237,2573.503,29.47,32.047,23.192,151.907420718587,16.07984150606696,12.652
6994,SÃO CARLOS,PS321803280,4d,D,17.46,68.36355311355311,26.559,26.136,20.2059696978022,319.745,29.842,32.356,22.767,156.96311613962,20.17063629604161,12.638
6995,SÃO CARLOS,PS321803280,4d,B,39.4,50.1415693430657,24.092,25.04,16.6120785649635,1057.079,26.54,30.3,21.8,135.433458172282,16.70794580413248,12.92
6996,SÃO CARLOS,PS321803280,5d,C,16.43,66.1370203160271,26.528,26.89,19.86502631151242,251.827,30.05,32.47,22.9,156.468143864449,19.82107483940841,12.62
6999,RIB. PRETO,PS321803280,4d,I,21.45,81.4687830687831,27.24,24.49,22.5870425396825,668.48,30.15,32.72,25.73,163.675177438204,22.5366899983738,12.53
7000,MATO G. DO SUL,PS321803280,4d,A,28.09127,62.399999502836,26.7949,25.96,19.45662952644509,823.0,30.0808,31.85,26.81,158.367241514604,19.37690889956753,12.516709
7003,MATO G. DO SUL,PS321803280,>5d,C,54.68,69.1286082474227,27.51,26.11,20.86064713917526,2450.249,31.0,33.19,22.392594,165.608822141898,20.7754582234925,12.46
7006,SÃO CARLOS,PS321803280,1/½,I,19.06,59.7917847025496,26.98,24.16,19.15920934844193,349.41,29.74,32.86,27.437569,161.875840557842,19.16283390405402,12.61
7008,ASSIS,PS321803280,5d,C,40.61,77.6798322264942,26.01,25.58,21.20174449493184,1891.1,29.01,31.18,24.7,151.454162214561,21.15932597753865,12.6
7009,RIB. PRETO,PS321803280,3d,B,162.67,84.1929116612464,27.31,25.56,23.0527347753368,10889.306,30.58,33.34,27.4,164.395701116874,23.0018893882842,12.65
7010,MINAS GERAIS,PS321803280,>5d,I,161.82,69.3797223334668,27.94,24.75,21.14632773995461,8608.63,31.07,33.27,,169.854713080964,21.05765960561481,12.57
7011,PIRACICABA,PS321803280,3d,A,33.06,43.8884140550807,26.98,26.1,16.77688442545109,683.57,30.35,32.5,23.0,160.54394964903,16.73683097178535,12.57
7012,RIB. PRETO,PS321803280,2d,B,17.64,87.5283687943262,27.476435,25.2992,23.6890989030142,437.98,30.694849,33.04,21.54,165.557048165172,23.5979133647872,12.5933133
7013,RIB. PRETO,SCS19005HP,5d,I,20.72,59.3623853211009,27.338159,26.3368,19.26451796674312,425.0,30.870144,33.19,21.64,164.093118303781,19.20349287379148,12.58651227
7014,RIB. PRETO,SCS19005HP,4d,A,39.09,72.0797342192691,27.522817,25.2776,21.32606719694352,1639.56,30.743767,33.43,21.14,166.366443802507,21.27429491602836,12.64094764
7015,RIB. PRETO,SCS19005HP,4d,B,210.66,79.0503976643512,26.89,25.28,21.98380421222189,13332.232,29.98,32.91,24.1,160.655209164545,21.96739088936005,12.69
7016,RIB. PRETO,SCS19005HP,>5d,B,49.1,60.8971967654987,27.52,25.79,19.58884493800539,1826.086,30.91,33.87,22.96,166.553196979782,19.55721808345728,12.67
7018,RIB. PRETO,DIVERSAS,3d,I,34.98999999999999,123.042192257503,24.99,25.76,26.4243807742497,2564.86,27.82,30.91,27.53,142.911096372793,26.5366551320682,12.63
7020,SÃO CARLOS,DIVERSAS,5d,C,38.39,57.445168624479,27.038,27.03,18.83404445774915,1211.298,30.73,32.91,23.06,161.017039419799,18.77210448435339,12.57
7022,RIB. PRETO,DIVERSAS,3d,B,19.9,74.346835443038,27.693097,24.2016,21.78414936250633,504.54,30.596664,33.07,24.16,167.887748148798,21.71910778141887,12.613636
7023,MATO G. DO SUL,DIVERSAS,2d,A,31.78,66.57128412537921,27.05,24.68,20.21297826086957,1091.42,29.99,32.32,25.14,161.582918231935,20.16293193113831,12.51
7024,S. J. RIO PRETO,DIVERSAS,3d,I,96.01,88.9427449113201,26.6,24.28,23.2336407570527,6475.96,29.33,32.03,25.45,157.81351945559,23.2192924320932,12.57
7025,SÃO CARLOS,DIVERSAS,2d,I,68.47999999999999,102.6616501416431,26.86,24.57,25.4723212110482,5132.57,29.72,32.89,25.64,160.73761368114,25.4847974944624,12.61
7026,S. J. RIO PRETO,DIVERSAS,>5d,C,12.64,32.421875,25.69,27.07,14.7957546875,25.07,29.06,32.61,28.8,149.742613965616,14.81296244457907,12.8
7027,RIB. PRETO,DIVERSAS,3d,D,145.37,93.9760740796281,27.72,25.17,24.8866388453175,10945.149,30.95,33.68,24.81,168.289737984034,24.8120191388649,12.64
7028,RIB. PRETO,DIVERSAS,3d,C,60.4,66.40607438016531,26.6,24.88,19.94328685950413,2645.254,29.51,32.5,24.8,158.048852159758,19.94594471374155,12.71
7029,RIB. PRETO,DIVERSAS,5d,I,48.42,82.0642504118616,27.81,24.32,23.0771579901153,2563.74,30.77,33.386345,,169.134812522849,23.0095328530218,12.53
7030,RIB. PRETO,DIVERSAS,1/½,C,44.85,102.8974429223744,26.41,24.56,25.0983215251142,2997.981,29.18,32.15,27.8,156.289810353173,25.1155748008577,12.72
7031,PARANÁ,DIVERSAS,>5d,A,12.03,56.1,25.073,26.36,17.765193,13.323,28.09,30.42,25.0,142.708073089329,17.76422602323941,12.644895
7032,MATO G. DO SUL,DIVERSAS,5d,C,17.73,37.3106457242583,27.31,26.66,15.87505986038394,157.03,30.95,33.36,24.91,163.881875118441,15.84422833305889,12.48
7033,MINAS GERAIS,DIVERSAS,>5d,A,14.4914134,83.3899989459798,28.48,26.02,23.7650718262975,189.862,32.16,34.42,24.0,174.892841240327,23.6289197644546,12.56
7034,MATO G. DO SUL,DIVERSAS,5d,A,32.58,72.9096209912537,27.0545,26.2512,21.16963889212828,1265.52,30.4931,32.32,26.81,160.867601083118,21.06746915984987,12.5193776
7035,S. J. RIO PRETO,DIVERSAS,>5d,C,12.76,116.236842105263,26.0,26.03,26.5931578947368,91.22,29.13,31.66,23.41,151.720958690597,26.5640715098278,12.53
7036,MATO G. DO SUL,DIVERSAS,1/½,B,14.33,103.7811158798283,26.78,24.8,25.5652489270386,225.85,29.7,31.96,29.32,158.934987078493,25.4858570758522,12.5
7037,RIB. PRETO,DIVERSAS,5d,B,23.66,66.6140651801029,28.541382,25.7432,21.03392114716981,648.8,32.137953,34.56,23.8,175.673492510608,20.93887478822945,12.5792457
7038,ASSIS,DIVERSAS,2d,A,36.85,60.7400402414487,25.75,24.97,18.7017555331992,1223.19,28.51,30.61,22.7,148.99081289347,18.67693773313651,12.6
7039,ASSIS,DIVERSAS,2d,A,14.91,98.7800687285223,26.31,24.75,24.4182278350515,264.53,29.12,31.35,23.7,154.465101044635,24.3631312600693,12.61
7040,RIB. PRETO,DIVERSAS,1/½,I,65.85,113.470009285051,26.99,24.73,27.2103543918292,5476.16,29.93,32.37615,28.78,161.14227881671,27.1334684163252,12.52
7041,S. J. RIO PRETO,DIVERSAS,5d,I,14.5,82.62,27.21,25.39,22.741302,188.55,30.4,32.500015,25.569301,162.749663120985,22.645941209604,12.46
7042,PIRACICABA,DIVERSAS,2d,D,35.42,140.960802732707,27.271895,24.8663845,31.6947583844962,3032.262,30.317139,32.951029,25.439473,163.994392357094,31.6013188492408,12.6444638
7043,PIRACICABA,DIVERSAS,5d,B,32.19,71.6765725606736,28.3,25.62,21.7272813273898,1216.87,31.8,34.48,25.0,173.664384719765,21.64757638520571,12.62
7044,GOIAS,DIVERSAS,3d,D,26.41,74.9632199861208,25.52,23.36,20.51262734212353,919.3,27.79,30.6,23.9,147.932157907855,20.55872636154037,12.73
7045,RIB. PRETO,DIVERSAS,4d,A,28.66,66.66764705882349,27.31,24.94,20.36961676470588,922.763,30.38,33.23999999999999,23.8,164.58871121761,20.34166581000508,12.67
7046,PIRACICABA,DIVERSAS,4d,I,13.1,56.4154545454545,28.3,26.0,19.23971909090909,60.857,31.93,35.17,24.0,174.162322581768,19.20251326761585,12.69
7047,SÃO CARLOS,DIVERSAS,4d,I,48.98,79.6833423472147,25.38,24.68,21.05603120605733,2514.93,27.99,31.079144,23.662868,146.739063945397,21.11959019255953,12.64
7048,PARANÁ,DIVERSAS,3d,C,91.61,73.1374450445924,25.990357,25.233275,20.55334682241728,4879.152,28.88071,31.042826,23.894203,151.302997098005,20.5166293296263,12.60065395
7049,PARANÁ,DIVERSAS,2d,B,37.7,72.2460311284047,24.478229,25.408488,19.51763772761362,1560.323,27.100964,29.540298,25.060907,137.386848414047,19.55405997264526,12.6875272
7050,MATO G. DO SUL,DIVERSAS,4d,D,15.4705594,29.3776020084831,28.37,26.33,14.84471344878869,72.31,32.14,34.17,,173.574889347834,14.80778412165136,12.43
7051,MATO G. DO SUL,DIVERSAS,5d,D,51.93,66.6318557475582,27.19,25.72,20.2985788880541,2193.45,30.48,33.08,23.18,163.071409886021,20.25331147247332,12.52
7052,GOIAS,DIVERSAS,5d,B,60.68,80.1072719802794,26.44,25.09,21.83469007395234,3327.462,29.38,32.52,22.7,156.67479771336,21.85340579655571,12.74
7055,PIRACICABA,BULL2492579,2d,C,18.25,110.92208,25.616,25.72,25.4692304128,630.263,28.57,31.45,24.48,148.549115041051,25.5077224820201,12.72
7057,MATO G. DO SUL,BULL2492579,3d,C,59.43,74.1882774615222,26.37,24.52,20.93645547122075,2961.59,29.13,31.52,23.31,155.251089050836,20.90853847255865,12.53
7061,ASSIS,BULL2492579,2d,I,79.76,74.1836334120425,26.33,25.49,20.91091466794569,4225.563,29.37,32.14,27.4,155.175219880111,20.90315538671339,12.56
7062,MATO G. DO SUL,BULL2492579,fr,C,111.11,91.3325597820603,25.74,24.14,22.9002937140551,7874.65,28.27,30.77,25.08,149.500394054822,22.908258231411,12.56
7063,MATO G. DO SUL,BULL2492579,2d,C,27.78,101.3929024081115,24.02,24.1,22.745026869455,1422.62,26.21,29.16,21.7,133.96491546981,22.9027977858063,12.68
7064,MATO G. DO SUL,BULL2492579,2d,B,38.07,101.409666283084,24.02,24.1,22.7470418872267,2342.91,26.21,29.16,25.22,133.96491546981,22.9048423904002,12.68
7065,MINAS GERAIS,BULL2492579,>5d,B,13.2733686,82.0299975984958,27.47,25.1,22.8336406284873,101.174,30.62,32.98,24.0,165.537562370854,22.7522351241098,12.61
7066,MATO G. DO SUL,BULL2492579,5d,B,179.71,72.5340766799833,25.18,24.41,19.9783913064218,10164.17,27.67,30.24,23.41,144.285923539204,20.00780623920456,12.58
7067,MATO G. DO SUL,BULL2492579,3d,E,12.45618436,112.102072767247,26.44,24.0,26.4547393075905,57.665,29.05,32.66,22.366801,157.359150392535,26.5507522499788,12.69
7068,MATO GROSSO,BULL2492579,4d,A,26.23,105.556148981026,27.24,26.4,26.2579571047084,1343.304,30.77,32.97,23.39895,163.026427267002,26.1294509294638,12.46
7069,MATO G. DO SUL,BULL2492579,3d,A,27.93,84.1418706842436,26.2871,24.6328,22.3069812065286,1161.22,29.0581,31.04,23.67,153.960832835728,22.2413200446626,12.56803215
7070,PARANÁ,BULL2492579,1,E,28.11,38.636747361887,26.3668,25.35,15.82684821998759,441.118,29.37,31.68,24.0,155.019062827534,15.80956264447088,12.613682
7071,MINAS GERAIS,BULL2492579,3d,A,282.498,133.180252719059,26.8,24.68,29.9346774024207,32791.016,29.69,32.08,24.2,159.289493917299,29.8485780957606,12.62
7072,MINAS GERAIS,BULL2492579,5d,C,36.801008,58.7386648155591,26.0,28.18,18.54341307417828,1171.166,29.8,32.56,22.0,151.674170623491,18.52818424416256,12.68
7073,MINAS GERAIS,BULL2492579,5d,B,50.794617,104.1392779828191,27.172,25.296,25.9793712555533,3586.508,30.326,32.954,23.6,162.987723494037,25.9118998270101,12.652
7074,MINAS GERAIS,BULL2492579,5d,A,103.92825,101.8358121687294,26.87,25.34,25.3585852694901,8270.449,29.98,32.16,25.0,159.626521309767,25.2621484395072,12.59
7075,PARANÁ,BULL2492579,fr,I,56.83,156.857015391479,24.3621,24.75,29.90736909971,6505.94,26.79,29.5,26.0,136.74282234145,30.069872935892,12.742307
7076,MATO G. DO SUL,BULL2492579,>5d,C,156.57822,74.75052355742099,26.42,24.7,21.04862549698011,9084.359,29.24,31.61,25.8661585,155.675952027787,21.01574121235453,12.52
7077,MATO G. DO SUL,BULL2492579,4d,D,27.72,110.5363231552163,26.61,24.7,26.3961568129771,1560.991,29.46,31.73,26.477446,157.353582804246,26.3226076069676,12.51
7078,MATO G. DO SUL,BULL2492579,4d,C,91.17366,108.8011457345789,26.89,25.26,26.4136905998788,7676.101,29.98,32.29,26.296393,159.973911280336,26.3240441507635,12.5
7080,PARANÁ,BULL2492579,3d,C,62.65,74.6035538005923,25.6063,25.14,20.51802734076999,3182.87,28.39,30.72,23.0,147.8960398549,20.50757504234364,12.638035
7081,S. J. RIO PRETO,BULL2492579,>5d,I,392.51633,61.1713719618814,27.26,26.2,19.5035513613831,18722.51,30.73,33.118427,23.412121,163.443430179733,19.44668123655087,12.49
7082,MINAS GERAIS,BULL2492579,2d,C,36.289928,119.340005289435,27.07,25.55,28.1761387971179,2619.281,30.28,32.9,24.0,161.982144787167,28.0990842147754,12.65
7083,MINAS GERAIS,BULL2492579,2d,C,62.578487,100.0661376841897,27.44,24.36,25.5974116584389,4466.252,30.35,32.36,24.0,164.944054826898,25.4691921903638,12.56
7086,PARANÁ,BULL2492579,3d,A,19.93,84.375157629256,24.2758,22.72,20.88462960025221,585.935,26.18,28.45,24.0,135.656271271595,20.94964212512774,12.68434
7089,ARACATUBA,BULL2492579,5d,B,73.68,74.9426070038911,25.35,25.01,20.40283803501946,3894.3,28.04,30.8,22.3,146.021955919466,20.43569130133174,12.72
7091,MINAS GERAIS,BULL2492579,3d,D,13.97,94.0152284263959,27.43,24.55,24.6549497461929,173.57,30.4,33.97,24.9,166.512490875636,24.6723772338967,12.77
7092,GOIAS,BULL2492579,4d,I,39.12725,99.992701066271,27.21,25.66,25.3836898321798,2399.0,30.49,32.963247,23.970503,163.130718002538,25.2984000911282,12.51
7094,ASSIS,BULL2492579,4d,A,17.3,121.209433962264,27.09,25.57,28.4797035849057,590.81,30.31,32.18,26.8,161.327700295461,28.3079936241539,12.53
7095,ARACATUBA,BULL2492579,4d,I,35.6,63.4530084745763,27.72,25.07,20.08841293220339,1226.291,30.91,33.81,27.0,168.482051007298,20.05147229659755,12.67
7101,PIRACICABA,SCS120,fr,I,24.97,67.9876638396299,26.93,24.67,20.35895821125675,738.16,29.84,32.45,26.0,160.768461776189,20.32919862786409,12.65
7102,MATO G. DO SUL,SCS120,>5d,A,21.76,108.5590163934426,25.88,23.91,25.4023914754098,954.416,28.37,30.66,25.55845,150.59078388312,25.3821897729502,12.54
7103,ARACATUBA,SCS120,3d,D,76.39,105.4457213853083,26.76262,24.245377,25.7950367543718,6028.97,29.511702,32.272062,25.314761,159.419136879328,25.7756875916883,12.6794428
7104,PARANÁ,SCS120,5d,C,41.95,46.9385642737897,27.0694,25.57,17.26503200467446,1058.41,30.29,31.71,25.0,160.596059961298,17.1917329917897,12.45796
7105,PIRACICABA,SCS120,>5d,C,33.01000000000001,80.4902427415516,26.43,24.98,21.8831420276059,1450.98,29.33,32.09,26.0,156.180646703272,21.87496749134099,12.68
7106,S. J. RIO PRETO,SCS120,>5d,I,242.45,78.042178346713,27.5,24.56,22.2365376437405,15231.42,30.48,32.97,25.22,166.034104575363,22.1727478058424,12.52
7107,MATO G. DO SUL,SCS120,5d,B,190.1,93.1924761370017,27.21,24.33,24.349375620438,14472.38,30.07,32.76000000000001,24.34,163.546298274629,24.3044192063138,12.55
7108,RIB. PRETO,SCS120,5d,B,15.37,57.4118694362018,27.841,24.721,19.19369423738872,165.038,30.942,33.87,21.97,169.702561117763,19.16156811523448,
7110,S. J. RIO PRETO,PS321835073,3d,I,12.99801,95.5061772928127,26.38,24.93,24.0081882947065,95.34,29.26,31.516306,27.339212,155.134314564325,23.9525994486937,12.51
7111,S. J. RIO PRETO,PS321835073,1/½,I,103.2,115.714364035088,28.16,25.57,28.7602412280702,9470.75,31.61,33.86,27.7,171.898860882562,28.5838086663699,12.46
7112,S. J. RIO PRETO,PS321835073,2d,I,18.16,91.6038961038961,27.37,24.55,24.2351188311688,502.36,30.32,33.07,25.11,165.092824878282,24.1867853258627,12.55
7113,GOIAS,PS321835073,>5d,C,29.52,62.8812785388128,27.55,26.2,19.91203881278539,903.44,31.09,34.16,28.60179,166.887175623697,19.88085752499932,12.56
7114,ASSIS,AIC456PS321953028,4d,A,20.19,136.793650793651,26.35,26.0,29.9078888888889,1034.06,29.55,31.41,26.8,154.251308935704,29.752060172262,12.54
7115,PIRACICABA,PS321716163,2d,I,13.68,91.9934523809524,27.7,26.8,24.5589720238095,146.389,31.48,34.43,25.0,168.100132682155,24.4869885303703,12.66
7116,MINAS GERAIS,AIC456OUTRAS,2d,C,16.39,59.997722095672,27.39,24.14,19.38684943052392,222.71,30.22,33.14,20.8,165.523387628535,19.36877289458054,12.69
7117,ARACATUBA,AIC456911099,3d,I,81.65,110.5363962670495,26.89,25.28,26.6720694041637,6875.06,29.98,33.11,27.6,160.866941888827,26.6688119770213,12.72
7118,GOIAS,AIC456911099,3d,C,23.93,77.5448449287511,26.94,25.17,21.79239983235541,793.95,30.01,34.13,28.8,162.346030511664,21.85440725554028,12.85
7119,GOIAS,AIC456911099,3d,D,22.51,68.4157944814462,28.33,27.49,21.21269923882017,604.93,32.5,35.9,24.0,174.376554001279,21.16060229914163,12.7
7120,GOIAS,AIC456911099,4d,D,349.26,72.3662456265196,27.07,25.95,21.0971932159165,20371.12,30.41,33.61,24.2,162.531762378807,21.08703734235193,12.72
7121,GOIAS,AIC456911099,5d,C,16.92,88.010162601626,27.21,25.1,23.5611457317073,385.97,30.31,33.56,25.6,164.030721955494,23.5558798962797,12.73
7122,GOIAS,AIC456911099,4d,C,409.94,71.2089008393225,26.68,26.01,20.69186664321254,23573.59,29.95,33.47,25.8,159.176931321036,20.71418433242298,12.78
7123,ASSIS,AIC456911099,4d,D,17.63,54.7211367673179,23.71,26.02,17.00264511545293,252.52,26.32,29.24,22.9,130.709198389266,17.07139189992652,12.79
7124,GOIAS,AIC456911099,2d,I,290.07,110.137914913511,26.29,25.9,26.0239080411407,27301.21,29.45,33.14,25.1,155.704390719211,26.1028492690999,12.81
7125,GOIAS,AIC456PS321955000,>5d,D,22.0,76.5172,27.93,24.43,22.27758996,657.172,30.95,33.16,24.370861,169.809258763134,22.1814115094729,12.48
7126,GOIAS,AIC456PS321955000,>5d,B,76.13,82.8942772493373,26.18,25.18,22.052808513956,4558.45,29.09,31.82,21.3,153.763888192955,22.0502483934954,12.69
7127,RIB. PRETO,AIC456PS321955000,>5d,C,248.03,76.6663559716985,28.5064,25.53,22.6740873821124,15275.2,32.02,34.51000000000001,24.0,175.437224718568,22.5688897526774,
7128,RIB. PRETO,AIC456PS321955000,>5d,D,27.31,90.1012410189419,26.1965,25.07,23.0876426812541,1207.73,29.08,31.8,22.2,153.923275450163,23.0843839421309,
7129,RIB. PRETO,AIC456PS321955000,5d,B,31.97,54.8442163244867,27.786,24.824,18.76338798898348,867.599,30.9101,33.92,25.1,169.253490455293,18.73740256284718,
7131,SÃO CARLOS,AIC456PS321955000,5d,A,16.99,45.3426853707415,26.565,27.12,16.8563621242485,178.38,30.17,32.45,22.54,156.636596284834,16.82257252302019,12.59
7132,MINAS GERAIS,AIC456PS321955000,5d,I,115.4,79.7441972920696,28.17,24.94,22.9542367021277,7016.75,31.41,35.06,24.6,173.489736908795,22.9399925977938,12.75
7133,ARACATUBA,AIC456PS321955000,4d,I,14.79,70.5698924731183,27.93,24.82,21.33018387096774,175.41,31.08,33.57,25.7,170.067673263572,21.25800662652341,12.61
7135,RIB. PRETO,AIC456PS321955094,2d,I,12.34,122.588235294118,24.92,24.53,26.288,49.6,27.4,30.01,23.86,141.876425541711,26.3628047069657,12.59
7137,PIRACICABA,AIC456PS321955094,5d,C,20.66,84.0166281755196,27.77,25.8,23.3570222632794,635.664,31.22,34.36,24.0,169.091136458413,23.3131739639954,12.69
7138,GOIAS,AIC456PS321955094,2d,D,18.61,132.945537065053,26.42,24.91,29.4403464447806,811.45,29.3,32.11,24.4,156.152165490926,29.4345610743904,12.69
7139,RIB. PRETO,AIC456PS321955094,2d,B,31.73,120.746578813989,25.845,26.26,27.0559638367968,2157.57,29.01,31.28,23.4,149.92854613509,26.9992575129785,
7140,RIB. PRETO,AIC456PS321955094,1/½,I,17.64339,144.712784337074,27.86,24.17,33.0482475958599,760.95,30.79,33.404945,29.21,169.624526429434,32.9187897822629,12.53
7141,MINAS GERAIS,AIC456PS321955094,1/½,I,69.87,162.282702609297,27.83,24.54,35.7897518230517,8708.86,30.87,33.13,29.2,168.903924477849,35.5799458205362,12.58
7142,MINAS GERAIS,AIC456PS321955094,3d,A,247.38,95.9977908063557,26.81,24.32,24.4400728184213,19783.4,29.58,31.8,25.3,159.233205983415,24.3672640359439,12.6
7143,MINAS GERAIS,AIC456PS321955094,1/½,D,60.5,163.50412371134,26.8,23.99,34.4226103092784,7359.95,29.47,32.03,29.1,159.580252983839,34.3590169054145,12.65
7144,S. J. RIO PRETO,AIC456PS321955094,2d,I,117.23,126.462396654946,27.707809,25.566179,29.9795346433814,12056.878,31.061237,33.998318,26.196823,168.334777748485,29.89445334161,12.6672476
7145,S. J. RIO PRETO,AIC456PS321955094,2d,B,27.2,105.4015789473684,27.87,25.82,26.8228305789474,1431.704,31.35,34.09,28.0,169.630476568348,26.7229354017099,12.64
7146,GOIAS,AIC456PS321955094,1/½,C,95.44,134.634108341323,26.26,23.84,29.4876238494727,10244.59,28.79,31.51,29.5,154.701632180683,29.5000874213295,12.69
7147,ARACATUBA,AIC456PS321955094,2d,D,19.48,109.5737967914439,27.13,24.15,26.7629154545455,741.852,29.91,32.36,26.0,162.546600351498,26.6894033903398,12.62
7148,ARACATUBA,AIC456PS321955094,fr,B,99.24,153.531625401192,25.395977,23.670006,30.9595439864699,12359.219,27.729976,30.285982,25.399878,146.405204151676,31.0225870059658,12.6920025
7149,S. J. RIO PRETO,AIC456PS321955094,1/½,B,57.29,129.00068447781,26.96,25.83,29.5033023978803,5310.961,30.24,33.22,30.0,161.286896836952,29.4666691134915,12.69
7150,MINAS GERAIS,AIC456PS321955094,4d,I,264.38,93.7823123860845,26.71,24.65,24.030178151993,20652.22,29.57,32.92,25.9,159.505435322036,24.0633355901521,12.76
7151,RIB. PRETO,AIC456PS321955094,3d,B,21.25,114.903027027027,28.2398,24.73,28.7112457831351,963.853,31.4246,34.78,23.77,173.894839629059,28.6594690578853,
7152,ARACATUBA,AIC456PS321955094,4d,I,21.88,87.5263157894737,27.1,25.24,23.4044736842105,758.2,30.22,33.0,24.1,162.480131252797,23.3652099130402,12.67
7153,RIB. PRETO,AIC456PS321955094,2d,B,13.26,133.784920634921,27.3498,23.98,30.693741747619,165.449,30.12,33.37,23.83,165.521938514556,30.6966570977144,
7154,MINAS GERAIS,AIC456PS321955094,5d,A,104.36,96.7175184062365,28.03,24.85,25.5802182005197,7836.51,31.21,33.39,27.2,170.674323314468,25.4424949059906,12.56
7155,ASSIS,AIC456PS321955094,3d,A,35.04,119.536892361111,26.66,25.2,27.7649084201389,2489.65,29.68,31.58,25.7,157.325899099992,27.6278955687975,12.54
7156,MINAS GERAIS,AIC456PS321955094,5d,I,52.79,92.6474626133856,26.26,24.66,23.5003281686688,3301.61,29.04,32.43,26.6,155.322550615914,23.558600042452,12.78
7159,PIRACICABA,SCS111,>5d,D,61.84,18.40389245585875,26.79,26.18,12.94713569422151,331.17,30.14,32.63,22.8,159.112606965335,12.94209331390702,12.63
7160,PIRACICABA,SCS111,>5d,C,88.48,31.7211035564854,27.35,25.56,15.0271893959205,1520.27,30.63,33.06,24.8,164.420181814215,15.00589418965645,12.61
7163,ASSIS,SCS116,5d,E,12.93,98.0752688172043,26.36,26.16,24.3604086021505,92.05,29.61,31.46,25.6,154.316762034108,24.24995354928,12.54
7164,S. J. RIO PRETO,AW,2d,D,16.04,78.7121287128713,24.92,26.01,20.61920702970297,281.517,27.8,31.61,25.0,143.003757474532,20.73953953051078,12.89
7165,ARACATUBA,AW,2d,I,13.72,96.6145348837209,26.414893,24.3200245,24.197094665936,157.537,29.116531,31.653896,30.44893,155.876501662632,24.1740432688805,12.6530642
7166,S. J. RIO PRETO,AW,>5d,I,12.56,98.8803571428571,27.63,25.72,25.5793998214286,60.653,31.02,34.19,24.0,167.812667438974,25.5370601944793,12.7
7167,PIRACICABA,PT35961007,1/½,B,14.63,158.731939163498,23.980045,28.537971,29.5785523411597,397.905,27.342645,30.540703,29.932846,133.125524744829,29.772983128005,12.80395615
7168,PARANÁ,PT35961007,2d,D,44.59,61.406198220313,26.66018,24.838518,19.24303759025468,1622.148,29.56609,31.982292,23.057869,157.979282115948,19.21228134827951,12.6259775
7169,PARANÁ,PT35961007,1,B,19.45,79.630067114094,25.6315,24.86,21.21899259865772,515.844,28.34,30.62,24.0,148.109760251077,21.20511222066355,12.630832
7170,RIB. PRETO,PS3218642,3d,I,67.05,53.691553133515,26.9960785,24.5328,18.25209803577112,2307.12,29.873386,32.05,21.95,160.914676570089,18.20848415058205,12.5833584
7171,MATO G. DO SUL,AIC456873396,4d,A,35.10445,69.5934506123279,25.9277,26.6408,20.0214430209332,1342.665,29.2277,31.24,23.95,150.360595734971,19.96866413715431,12.5697403
7172,GOIAS,AIC456873396,5d,D,160.99,60.4543123699577,27.23,25.56,19.37959177394456,7231.208,30.48,33.45,25.1,163.861220486987,19.35833101435948,12.69
7173,MATO G. DO SUL,BULL24928064,3d,C,48.84,111.9199239956569,27.13,24.74,27.1178845005429,3693.05,30.1,32.47,26.09,162.377825887284,27.0257409332896,12.51
7174,MINAS GERAIS,BULL24928064,4d,A,21.809504,102.0699974229074,26.58,25.74,25.1322056242599,895.542,29.75,32.14,24.0,157.074048136573,25.0668191417919,12.63
7175,S. J. RIO PRETO,BULL24928064,3d,I,35.94,82.1725146198831,25.58,25.66,21.52942748538012,1691.93,28.51,31.68,26.0,148.543854466592,21.58162562381208,12.77
7176,MATO G. DO SUL,BULL24928064,4d,B,19.45,20.8,28.32,25.59,13.43616,77.56,31.81,34.05,24.999797,173.403771527561,13.42035318944254,12.46
7177,S. J. RIO PRETO,BULL24928064,4d,I,54.13,81.4159981011156,26.59,25.67,22.1277941229528,2936.496,29.74,33.59,22.0,158.715924027896,22.1844323037239,12.82
7178,S. J. RIO PRETO,BULL24928064,4d,I,90.51,73.2164310278945,26.603552,26.136834,20.93977333770271,4818.102,29.906717,33.17191,26.0,158.178637661567,20.94853449016092,12.73886096
7179,GOIAS,BULL24928064,5d,C,180.48,59.082816951567,27.0,25.41,19.06242254273504,7944.513,30.14873,33.234524,24.29,161.837452778675,19.0547693616674,12.7058044
7180,GOIAS,BULL24928064,5d,B,43.35,65.2070175438597,27.22,25.69,20.09810807017544,1680.04,30.51,33.79,24.2,164.064428119523,20.09089469475242,12.73
7182,RIB. PRETO,BULL24928064,>5d,C,71.18,90.7291314633322,26.825,25.512,23.671593739439,4671.19,29.9701,32.89,26.87,159.998791261066,23.6518162936067,
7183,ARACATUBA,SCS19001,5d,D,33.75,71.1368735632184,27.643,25.16,21.25078113149425,1298.227,30.85,33.38,24.9,167.351340973612,21.18699260903292,
7184,PARANÁ,SCS19001,4d,D,123.46,44.9761708236139,28.2882,26.48,17.37122465609187,3687.524,32.09,34.34,25.0,173.009494051385,17.30947658006211,12.556401
7185,PARANÁ,SCS19001,4d,C,14.8,20.89142857142857,25.8329,27.58,13.22994242285714,36.896,29.4,31.48,23.0,149.431942271705,13.22196629814156,12.577324
7186,PARANÁ,SCS19001,>5d,C,18.71,28.3870342771982,28.1585,26.48,14.64789893368107,121.957,31.93,34.21,25.0,171.809646177674,14.61880614974046,12.563261
7196,SÃO CARLOS,SCS19001,3d,C,24.95,74.90972972972969,27.161,26.456,21.53774412432433,826.681,30.69,33.174,24.787,162.577023952875,21.47275988038241,12.612
7197,SÃO CARLOS,SCS19001,3d,A,96.02,79.7278743156391,26.92,26.819,22.1049988478934,5702.496,30.514,33.11499999999999,23.519,160.374950601588,22.0491200059335,12.634
7198,PARANÁ,SCS19001,1/½,E,62.17,79.5235000996612,27.4216,26.06,22.4132040913693,3399.654,30.88,33.17,30.0,164.884721991938,22.3233115406593,12.582126
7199,S. J. RIO PRETO,SCS19001,1,I,37.89,79.6307454615682,27.28,25.41,22.3339779065276,1762.96,30.49,33.3,21.91,164.186960822273,22.2925176099408,12.55
7200,MATO G. DO SUL,SCS19001,5d,D,83.95,61.9514940931202,26.71,26.34,19.34786478109799,3606.01,30.1,32.82,22.69,158.582581395884,19.3220189487508,12.54
7201,MATO G. DO SUL,SCS19001,2d,C,18.66,45.7807807807808,27.62,25.27,17.27655795795796,236.98,30.86,33.31,23.37,167.033301455341,17.23714597018358,12.5
7202,MATO G. DO SUL,SCS19001,1,B,75.87,95.1543760764052,24.98,24.74,22.7934380147174,5323.07,27.53,30.64,22.73,143.009719170366,22.8940314575569,12.66
7203,S. J. RIO PRETO,SCS19001,5d,D,129.22,63.7594267189899,26.87,26.25,19.6966267531138,6079.24,30.27,33.11,24.77,160.230845535486,19.67234358698792,12.55
7204,MATO G. DO SUL,SCS19001,fr,B,35.39,120.973920478837,27.42,24.7,28.8037785378367,2560.9,30.43,33.02,25.86,165.369495981344,28.7132752589503,12.53
7205,RIB. PRETO,SCS19001,2d,C,336.53,116.806252118448,27.51,24.83,28.2554497035713,34024.773,30.58,33.33,23.6,166.37492904922,28.1794577347001,12.66
7206,S. J. RIO PRETO,SCS19001,3d,B,34.6,86.4483185840708,27.06,25.09,23.2119167787611,1694.532,30.13,33.33,24.0,162.568210833828,23.2095501287904,12.73
7207,PARANÁ,SCS19001,3d,C,12.47,58.6446808510638,25.9604,26.32,18.51178402553192,33.923,29.17,31.63,28.0,151.228584992955,18.49427291234161,12.640779
7208,MINAS GERAIS,SCS19001,>5d,C,48.87,108.7366422565772,28.35,25.35,27.8164410089504,3578.68,31.77,35.23999999999999,24.4,174.949391889954,27.7631770291853,12.73
7209,PIRACICABA,SCS19001,5d,I,14.42454,122.396198866589,26.5138,25.1538,28.022683511099,279.66,29.4863,32.01000000000001,23.5,156.67868332725,27.9719766963513,12.64359844
7210,S. J. RIO PRETO,SCS19001,2d,D,35.65,104.0787737843552,27.23,25.44,26.0235972473573,2189.663,30.44,33.59,23.0,164.064956706005,26.00195474906,12.71
7211,PARANÁ,SCS19001,2d,C,59.02,66.393960017014,28.1168,25.45,20.76656574802212,2569.604,31.52,33.43,24.0,171.134157087331,20.65593697794953,12.516613
7212,MINAS GERAIS,SCS19001,3d,I,38.92,107.5973997028232,28.4277,25.73,27.7044540309807,2585.482,31.995817,35.17772,25.0,175.351130188204,27.6159432845096,12.6819
7213,GOIAS,SCS19001,5d,D,63.63,30.3654464458648,28.75,25.8,15.07621227968236,960.208,32.41,34.66,24.183227,177.470722335684,15.03894368941458,12.45
7214,GOIAS,SCS19001,1/½,C,90.34,116.298442685729,27.78,24.03,28.458294255808,8182.74,30.64,33.61,30.3,169.271485426474,28.4031710088525,12.68
7215,S. J. RIO PRETO,SCS19001,1/½,I,22.74,119.13687150838,27.22,25.92,28.3062318435754,1162.65,30.59,33.71,29.0,163.86712791366,28.2705689696325,12.7
7216,PARANÁ,SCS19001,2d,E,21.81,69.1693170234455,28.170792,26.381235,21.24473134368196,572.831,31.91028,33.86028,27.890443,171.592434951028,21.12379050825895,12.51691365
7217,SÃO CARLOS,SCS19001,4d,I,45.23,65.67950647005719,26.62,24.81,19.84794384592236,1795.77,29.51,33.0,22.82,158.781056781295,19.87913468717336,12.65
7218,PARANÁ,SCS19001,>5d,D,23.09,36.2719567177638,26.0742,26.58,15.41608373237151,281.176,29.39,31.24,25.0,151.561918803518,15.38744085264705,12.540966
7219,PARANÁ,SCS19001,3d,E,27.12,74.9255952380952,27.2518,25.78,21.59728593452381,963.435,30.58,32.62,28.0,163.032824463504,21.50383037985671,12.550227
7220,PARANÁ,SCS19001,3d,D,31.7,71.3526395939086,26.7632,26.11,20.76234888852792,1181.247,30.09,32.51000000000001,25.0,158.790930484003,20.7124291926715,12.61574
7221,RIB. PRETO,SCS19001,2d,I,84.83796,104.929291265159,27.59,24.71,26.4876765082383,6780.78,30.64,33.255083,23.37537,167.001225762813,26.4041540553692,12.53
7222,PARANÁ,SCS19001,2d,A,41.75,98.1184537815126,26.424544,25.70158,24.4221942578339,2574.024,29.54948,31.542131,24.42325,155.149012763298,24.3277716395253,12.56162775
7223,MINAS GERAIS,SCS19001,3d,A,129.38,75.5082637587323,28.31,24.77,22.3581978190492,7466.6,31.52,33.72,27.2,173.360699036357,22.2477378346944,12.56
7225,ASSIS,SCS19001,1/½,D,23.8,148.866949152542,25.95,25.98,31.0929394067797,1627.03,29.05,31.43,30.7,151.084611953089,31.0360865120846,12.63
7228,PARANÁ,SCS19001,5d,D,35.48999999999999,43.6079608343976,28.0512,27.33,17.07345700945083,754.471,32.1,34.4,25.0,170.713887076374,17.01662232658503,12.563261
7229,PARANÁ,SCS19001,3d,B,56.93,78.2640774538171,27.2649,25.67,22.1151451592477,2989.245,30.56,32.53,25.0,163.090204955043,22.0118530436541,12.54028
7230,PIRACICABA,SCS19001,2d,I,45.88,96.3063754427391,26.9107,24.8914,24.5706707231405,2868.3,29.8821,32.52,24.23,160.587578502432,24.5268801793535,12.65193677
7231,PARANÁ,SCS19001,2d,D,74.52000000000001,122.986884197057,26.8892,25.44,28.5250591618682,6950.9,30.03,32.22,25.0,159.808216749214,28.4047734357185,12.582469
7232,MINAS GERAIS,SCS19001,>5d,C,170.74013,116.920608292308,27.35,25.28,28.1053133728692,16667.111,30.53,33.33,23.571428,164.855631813847,28.0377058708139,12.67
7233,MATO G. DO SUL,SCS19001,1,C,34.65,110.7002207505519,26.65,24.9,26.4595823399559,2247.56,29.58,32.4,23.18,158.329208368069,26.4427251681819,12.57
7234,PARANÁ,SCS19001,3d,E,13.04,50.5567307692308,26.458092,25.986657,17.57456760680769,52.099,29.677082,31.846382,27.051672,155.639315409953,17.5382624121382,12.58586776
7235,ARACATUBA,SCS19001,>5d,I,16.74,88.8481012658228,26.03,24.48,22.7817886075949,376.26,28.71,31.43,24.5,152.442308019476,22.7927247086865,12.69
7238,S. J. RIO PRETO,SCS19001,3d,E,177.38,45.2974966743258,26.87,25.64,16.95133775547225,5518.74,30.07,32.73,25.5,160.124554908997,16.9321768744683,12.7
7240,S. J. RIO PRETO,SCS19001,2d,D,163.68,95.7870516877637,28.71,25.0,26.0008163370253,12720.82,32.08,34.43,28.0,177.287127278102,25.8489210765723,12.47
7241,GOIAS,BULL24935744,>5d,C,55.23,52.5644691186676,25.8,25.91,17.59789673837613,1765.602,28.85,31.14,22.514833,149.572557804308,17.58055777262895,12.51
7242,MATO G. DO SUL,BULL24935744,>5d,E,65.44,23.2501871257485,25.7,28.1,13.54127563622754,613.21,29.39,32.35,22.678021,149.068845089627,13.54205015636854,12.56
7243,MATO G. DO SUL,BULL24935744,2d,A,96.15338,92.7789300916969,24.693,25.0,22.2532695965391,6809.82,27.2524,29.25,24.64,138.885138435493,22.249645727356,12.6082043
7244,GOIAS,BULL24935744,4d,D,56.73,63.6353454057679,25.66,25.43,19.0533881824279,2321.649,28.54,30.83,22.752471,148.314740030071,19.03865868535017,12.52
7245,GOIAS,BULL24935744,4d,B,40.9,45.2439100346021,26.36,25.53,16.77382548096886,972.749,29.42,31.7,22.005527,154.896407385848,16.75043531140299,12.5
7246,SÃO CARLOS,SCS19002,1/½,A,36.41,113.041704219582,25.731,26.46,25.8740364063908,2478.428,28.93,31.28,29.29,148.919948475382,25.83462493561,12.63
7247,SÃO CARLOS,SCS19002,2d,E,32.29,67.36732380483,26.212,27.56,19.86880405914244,1135.403,29.87,32.5,23.9,153.621830740024,19.84122176041572,12.65
7248,SÃO CARLOS,SCS19002,2d,B,21.29,94.5374596340151,25.829,26.079,23.4141052927879,778.773,28.939,31.613,29.33,150.265786799832,23.4121067967565,12.677
7249,RIB. PRETO,SCS19002,5d,I,27.19,108.8044766293614,27.31,24.1,26.8207653719552,1482.46,30.11,32.57,23.8,164.264778895505,26.7399122300648,12.53
7250,RIB. PRETO,SCS19002,5d,I,26.44,88.4972299168975,28.19,24.47,24.3849015235457,1116.62,31.27,33.687216,24.069501,172.49536868464,24.2774511188661,12.5
7251,MATO G. DO SUL,SCS19002,2d,I,23.12,65.023381294964,21.21,23.88,16.88345341726619,601.62,22.85,25.24,,107.1528833597965,17.04532761570173,12.84
7252,ARACATUBA,SCS19002,1,D,25.71,65.0342815463166,27.054,26.06,19.9837807439825,739.1,30.43,33.07,21.4,161.783146127347,19.94364154261079,
7253,MATO GROSSO,SCS19002,>5d,C,13.39,83.2359712230216,27.62,26.13,23.127058705036,111.018,31.15,33.29,25.872898,166.59424371145,23.0126710962736,12.46
7254,MATO GROSSO,SCS19002,>5d,D,13.8957986,53.1641827354446,28.3,26.63,18.70976178587747,90.039,32.16,33.96,24.066616,172.636351549985,18.6124641291587,12.4
7255,MINAS GERAIS,SCS19002,3d,I,47.33,88.2309651853949,27.3,25.71,23.6633376733654,2705.24,30.61,33.95,27.4,164.875233840551,23.6538266286082,12.73
7256,PIRACICABA,SCS19002,>5d,I,16.44,89.2623873873874,26.7,28.68,23.3575709459459,355.045,30.86,33.48999999999999,25.0,158.082685971079,23.2866970740875,12.63
7257,MINAS GERAIS,SCS19002,4d,I,47.94,103.5436839176405,26.3,25.1,25.0907468002226,3302.08,29.22,32.58,25.1,155.592475990329,25.14498423501,12.77
7258,MINAS GERAIS,SCS19002,2d,I,34.21,102.9824403421882,27.57,25.16,26.1659659612787,2032.72,30.76,33.7,26.9,167.094879774569,26.1109106464686,12.67
7259,MINAS GERAIS,SCS19002,1/½,C,376.66,109.2604343772281,28.04,24.21,27.6005736741074,35478.99,31.01,34.05,,171.770656796156,27.5393634807292,12.68
7260,S. J. RIO PRETO,SCS19002,2d,C,128.33,55.6444597266397,25.72,26.82,17.98801987449497,5089.16,29.02,32.75,25.8,150.247878760716,18.03375397686542,12.83
7262,PARANÁ,SCS19002,3d,C,27.32,32.4390992167102,27.3478,26.45,15.13695206958225,325.127,30.92,32.83,28.0,163.724457923548,15.10111124910096,12.525531
7263,RIB. PRETO,SCS19002,4d,I,65.25,74.6794366197183,26.7621,27.07,21.25280111323944,3349.68,30.4,32.78,23.2,158.61546415324,21.18977469286357,
7265,ARACATUBA,SCS19002,3d,I,150.59,67.64146042282991,26.83,25.65,20.25162858070568,7723.35,30.03,32.75,23.7,159.809898991725,20.22435864485054,12.66
7266,PARANÁ,SCS19002,1/½,E,18.85,87.1300729927007,25.541,25.31,22.1733631839416,526.641,28.36,30.88,29.0,147.486683317639,22.1791244071932,12.668905
7267,RIB. PRETO,SCS19002,3d,B,32.07,89.1788739412058,27.063597,25.8552,23.6259145396413,1560.98,30.375124,32.64,23.44,161.492496433035,23.5376625373613,12.5873819
7269,RIB. PRETO,SCS19002,>5d,C,17.02,104.8464143426295,27.0291,24.796,25.9539804579681,478.089,29.9988,32.69,25.07,161.776098512477,25.9061737011119,
7270,MINAS GERAIS,SCS19002,3d,C,56.39343,149.197959247573,26.96,25.09,32.524814703437,6102.688,30.01,32.43,23.0,160.781795102498,32.4125586612534,12.62
7271,SÃO CARLOS,SCS19002,2d,I,59.33907,108.5555512603015,26.39,24.09,25.8943438263574,4582.85,29.02,31.975214,23.428137,156.156891546854,25.919148131278,12.61
7272,MATO G. DO SUL,SCS19002,3d,E,28.61,82.3449729078868,26.75,24.9,22.3758835039133,1180.43,29.7,32.09,23.73,158.788173922802,22.3258101177977,12.52
7274,ARACATUBA,SCS19002,5d,I,24.64,93.7254746835443,26.4,25.51,23.7684683544304,1045.01,29.46,32.06,26.8,155.642449109018,23.7392473381414,12.66
7275,ARACATUBA,SCS19002,2d,D,13.58,59.7594936708861,26.2333,25.52,18.79775201265823,87.46,29.26,33.0,21.5,155.290801184855,18.84349611228428,
7276,S. J. RIO PRETO,SCS19002,fr,C,16.02,117.671641791045,27.12,25.48,27.977552238806,436.8,30.32,32.78,26.85,162.289014705594,27.8812869270986,12.51
7277,ASSIS,SCS19002,>5d,C,13.99,55.1587939698493,26.74,26.06,18.36160623115578,97.886,30.05,32.84,25.617275,158.978790046778,18.34342731756662,12.55
7278,ASSIS,SCS19002,>5d,B,20.65,52.4493641618497,26.16,26.38,17.72762996531792,361.887,29.43,32.34,25.310965,153.598426301671,17.72756631022113,12.57
7279,ARACATUBA,BULL24OUTRAS,3d,I,20.47,85.0670602125148,27.7,24.43,23.4715284533648,630.878,30.68,33.6,26.0,168.404966299215,23.4280510901211,12.67
7280,GOIAS,BULL24OUTRAS,1/½,C,64.47,104.3163712597675,24.6,25.74,23.6318627787307,4855.84,27.34,31.02,28.0,139.932172579414,23.8102339399098,12.89
7281,MINAS GERAIS,BULL24OUTRAS,2d,D,12.02,81.5,26.02,24.7,21.7439,13.39,28.76,33.3,25.1,154.246397734051,21.88612464251654,12.95
7282,S. J. RIO PRETO,BULL24OUTRAS,2d,B,14.46,161.796341463415,26.67,24.78,33.97512329268289,380.499,29.56,32.2,30.0,158.335065453952,33.9204574328113,12.66
7283,PARANÁ,BULL24966928,>5d,B,20.99,52.8081201334816,26.215287,27.622053,17.8009913962792,378.865,29.880524,31.884912,26.561135,152.962761200845,17.75242529343135,12.5571656
7284,ARACATUBA,BULL24966928,4d,E,67.33,117.783300198807,27.5466,24.41,28.4457065487078,5864.99,30.49,32.52,25.5,165.972509180175,28.28772016097,
7285,ARACATUBA,BULL24966928,4d,I,93.25,71.60032000000001,27.720418,24.377342,21.3694194333376,4854.526,30.705307,33.35191,24.005037,168.309775648095,21.31611264775468,12.63677645
7288,SÃO CARLOS,BULL24966928,5d,E,187.38,43.6649903067625,27.046,27.454,16.76431444155548,5565.406,30.88,33.106,24.179,161.092815939838,16.72102257154289,12.573
7294,SÃO CARLOS,BULL24966928,3d,B,77.34,68.4688246097337,27.296,26.1,20.63747141230487,3701.673,30.738,33.094,23.379,163.76205316894,20.56982476280993,12.591
7295,SÃO CARLOS,BULL24966928,3d,A,31.01,55.7072067332983,26.783,26.96,18.46123637138348,842.874,30.39,32.62,25.41,158.664371490234,18.41029000513291,12.58
7304,ARACATUBA,BULL24966928,3d,C,31.77,62.2049064238746,26.888034,25.394689,19.47452353805463,1004.551,30.01137,32.588867,26.541704,160.238332531497,19.44229161317501,12.64302015
7305,ARACATUBA,BULL24966928,3d,B,109.69,90.7534855154059,26.759982,24.273294,23.6240002864465,7705.428,29.548986,32.205536,24.856004,159.267150367429,23.5978013933564,12.65526825
7306,PARANÁ,BULL24966928,5d,D,56.69,30.5877825016782,27.0484,26.87,14.79716386198255,842.688,30.69,32.75,25.0,161.003325794368,14.76964141189241,12.551599
7307,RIB. PRETO,BULL24966928,4d,I,13.18,102.135593220339,24.92,24.53,23.6455186440678,118.36,27.4,30.01,28.09,141.876425541711,23.7064886615393,12.59
7308,PIRACICABA,BULL24966928,4d,A,13.38,51.3608695652174,25.534,28.41,17.32710008695652,66.318,29.28,32.29,25.16,147.51256261984,17.33389230172787,12.72
7309,MATO G. DO SUL,BULL24966928,5d,A,284.63,54.1902211788871,25.2094,25.8624,17.57307507640392,11514.32,28.1153,31.3,23.62,145.055089075341,17.61362363706516,12.7769843
7310,MATO G. DO SUL,BULL24966928,3d,C,69.47,77.6402992865843,28.03,25.28,22.5221399756395,3784.348,31.36,33.42,26.71477,170.492895358979,22.4035210861606,12.45
7311,ASSIS,BULL24966928,3d,D,42.14,77.5812873258129,27.1,25.38,21.90277438619774,1988.62,30.27,32.71,23.046568,162.089906133701,21.84308925885855,12.51
7312,PIRACICABA,BULL24966928,4d,B,40.55,46.8690017513135,26.26,26.2,16.9723196497373,1007.51,29.5,32.51000000000001,24.0,154.672608327289,16.97485142962872,12.72
7313,ASSIS,BULL24966928,fr,C,26.11,110.6429482636428,27.29,24.41,27.082506789511,1403.852,30.19,32.57,24.335962,163.943697521206,26.9881742935709,12.51
7314,PIRACICABA,BULL24966928,5d,I,75.72999999999999,110.2292483916523,27.0297,24.825,26.7635613455202,6272.15,30.0052,32.48,23.93,161.53745443608,26.688951755657,12.6254812
7315,PARANÁ,BULL24966928,2d,C,70.78,85.1597482136781,25.66768,24.919245,21.99924027465124,4312.33,28.400398,30.393599,21.075548,148.084846264241,21.95593308838895,12.58265513
7316,MATO G. DO SUL,BULL24966928,3d,C,85.38,74.6279640228945,26.89,24.73,21.32530384300899,4607.64,29.81,32.25,24.49,160.190774368331,21.28088648566471,12.52
7317,PIRACICABA,BULL24966928,>5d,A,161.12,47.0613599785408,27.77,25.96,17.52917646861588,5240.35,31.27,33.48,26.6,168.112330688568,17.47351062336089,12.56
7318,PIRACICABA,BULL24966928,>5d,A,37.17,56.1168057210965,27.31,25.37,18.75428295589988,1122.42,30.52,32.8,22.0,163.900521726267,18.70136580593094,12.59
7319,MATO G. DO SUL,BULL24966928,3d,C,30.45,76.4536585365854,27.34,25.47,21.8871912195122,1201.17,30.59,32.97,23.64,164.28217972167,21.81514361298741,12.5
7320,RIB. PRETO,BULL24966928,4d,B,53.64,82.5414985590778,26.49,24.88,22.2214631412104,2949.348,29.38,32.41,24.3,157.057504029786,22.2325737115006,12.72
7321,GOIAS,BULL24966928,1,I,310.38,121.473356123065,26.41,25.38,27.7751106173336,32676.66,29.44,31.920977,29.52738,155.618539734083,27.7224035461838,12.53
7322,PARANÁ,BULL24966928,1/½,B,28.89,105.4472468916519,26.0202,26.21,25.1014909087034,1590.324,29.21,31.23,30.0,151.295495931225,25.0167805991803,12.57115
7325,ARACATUBA,BULL24966928,1/½,I,28.15,112.488854489164,27.86,24.56,27.9375323219814,1634.895,30.91,33.32,30.0,169.351414874874,27.8120634330253,12.6
7326,S. J. RIO PRETO,BULL24966928,>5d,D,72.7,70.8959143327842,26.595529,25.936599,20.59617025625667,3586.982,29.823421,32.919855,25.752312,157.961440132474,20.59653247393198,12.7176156
7327,PARANÁ,BULL24966928,1/½,E,27.37,62.5708523096942,25.541,25.31,18.84779911125569,789.274,28.36,30.88,29.0,147.486683317639,18.85167705198665,12.668905
7328,ARACATUBA,BULL24966928,1,I,298.58,92.8138041733547,27.288348,24.8436,24.355095614061,23171.62,30.319286,32.760798,22.932365,163.942298402467,24.2790351487464,12.6136436
7329,ARACATUBA,BULL24966928,1,B,77.31,84.4259684581228,27.160819,25.043069,22.9803699869331,4742.14,30.233133,32.680838,22.769181,162.717329520687,22.9158485539578,12.6146164
7331,ARACATUBA,BULL24966928,2d,B,125.67,128.022978798276,26.719228,24.094856,29.0776867817099,13200.332,29.412384,31.767483,24.975718,158.563146199358,29.0046928040967,12.62048566
7332,PARANÁ,BULL24966928,2d,D,14.02,125.651485148515,27.0669,24.54,29.1237556158416,241.576,29.96,31.56,25.0,160.891687079688,28.9217613628745,12.491574
7333,ARACATUBA,BULL24966928,5d,I,73.8,60.3829773462783,26.368871,24.775935,18.95208760084596,3002.068,29.208784,32.010866,25.574655,155.679837960566,18.951658345163,12.6963802
7334,GOIAS,BULL24966928,5d,C,60.72,81.0845648604269,29.07,26.57,23.7927352216749,3377.8,33.09,36.3,23.0,181.33015016662,23.6980997420117,12.66
7335,RIB. PRETO,BULL24966928,>5d,D,19.23,96.9290456431535,26.7314,25.054,24.5112374298755,626.037,29.7179,32.59,25.97,159.131894259547,24.4957713631327,
7336,PARANÁ,BULL24966928,fr,B,88.17,125.502428777734,27.1156,24.8,29.1565731243272,8657.48,30.1,32.15,27.0,161.86621680802,29.0101795994407,12.559831
7337,S. J. RIO PRETO,BULL24966928,>5d,C,49.71,65.8064173959162,27.78,24.85,20.49065266507558,2041.04,30.91,33.6,27.34,168.858774369654,20.44000868594547,12.53
7343,MATO G. DO SUL,BULL24966928,4d,A,106.70266,78.7828126475011,27.0283,27.7808,22.0363214331044,6336.51,30.972,32.96,25.14,160.633873926615,21.92618815551342,12.5363252
7344,GOIAS,BULL24966928,>5d,B,96.27,73.4913967010799,27.47,26.05,21.51271906965705,5193.88,30.93,33.79,22.2,165.943457000512,21.46619818395414,12.66
7346,PIRACICABA,BULL24966928,5d,A,17.56,50.0503597122302,27.14,27.11,17.76082446043166,223.56,30.89,33.14,22.6,162.048273897458,17.70939079599752,12.58
7347,PARANÁ,BULL24966928,3d,E,308.52,62.3412046404964,27.241917,25.262155,19.67296462810461,14939.174,30.400587,32.460688,25.265032,163.021035988917,19.60258087773785,12.5565475
7350,S. J. RIO PRETO,BULL24966928,>5d,C,109.55,70.0870322911328,25.69,27.07,19.95211472065607,5678.39,29.06,32.61,28.6,149.742613965616,20.00105966528579,12.8
7351,GOIAS,BULL24966928,>5d,D,56.73,86.1428571428571,27.52,26.0,23.5069714285714,3328.41,30.98,34.76000000000001,29.2,167.323189024198,23.5161050147941,12.78
7354,RIB. PRETO,BULL24966928,3d,B,14.85,90.1182456140351,27.4012,24.39,24.0311472435088,234.637,30.3093,33.53,25.27,165.910945815789,24.0232530679262,
7356,ARACATUBA,BULL24966928,>5d,E,50.42,63.6529672045809,27.3968,25.76,19.95290405455492,1996.507,30.75,32.82,22.4,164.443507194163,19.87415947765138,
7357,S. J. RIO PRETO,BULL24966928,2d,I,23.29,99.1576616474757,27.63,24.17,25.6227425155004,996.01,30.51,32.84,25.67,167.134697383797,25.5211774643605,12.5
7358,ARACATUBA,BULL24966928,>5d,D,33.13,51.0141031708471,26.87,26.03,17.80139714150497,836.368,30.19,33.09,29.0,160.326630713439,17.78683047363824,12.68
7360,ASSIS,BULL24966928,5d,I,196.3,41.3909441128595,26.67,26.78,16.31165150135648,5428.751,30.2,33.13,23.85,158.362168004429,16.30172230005513,12.55
7361,GOIAS,BULL24966928,>5d,I,20.49,81.3144876325088,26.75,26.41,22.2238869257951,600.48,30.17,33.72499,25.2087755,159.80231053162,22.2448414254002,12.63
7362,ARACATUBA,BULL24966928,2d,E,56.95,103.3597330367075,27.2895,24.46,25.9684463826474,4118.62,30.2,32.06,28.2,163.328914941096,25.8253692697531,
7363,SÃO CARLOS,BULL24966928,>5d,I,69.40953999999999,53.0151344184259,25.82,24.05,17.66829157662646,2366.66,28.33,31.365282,26.388727,150.904262777235,17.69717700910066,12.63
7368,S. J. RIO PRETO,BULL24966928,3d,B,19.26,59.8944903581267,27.49,25.77,19.41885655647383,359.714,30.87,33.42,,165.846095216804,19.36838032399667,12.62
7371,ARACATUBA,BULL24966928,2d,C,45.52,93.9310859188544,27.5,25.85,24.6993183174224,2758.33,30.9,33.22,24.1,165.68582790726,24.59164677078,12.59
7376,RIB. PRETO,BULL24965902,3d,I,24.62,93.7614896988907,27.37,24.08,24.5667409667195,1043.83,30.18,32.511396,23.153677,164.68700697116,24.4839171476269,12.51
7377,S. J. RIO PRETO,BULL24965902,>5d,I,101.11743,53.1657966348446,27.27,25.28,18.28601714614077,3680.59,30.44,33.214415,22.872701,164.072347718564,18.26017933996578,12.55
7378,PIRACICABA,BULL24965902,3d,I,18.59,101.9200303490137,27.05,29.98,25.5329645675266,604.573,31.77,34.73999999999999,25.0,161.544624793291,25.4470571999446,12.66
7379,RIB. PRETO,BULL24965917,>5d,A,36.14,12.73487986743993,,,12.0,29.74,,,25.33,,,
7380,S. J. RIO PRETO,SCS123,1/½,I,19.09,107.4062059238364,26.37,24.29,25.7098717912553,688.43,29.06,32.11,20.51,156.043401433029,25.7426344190894,12.62
7381,PARANÁ,SCS19003,>5d,B,18.9,48.7011594202899,25.0753,26.35,16.79878669768116,265.238,28.09,30.42,25.0,142.73107616948,16.79798206768213,12.644895
7382,PARANÁ,SCS19003,>5d,A,19.16,48.752374301676,25.0753,26.35,16.80548319706704,275.147,28.09,30.42,25.0,142.73107616948,16.80467744424163,12.644895
7386,RIB. PRETO,SCS19003,1/½,I,61.56,121.985270379338,25.09,23.61,26.3970718926554,5462.87,27.35,29.86,24.47,143.484019414512,26.4613054258672,12.59
7387,S. J. RIO PRETO,SCS19003,5d,C,18.37,55.7723704866562,27.71,25.71,18.87663940345369,290.83,31.12,33.67,22.72,167.934545153514,18.82562468212784,12.51
7388,ASSIS,SCS19003,4d,B,17.82,120.103092783505,27.01,25.7,28.2262742268041,641.16,30.26,32.07,26.7,160.484030032196,28.0515828754393,12.52
7389,MATO G. DO SUL,SCS19003,4d,I,177.8,78.6730398069964,25.88,23.7,21.2542179252111,11066.39,28.31,30.26,25.1,150.183018634387,21.2130819020614,12.58
7390,S. J. RIO PRETO,SCS19003,>5d,B,28.25,108.2541538461538,26.65,26.63,26.1012335384615,1576.13,30.12,32.79,22.95,157.923256282256,26.045719559924,12.53
7391,ARACATUBA,SCS19003,1/½,C,61.4,113.175303643725,28.02,25.28,28.2082836437247,5010.06,31.34,33.86,29.3,170.893181598184,28.0760658951138,12.61
7392,ASSIS,SCS19003,2d,D,70.57,94.921461499061,27.08,25.27,24.5045563940584,4868.71,30.21,31.87,27.9,161.01531210775,24.3565674657134,12.5
7393,ASSIS,SCS19003,2d,D,42.04,124.938748335553,25.99,25.17,27.8001308921438,3404.68,28.86,30.95,24.0,151.219998430683,27.7233323660389,12.59
7394,S. J. RIO PRETO,SCS19003,4d,E,48.77,56.5564318738102,26.91,25.33,18.6433639923851,1650.34,30.02,33.59,25.4,161.498401159975,18.66111532652795,12.78
7395,S. J. RIO PRETO,SCS19003,4d,E,75.46000000000001,42.1169240466436,26.42,25.45,16.342860447526,1923.22,29.47,32.25,22.4,156.039127326557,16.33801545743873,12.68
7396,S. J. RIO PRETO,SCS19003,4d,B,139.54,61.6383095499451,27.15,26.94,19.52020389681669,6342.87,30.84,33.82,24.2,162.91807262398,19.49131800559022,12.68
7397,S. J. RIO PRETO,SCS19003,3d,C,290.14,76.3493923923204,26.93,25.3,21.60736428417344,17910.14,30.03,32.9,24.6,160.965788470906,21.58585797534571,12.68
7398,MINAS GERAIS,SCS19003,5d,A,17.606696,118.580239057013,27.433333,24.966666,28.4488832058649,609.563,30.55,33.2,24.666667,165.521983878375,28.3624097422641,12.64666665
7399,RIB. PRETO,SCS19003,5d,I,82.96,88.412908680947,26.63,24.43,23.1792085400225,5434.26,29.4,31.8,24.78,157.730554240596,23.1356955332105,12.53
7400,MATO G. DO SUL,SCS19003,>5d,C,12.45,57.9555555555556,25.95,24.74,18.4108,32.68,28.69,31.17,25.47,151.369090422084,18.40478397761933,12.55
7401,MINAS GERAIS,SCS19003,4d,A,76.87292,127.299403819036,27.76,26.52,30.17118604188,7491.809,31.45,33.79,24.0,168.088815218195,29.9969473374775,12.59
7403,S. J. RIO PRETO,SCS19003,3d,D,38.88,90.750818452381,26.96,25.45,23.7811224404762,2128.822,30.12,33.36,25.0,161.613372381771,23.7821755264853,12.73
7404,MINAS GERAIS,SCS19003,3d,C,27.76,74.70939086294419,28.4,24.77,22.2843401015228,1000.3,31.63,34.77,27.6,175.18762352708,22.2333964677546,12.68
7405,S. J. RIO PRETO,SCS19003,1/½,I,44.39,146.701389317691,27.139084,25.095256,32.3925564779722,4374.978,30.225046,32.96771,28.63713,162.828273656771,32.3167780099559,12.6573623
7406,ARACATUBA,SCS19003,3d,I,25.87,63.3755587599135,26.76,24.83,19.58303247296323,724.579,29.68,32.58,25.0,159.465242414786,19.57610922672573,12.69
7407,ARACATUBA,SCS19003,2d,I,87.01,176.894654046127,26.794429,23.776688,36.3952225176499,12380.748,29.408787,31.925905,24.472401,159.505618857343,36.3228879913415,12.645276
7408,ARACATUBA,SCS19003,2d,B,52.36,62.4085232903865,27.641069,24.372126,19.88443190973043,2046.488,30.592085,32.97155,28.169073,167.268963983527,19.8268791872378,12.5985966
7409,RIB. PRETO,SCS19003,2d,I,52.27246,113.93616183367,27.41,24.44,27.7083625385685,4117.22,30.34,32.913647,24.253046,165.291117532683,27.6259081644757,12.53
7410,ARACATUBA,SCS19003,4d,I,68.50999999999999,61.6977526101575,26.91,25.62,19.40993491417448,2820.42,30.11,32.6,24.4,160.319262274587,19.37113400384348,12.63
7412,GOIAS,SCS19003,1,I,34.91727,124.128538870468,27.75,25.98,29.6602448720986,2581.68,31.26,33.510721,30.616844,167.963032831876,29.487906989245,12.47
7413,MINAS GERAIS,SCS19003,1,B,27.430457,83.4632755206148,28.056667,26.276667,23.4746201776376,1114.711,31.726667,34.246666,22.0,171.115106458314,23.3708866923225,12.61
7414,ARACATUBA,SCS19003,3d,I,23.04,106.5380434782609,26.86,25.26,26.0483532608696,1055.7,29.94,33.11,28.5,160.629172710476,26.0511111918409,12.73
7416,MINAS GERAIS,SCS19003,2d,I,17.25,98.9333333333333,26.06,24.61,24.2228266666667,468.4,28.78,32.03,28.1,153.304782715351,24.2840957773879,12.77
7417,S. J. RIO PRETO,SCS19003,3d,C,73.1,76.1944353518822,27.71,25.71,22.0849457937807,3934.28,31.12,33.67,22.72,167.934545153514,22.0101300779824,12.51
7418,GOIAS,SCS19003,>5d,D,29.16,58.0534965034965,28.35,26.1,19.52974667832168,802.278,32.03,34.41,26.128656,173.773172886236,19.45022025187582,12.47
7419,ASSIS,PS321911049,5d,I,20.88,46.4740990990991,25.72,27.7,16.7298463963964,318.13,29.3,32.36,24.2,149.418966488722,16.73739506882798,12.58
7420,ASSIS,PS321911049,2d,I,12.54,94.7648148148148,28.12,26.16,25.3416881481481,56.693,31.77,35.11,27.57,172.534053304279,25.2865711932002,12.58
7421,GOIAS,PS321911049,5d,C,122.52,68.8083785740138,27.12,26.22,20.58942684039088,6290.462,30.56,34.09,23.5,163.287320019107,20.59438734909341,12.76
7422,ASSIS,SCS17,5d,C,151.57,75.94862792863799,26.55,25.35,21.30452536361682,8937.31,29.6,32.02,23.7,156.874453938024,21.26452255124727,12.63
7423,ASSIS,PT35001499,2d,C,21.34,105.6745182012848,25.86,24.69,24.9832882226981,886.92,28.57,30.77,23.8,150.187284863941,24.9446273311733,12.61
7424,ASSIS,PT35001499,4d,C,49.12,91.3771551724138,25.25,25.4,22.5174730603448,2958.48,28.03,30.33,24.8,144.468474438958,22.5149706509941,12.64
7425,S. J. RIO PRETO,AIC456PS321974039,4d,C,51.8,78.7314070351759,28.44,24.54,22.9706433165829,2667.91,31.6,33.94,24.29,174.771238087096,22.8619537424095,12.48
7426,ARACATUBA,AIC456PS321974039,5d,I,17.91,43.2981387478849,25.55,26.8,16.24089780033841,196.972,28.81,31.83,26.0,147.917801250231,16.25397420183716,12.74
7427,GOIAS,AIC456PS321974039,1/½,D,12.6,126.983333333333,21.1,23.7,22.4634833333333,80.99,22.69,25.19,23.8,106.354595488968,22.8492059046398,12.86
7428,MINAS GERAIS,AIC456PS321974039,4d,C,26.15,83.2862190812721,28.42,24.72,23.7051971731449,1020.7,31.63,35.08,25.0,175.688737772944,23.668751222019,12.72
7429,MINAS GERAIS,AIC456PS321974039,3d,C,46.95,83.4586552217454,27.45,24.27,23.0403622317597,2509.48,30.33,33.7,24.6,166.543611673027,23.0434786632662,12.75
7430,ARACATUBA,AIC456PS321974039,>5d,I,90.03,65.3347430475458,26.85,25.34,19.92020934256055,4173.71,29.95,32.44,24.2,159.789192520793,19.88229860830075,12.63
7431,RIB. PRETO,PS32187365,>5d,I,21.05,104.014364640884,26.87,24.33,25.6825360220994,844.73,29.66,32.205366,23.64,160.176387495491,25.634356150179,12.54
7432,GOIAS,BULL24988082,2d,I,76.14,102.3127533520424,25.93,26.1,24.5805665419395,5804.66,29.07,31.525103,24.48771,150.965220040718,24.5503316420497,12.53
7433,PARANÁ,BULL24988082,3d,C,27.89,84.3600377595972,24.2758,22.72,20.88277351529264,1161.801,26.18,28.45,24.0,135.656271271595,20.94777245842362,12.68434
7434,PARANÁ,BULL24988082,2d,A,40.96,111.7801450276243,23.9737,22.8,23.9473752251727,2901.633,25.85,28.13,24.0,132.830239242295,24.0564587953188,12.696002
7435,GOIAS,BULL24988082,4d,I,110.47,91.3673199959379,26.2,26.26,23.2701594394232,7827.3,29.44,31.92398,24.088804,153.524900045194,23.2324520292801,12.52
7436,PARANÁ,BULL24988082,fr,E,81.91,93.7859533686168,25.810675,24.861953,23.2951922153912,5729.656,28.555815,31.044838,25.303255,150.051171261098,23.2906466552431,12.65929943
7437,GOIAS,BULL24988082,1/½,B,82.88,121.298109480813,25.7,25.23,26.9738409988713,7759.05,28.53,31.69,27.7,149.727915232066,27.0534007575984,12.77
7438,MINAS GERAIS,BULL24988082,fr,I,17.38,143.245353159851,19.76,22.07,22.1846394052045,718.1,20.86,24.5,20.6,96.4314717161707,23.0812383231948,13.22
7439,PARANÁ,BULL24988082,3d,E,56.76,69.7831099195711,25.706592,25.01006,19.92009512158713,2598.372,28.4731,30.838781,22.431593,148.902021191473,19.91062453871835,12.6420551
7440,PARANÁ,BULL24988082,3d,C,24.87,91.2963480963481,26.451533,25.577023,23.4595379129386,1032.544,29.547382,31.510479,24.236179,155.383335729272,23.3697749012039,12.5566124
7441,ASSIS,BULL24988082,fr,I,43.17,104.8709977542509,27.3,25.02,26.2092626564004,2906.789,30.39,33.46,24.75,164.704671480207,26.1818352021019,12.58
7442,PARANÁ,BULL24988082,fr,D,51.0,69.2702564102564,26.5558,25.03,20.3361439825641,2245.54,29.5,31.53,25.0,156.514846208252,20.27640229743534,12.567377
7443,GOIAS,BULL24988082,3d,I,27.07,81.1771731917717,26.9,26.95,22.307398805574,1054.5,30.53,33.026707,23.537199,160.059314370164,22.2423248328398,12.5
7444,RIB. PRETO,PT35022994,5d,I,13.89,90.010582010582,26.3968,22.93,23.2310274708995,159.44,28.69,30.89,28.2,155.482538864591,23.1931563651827,
7445,RIB. PRETO,PT35022994,1/½,B,171.55,152.539185208399,25.7,24.22,31.2538683735506,22435.027,28.24,31.33,28.8,149.813911343898,31.3682548106539,12.76
7446,RIB. PRETO,PT35022994,2d,A,402.94,98.8188289763135,26.84,25.12,24.8839142200849,33952.953,29.87,32.47,24.99,159.846687677614,24.8358762921972,12.65
7447,RIB. PRETO,PT35022994,3d,D,54.96,89.5973230912477,26.19,24.78,23.011060146648,3345.581,28.99,31.95,24.0,154.175389805452,23.0324296583578,12.72
7448,RIB. PRETO,PT35022994,1,C,61.31,68.6893125126749,26.47,24.72,20.20294352058406,2807.35,29.3,32.0,21.3,156.527069617258,20.19314021607385,12.67
7449,RIB. PRETO,PT35022994,1,A,461.3,76.9235477409303,25.97,24.64,21.06981961940797,29182.15,28.68,31.52,21.2,151.994231371009,21.08892216387054,12.71
7450,ARACATUBA,BULL24985476,fr,E,44.56,117.485257985258,27.5046,24.41,28.3550673095823,3446.6,30.44,32.46,26.4,165.562739968002,28.1986052424478,
7451,RIB. PRETO,BULL24985476,2d,I,31.14,117.368861024033,23.73,23.15,24.3597673981191,2028.76,25.65,28.24,22.95,130.939038056304,24.5324709712869,12.65
7452,MINAS GERAIS,BULL24985476,fr,D,17.11,114.592954990215,26.23,25.48,26.5989774951076,536.25,29.25,32.61,26.0,154.873145070923,26.6577781415717,12.78
7454,RIB. PRETO,BULL24985476,1/½,B,74.89,128.994736842105,27.627,25.058,30.2827675263158,7369.799,30.7998,33.98,31.69,167.893160742457,30.2386793165478,
7455,RIB. PRETO,BULL24985476,3d,I,85.83,100.0195042665583,26.62,24.47,24.8684515237708,6510.48,29.41,31.770187,23.774704,157.582614888522,24.8141095923169,12.52
7456,S. J. RIO PRETO,BULL24985476,fr,I,22.34,100.0962282398453,27.31,25.63,25.4875325435203,922.915,30.6,34.11,27.0,165.14948950306,25.4918923820773,12.76
7457,S. J. RIO PRETO,BULL24985476,1/½,I,206.81,130.661362353062,26.84,24.51,29.6093461731944,23128.42,29.68,32.27,28.55,159.919362938731,29.5523131247068,12.55
7458,RIB. PRETO,BULL24985476,4d,C,19.7,99.7428571428572,24.799256,23.4776,23.2304329074286,687.62,26.978473,29.59,23.37,140.908705745054,23.3108181526589,12.72024035
7459,SÃO CARLOS,BULL24985476,2d,I,14.37,89.957805907173,25.44,24.84,22.4775291139241,196.76,28.1,31.34,21.77,147.447684196223,22.5592042751452,12.66
7460,RIB. PRETO,BULL24975201,>5d,I,30.74,94.2604055496265,28.05,24.34,25.202795090715,1553.56,31.07,33.453197,23.44,171.147500885349,25.0915379650384,12.5
7463,MATO G. DO SUL,BULL24975201,2d,C,50.36,103.4110792492179,26.17,24.64,24.9529499296142,3518.529,28.92,31.29,25.084012,153.325762213967,24.9187404496971,12.53
7464,RIB. PRETO,BULL24975201,3d,B,33.32,106.3480300187617,27.659613,25.0144,26.7745363740619,2023.5,30.821905,33.41,23.54,167.58983792993,26.6795946996273,12.6256271
7465,ARACATUBA,BULL24975201,1/½,B,50.08,133.880278361345,27.07,24.42,30.3673579490546,4653.201,29.93,33.01000000000001,29.0,162.639046424022,30.3599289102473,12.71
7466,S. J. RIO PRETO,BULL24975201,3d,D,46.48,73.99709976798141,26.25,25.4,20.83458671693736,2149.66,29.24,32.1,24.9,154.536081909063,20.83682369065336,12.58
7467,S. J. RIO PRETO,BULL24975201,1/½,I,35.29,144.903477887505,26.685148,24.36722,31.5170724249274,3107.322,29.456892,32.661331,28.182566,159.161733863587,31.5583062424261,12.74
7468,RIB. PRETO,BULL24975201,5d,I,50.66,101.4837040869115,28.1351,25.21,26.4382851381273,3471.44,31.46,33.85,24.5,171.853975839282,26.3043258711186,
7469,MATO G. DO SUL,BULL24975201,2d,A,105.47838,89.4833710211923,25.4893,25.0576,22.4519643671617,7255.02,28.2256,30.29,24.42,146.473599205488,22.419467779794,12.5981441
7470,RIB. PRETO,BULL24975201,2d,A,224.19,112.288373627409,27.9139,24.927,27.9597914906923,21292.19,31.1028,34.27,25.11,170.604279910632,27.9061652825836,
7471,MINAS GERAIS,BULL24975201,1/½,I,44.14,91.667703795893,26.57,24.25,23.6075844430616,2572.52,29.28,31.61,28.4,157.104393015002,23.560133802202,12.62
7473,S. J. RIO PRETO,BULL24975201,2d,E,45.92,60.4908608490566,25.13,26.38,18.36685002948113,1656.81,28.17,33.84,28.0,146.648747486038,18.52923367784523,13.1
7474,ARACATUBA,BULL24975201,2d,I,37.63,91.3976199765899,26.649251,25.356339,23.6311566383968,2046.961,29.711363,32.52317,26.691647,158.248465087343,23.6117800531644,12.68
7475,S. J. RIO PRETO,BULL24975201,5d,I,128.47,62.9517901605564,26.922624,26.10951,19.60334406692882,5946.355,30.281343,33.504759,24.042686,161.143584956268,19.59913264448487,12.72957313
7476,PARANÁ,BULL24975201,>5d,D,36.31,17.22270670505965,25.365,25.53,12.69801475113122,138.964,28.21,30.8,22.0,145.883018558181,12.69923173871744,12.683654
7477,S. J. RIO PRETO,BULL24975201,fr,I,51.34,147.145805795628,26.658646,24.950246,31.8105452554286,5328.636,29.598522,32.618647,26.0,158.623295813421,31.8155234611155,12.72
7478,SÃO CARLOS,BULL24975201,1/½,I,117.33,119.22795025159,26.49,24.04,27.5373299914554,11306.32,29.12,32.36,27.15,157.422107478945,27.5933145062338,12.64
7479,SÃO CARLOS,BULL24975201,3d,I,33.65567,98.0684522806267,25.81,24.57,23.8860532599546,1875.87,28.47,31.0939,24.685911,150.247433608088,23.8987426424168,12.57
7480,SÃO CARLOS,BULL24975201,2d,I,28.74548,92.0263712954182,25.27,24.17,22.619499470902,1352.08,27.72,30.648724,24.72924,145.603000377353,22.6917633143799,12.63
7481,RIB. PRETO,BULL24975201,4d,C,100.88,96.2735148514852,27.7233,25.38,25.2505775606436,7502.23,31.02,33.53,23.6,168.061215720283,25.1518271807441,
7482,MINAS GERAIS,BULL24975201,2d,D,98.43417,114.770004038912,27.22,25.01,27.6415946147224,8894.84,30.29,32.81,23.0,163.361592943372,27.5554315181265,12.63
7483,ARACATUBA,BULL24975201,5d,C,40.52,62.9862201963534,27.35,25.97,19.82638480014025,1466.127,30.76,33.76000000000001,24.0,164.964502944543,19.79908182935622,12.68
7484,ARACATUBA,BULL24975201,2d,B,214.87,111.1595011583773,26.993338,24.216769,26.8673191677894,20128.488,29.772743,32.955034,25.839618,162.059539639581,26.8798290947166,12.7341783
7485,ARACATUBA,BULL24975201,1/½,I,25.03,108.5741366078281,26.67,24.86,26.1674258403684,1270.361,29.59,32.72,31.0,158.861322195895,26.1830053921526,12.73
7487,ARACATUBA,BULL24975201,2d,D,25.63,88.1188554658841,26.5332,24.89,23.0625055025679,1049.5,29.43,32.07,29.2,157.029935896209,23.0395127287099,
7489,ARACATUBA,BULL24975201,1/½,I,24.71,125.357671125098,25.8685,24.88,27.7210086199843,1452.776,28.63,31.59,29.4,151.140583919745,27.7726525521286,
7493,PIRACICABA,BULL24975952,3d,B,96.08,52.3200523311132,28.31,25.59,18.57620053520457,3402.11,31.8,34.27,25.6,173.548477850086,18.51364308092714,12.59
7494,PIRACICABA,BULL24975952,2d,B,38.25,85.1093333333333,28.51,24.52,24.0703509333333,1931.12,31.67,33.93,25.1,175.352194207977,23.9425700170824,12.56
7495,PIRACICABA,BULL24975952,4d,A,44.66,29.9298836497244,25.53,27.4,14.42591325780772,597.59,28.96,31.76,25.5,147.402304595912,14.42774756730925,12.7
7496,MINAS GERAIS,BULL24975952,2d,C,12.01,172.0,23.71,23.46,30.736,13.6,25.7,28.7,24.3,131.255431532459,31.0808690451935,12.83
7497,GOIAS,BULL24975952,1/½,C,48.46,117.563082830499,26.97,25.49,27.8027934997257,3860.83,30.15,33.4,,161.71056226553,27.8039084850368,12.74
7498,GOIAS,BULL24975952,3d,I,83.49,106.0331514897189,25.7,25.23,24.8825417540915,6734.43,28.53,31.69,23.6,149.727915232066,24.95098991738,12.77
7499,S. J. RIO PRETO,BULL24975952,4d,I,35.28,84.0845360824742,27.71,26.04,23.3244806185567,1690.128,31.23,34.38,26.0,168.499482304713,23.2811925790826,12.69
7500,SÃO CARLOS,BULL24975952,3d,I,16.85,79.9278350515464,27.1,24.32,22.2571030927835,341.45,29.93,32.78,26.0,162.687906863384,22.2359032816787,12.57
7501,PIRACICABA,BULL24975952,3d,I,17.07,103.3491124260355,27.9878,23.78,26.6047133964497,475.14,30.809,33.33,23.86,170.782411778876,26.5046323848656,12.6163917
7502,S. J. RIO PRETO,SCS19007,1/½,E,32.76000000000001,105.7023121387283,26.28,24.41,25.3806901734104,1957.26,28.98,31.76,,154.875119159237,25.3877290123169,12.69
7503,GOIAS,BULL24987935,2d,D,30.68,98.2612419700214,27.07,24.98,24.9995691648822,1623.36,30.1,33.12,25.1,162.491461517505,24.9815803763837,12.7
7504,MINAS GERAIS,BULL24987935,2d,D,110.78,91.2334480664102,29.05,24.42,25.5093028953229,7838.68,32.28,35.15,26.7,181.112736843933,25.3993852520923,12.64
7505,GOIAS,BULL24987935,4d,I,110.1,100.8154128440367,26.79,24.08,25.135799559633,8724.792,29.49,32.51000000000001,24.3,159.99194975575,25.1439661151509,12.72
7506,MINAS GERAIS,BULL24987935,3d,I,21.54,123.389937106918,27.05,23.66,28.7641855345912,1074.66,29.67,32.5,24.9,162.290752715602,28.7408774927424,12.68
7507,ARACATUBA,BULL24975033,3d,I,20.94,101.9234899328859,26.69,24.73,25.2097606711409,815.916,29.57,32.36,29.0,158.698481043068,25.191639383246,12.68
7508,ARACATUBA,BULL24975033,fr,I,13.88,166.235638297872,26.071185,23.266104,33.7027820008245,301.963,28.40983,31.040504,26.711853,152.902621721016,33.7322057989845,12.68559265
7509,S. J. RIO PRETO,BULL24975033,fr,D,73.41,121.156814851001,26.01,24.17,27.2928697606253,6715.32,28.59,31.55,23.63,152.580924584023,27.3453659564008,12.62
7510,S. J. RIO PRETO,BULL24975033,1/½,D,46.97,131.444094938519,28.01,24.5,31.1229995996569,4188.96,31.07,33.35,28.95,170.636348367969,30.9481750551636,12.48
7511,MATO G. DO SUL,BULL24975033,2d,A,70.35096,36.6102206373297,27.2526,25.9888,15.75369851292935,1448.03,30.6496,32.63,21.9,162.949934216632,15.71491118626172,12.5402663
7512,S. J. RIO PRETO,BULL24975033,2d,I,31.96,110.9794589178357,27.87,24.77,27.7080401302605,1987.63,30.99,33.413902,27.50311,169.434952499712,27.5828264131766,12.5
7513,S. J. RIO PRETO,BULL24975033,4d,D,33.53,36.5573618207153,25.11,26.01,15.21947013469577,540.72,28.03,31.2,24.32,144.084940920338,15.24365768524855,12.64
7514,SÃO CARLOS,BULL24975033,1/½,I,80.65,112.702694828842,26.79,24.23,26.8939285651857,6925.24,29.53,32.73999999999999,28.26,160.176816386296,26.9218047212585,12.63
7515,S. J. RIO PRETO,BULL24975033,2d,I,129.99804,81.9669248743454,27.27,25.68,22.6839494283125,8267.96,30.57,33.123915,25.389347,163.782378193535,22.6197462523166,12.51
7516,S. J. RIO PRETO,BULL24975033,4d,E,16.95,58.4242424242424,25.4,26.28,18.22084848484849,241.8,28.47,32.37,28.6,147.523350842142,18.29156889364127,12.87
7517,ARACATUBA,VIC456654,3d,D,24.2,85.6295081967213,26.7861,24.75,22.8869327114754,910.28,29.69,33.04,25.7,160.204283569151,22.912208511844,
7520,SÃO CARLOS,VIC456654,4d,E,98.56,71.6559265249538,26.315,26.995,20.53974588204714,5175.817,29.82,32.329,22.458,154.539173755063,20.50330647645963,12.639
7521,SÃO CARLOS,VIC456654,4d,A,60.14,71.29422517656829,26.424,27.023,20.55259903946822,2866.424,29.963,32.454,21.945,155.545503484804,20.51141940671187,12.633
7522,SÃO CARLOS,VIC456654,5d,B,62.82,72.8052931916568,26.851,26.625,21.03019409189296,3102.125,30.364,32.959,23.206,159.742534284402,20.9835281140415,12.634
7528,PARANÁ,VIC456654,fr,A,176.88,91.2598799126638,24.956248,25.36,22.2691066059869,13080.369,27.671614,29.882915,25.3821535,141.595269365635,22.2717054871695,12.63791734
7529,ARACATUBA,VIC456654,4d,D,26.51,60.3762922122674,27.6159,25.59,19.55439341557547,713.94,30.96,33.05,21.2,166.562712074401,19.47717092443176,
7530,PARANÁ,VIC456654,1/½,D,27.83,108.6878079595704,26.122832,24.933303,25.6550566826128,1542.568,28.952486,30.990429,29.939718,152.440149528939,25.5788502074674,12.5790427
7531,RIB. PRETO,VIC456654,>5d,C,75.57,77.4656284410886,26.9619,27.55,21.79490186172723,4173.65,30.81,33.41,24.0,160.6743121845,21.73305728020491,
7532,MATO G. DO SUL,VIC456654,>5d,I,74.09,88.4334031244967,25.55,24.36,22.3567261233693,4757.75,28.1,30.29,23.6,147.29535700832,22.3410845630896,12.62
7534,RIB. PRETO,VIC456654,4d,I,17.88705,101.4879438768144,27.32,24.99,25.709553001928,538.82,30.41,33.095425,,164.488469799517,25.6458796272805,12.54
7539,ARACATUBA,VIC456654,5d,C,103.14,53.4147245995172,25.8212,26.72,17.72401191634848,3786.538,29.12,31.71,23.1,150.008333731047,17.71557713390957,
7541,ARACATUBA,BULL24036152,5d,C,23.6,69.67758620689659,26.55,26.82,20.39208879310345,681.06,30.06,32.23,22.9,156.408624620067,20.32914089554328,12.58
7542,GOIAS,BULL24036152,3d,C,18.98,69.9249283667622,26.35,24.21,20.31222722063037,416.316,29.01,32.1,22.8,155.913308622263,20.33616809296832,12.74
7543,ARACATUBA,BULL24036152,2d,D,72.25999999999999,71.6274477265184,27.199701,24.410009,21.0631937683621,3605.15,30.079647,32.649946,24.999095,163.305335042144,21.02195095596877,12.6400453
7544,RIB. PRETO,VIC450470,4d,I,32.16,86.6478174603175,28.0528,25.85,23.9830648412698,1516.9,31.58,33.98999999999999,24.5,171.016980915222,23.8702705644503,
7545,GOIAS,BULL24036088,5d,C,12.27,72.03703703703701,27.25,25.33,21.15564814814815,28.21,30.43,33.88,24.1,164.573816777875,21.16007988877536,12.75
7546,GOIAS,BULL24036088,4d,C,22.71,106.2054154995332,26.85,25.51,25.9895042016807,1020.94,30.0,33.69,24.7,161.025373538606,26.0389972341775,12.79
7547,PARANÁ,BULL24036088,BIS,E,16.37,39.2569794050343,26.6626,26.34,15.99658186224256,131.113,30.04,31.98,35.0,157.270315117602,15.95962998732331,12.544053
7548,ARACATUBA,BULL24036066,3d,I,18.98,84.5014326647565,27.55,24.97,23.2739727793696,518.06,30.68,33.51000000000001,23.3,166.816989745931,23.2244535574249,12.67
7549,PARANÁ,BULL24036059,>5d,C,18.6,38.8507575757576,26.7244,28.73,15.95361294848485,189.215,30.91,32.69,28.0,157.425285347291,15.90477908224547,12.50598
7559,S. J. RIO PRETO,VIC457870,5d,C,51.0,69.9420512820513,28.1,24.76,21.32867025641026,2271.74,31.27,33.43,23.87,171.325803535144,21.23166387898737,12.47
7561,SÃO CARLOS,VIC457870,>5d,D,18.6,45.6122727272727,28.315,26.75,17.48384229545455,233.841,32.22,34.5,23.93,173.263477143104,17.42043197468233,12.56
7562,SÃO CARLOS,VIC457870,5d,D,14.59,73.68185328185331,26.938,26.59,21.21403524324324,171.756,30.46,33.04,23.22,160.553201169362,21.16303675907822,12.63
7563,PARANÁ,VIC457870,2d,B,292.23,122.992748813475,26.41368,24.240422,27.998139637178,31115.498,29.091743,30.921356,26.254997,155.014103966654,27.873528518355,12.5427596
7564,PIRACICABA,VIC457870,1/½,B,14.36,137.969915254237,26.98,28.63,30.8702933050847,309.289,31.2,34.03,30.0,160.932436543428,30.7610064099827,12.65
7565,PIRACICABA,VIC457870,4d,I,21.33,56.4161843515541,28.3,26.0,19.23983804930332,426.403,31.93,35.16,24.0,174.152791426418,19.20220827711487,12.69
7566,S. J. RIO PRETO,VIC457870,2d,D,138.42,114.571112165797,27.16,24.35,27.5497806043348,12979.04,30.01,32.8,26.82,163.183379697454,27.5070473965518,12.56
7567,S. J. RIO PRETO,VIC457870,5d,I,70.78,62.3047805375978,27.192656,25.2601185,19.64263225863219,2968.915,30.345142,33.34921,24.937805,163.587351563621,19.62556845268366,12.69734454
7568,S. J. RIO PRETO,VIC457870,4d,I,234.62209,76.583078884939,27.52,25.3,22.0232938429425,14389.62,30.75,32.80696500000001,25.379899,165.649168727648,21.92313638454303,12.46
7569,RIB. PRETO,VIC457870,4d,I,18.18,98.5695792880259,27.12,24.39,25.0893203883495,547.0,29.98,32.655397,23.54,162.672845079061,25.0436848086242,12.55
7570,S. J. RIO PRETO,VIC457870,2d,I,102.19,128.125224526001,26.840893,25.455205,29.2340203179135,10485.334,29.974201,33.260336,29.572475,160.540325540469,29.2492786545522,12.7371376
7571,RIB. PRETO,VIC457870,5d,A,143.44,81.9852784540475,27.71,25.08,22.9946872451309,9210.865,30.9,33.64,23.6,168.219250448476,22.9330477425192,12.65
7572,PARANÁ,VIC457870,4d,B,19.79,41.8657252888318,27.7037,25.6,16.69002390218229,244.654,31.07,33.21,26.0,167.449202842695,16.64260318846782,12.557087
7573,S. J. RIO PRETO,VIC457870,5d,B,83.66,64.6987719787887,26.930953,25.919423,19.86842887573012,3788.394,30.234058,33.051231,24.069396,160.829083165911,19.84310991757255,12.67065793
7574,PARANÁ,VIC457870,2d,D,36.29,44.8019761218608,26.8774,25.2,16.88008119555373,808.76,29.94,32.42,25.0,160.055168204924,16.85650209217602,12.627402
7575,S. J. RIO PRETO,VIC457870,1,C,74.25,111.6912449799197,25.25,23.85,25.2090899598394,6217.78,27.61,30.96,22.36,145.965952554793,25.3552325951082,12.69
7580,S. J. RIO PRETO,VIC457870,>5d,I,108.32,76.1963870431894,27.710885,26.500752,22.0858205425104,6195.396,31.388098,34.340885,23.0,168.247556920075,22.0305286385939,12.66
7581,S. J. RIO PRETO,VIC457870,4d,B,62.5,80.6027920792079,27.1404915,24.843542,22.3867999035151,3476.441,30.148438,33.264894,23.9138975,163.276453129825,22.3779870605454,12.71258307
7582,S. J. RIO PRETO,VIC457870,1/½,I,16.18,98.9545454545455,26.68,25.6,24.7649272727273,375.47,29.83,33.12,31.0,159.007696152003,24.7829873972174,12.75
7583,PARANÁ,VIC457870,2d,E,33.84,87.2307234432234,25.942421,24.230119,22.4889841837999,1655.039,28.5315,31.01198,25.078076,151.369904742077,22.4848987599596,12.65888083
7584,S. J. RIO PRETO,VIC457870,>5d,I,106.0,80.0468404255319,27.689688,25.851439,22.6763369566238,6408.403,31.140703,34.66852799999999,25.031042,168.703911781524,22.663206079054,12.7430745
7585,S. J. RIO PRETO,VIC457870,>5d,I,22.7,61.2417757009346,26.95,25.24,19.36164546728972,538.887,30.04,32.98999999999999,24.0,161.247676940614,19.34922063179525,12.69
7586,RIB. PRETO,VIC457870,3d,C,145.81,93.0004185038487,27.21,25.07,24.3201636544354,10850.666,30.3,33.01000000000001,24.15,163.466103515704,24.2688177739193,12.65
7587,RIB. PRETO,VIC457870,3d,A,147.46,104.7685073084305,27.15,25.36,26.0544288572272,12578.422,30.32,32.97,27.1,162.795117488409,25.9890379587991,12.64
7588,S. J. RIO PRETO,VIC457870,3d,I,116.12,104.5351517479831,27.51,25.15,26.3522020361122,9646.76,30.69,32.895971,26.563562,165.738618443299,26.2262263871759,12.48
7590,S. J. RIO PRETO,VIC457870,3d,I,93.59,104.383061649712,27.05343,25.456671,25.9068195172962,7549.534,30.23897,33.730307,25.389068,162.74530826824,25.9263131071497,12.7615834
7591,S. J. RIO PRETO,VIC457870,3d,B,83.61,103.4958944281525,26.923369,25.197321,25.6542699453636,6564.021,29.990448,33.156431,27.2218485,161.232053082716,25.6541201741526,12.7226423
7593,GOIAS,VIC457231,>5d,E,15.12,80.5673076923077,26.82,25.8,22.161675,225.93,30.06,33.23999999999999,21.7,160.180319696988,22.1603255746079,12.73
7595,RIB. PRETO,BULL24015935,2d,I,53.85,109.6219832735962,25.76,22.56,25.4327848984468,4097.48,27.85,30.0,24.67,149.460988111999,25.4192142822416,12.54
7596,S. J. RIO PRETO,BULL24015935,1/½,I,13.6,127.3,27.0,24.32,29.295,196.48,29.81,32.39,23.77,161.444101471852,29.2309048997046,12.54
7597,MINAS GERAIS,AIC456PS321OUTRAS,fr,D,44.92,86.4775212636695,26.03,24.69,22.4491962332928,2463.8,28.77,33.3,,154.331643877794,22.6005080334014,12.95
7598,SÃO CARLOS,VIC450618,3d,E,85.29,56.7716332378224,26.933,27.03,18.68574799140401,3293.313,30.6,33.13,22.77,160.39574338239,18.64391979677036,12.62
7599,PIRACICABA,VIC450618,3d,C,44.1,67.96146417445479,26.930374,26.907481,20.35525589712212,1808.363,30.554796,33.17087,24.830584,160.477278012745,20.3090058742308,12.6318591
7601,SÃO CARLOS,VIC450618,2d,E,66.28999999999999,54.3051206483699,27.479,27.03,18.54840962516117,2308.745,31.28,33.72,27.41,165.468233833211,18.49249214800624,12.6
7602,ARACATUBA,BULL24975242,fr,I,41.46,88.5845213849287,26.1904,24.86,22.8676499226069,2268.18,29.01,31.38,26.2,153.488725808618,22.8358463474164,
7604,PIRACICABA,BULL24975242,fr,D,28.11,92.6158286778399,25.571254,24.245605,22.9405788740745,1310.721,28.093401,31.149265,24.84294,148.56402616386,23.0092221367818,12.7568588
7605,ARACATUBA,BULL24975242,2d,C,153.75,75.63865961199289,27.639811,24.5555935,21.95296608624903,9032.78,30.649109,33.21878,28.484468,167.443259123346,21.89220065632942,12.6232908
7606,ARACATUBA,BULL24975242,2d,B,42.42,90.4813280736358,26.75553,24.309394,23.5803359083037,2399.402,29.522348,32.319166,25.55303,159.384116434205,23.5669011947158,12.6844697
7607,ARACATUBA,BULL24975242,2d,D,112.57,116.595803917669,26.9797,24.23,27.6681376394551,10531.2,29.76,32.06,25.3,160.941974228399,27.5787055315042,
7608,MATO G. DO SUL,BULL24975242,5d,D,24.854518,95.7395847903438,27.11,26.15,24.6530512618209,1088.432,30.53,32.61,26.525766,161.691030579006,24.5350647475246,12.45
7609,ARACATUBA,BULL24975242,1,B,15.64,87.0,25.9896,24.76,22.4922,285.0,28.74,31.86,21.5,152.47607781122,22.5357058358415,
7611,ARACATUBA,BULL24975242,4d,E,74.95,72.44384432088961,27.8617,24.91,21.58742125464655,3816.94,31.03,32.97,25.5,168.80284401833,21.47776669291666,
7612,ARACATUBA,BULL24975242,4d,D,81.26,75.02220617961311,26.2455,24.94,20.97782838131678,4376.918,29.1,31.42,23.1,153.938796773645,20.94529611515483,
7614,S. J. RIO PRETO,BULL24975242,2d,D,14.43,108.6666666666667,25.84,23.47,25.3786666666667,246.9,28.19,31.1,27.37,151.037796460407,25.440320324506,12.63
7615,S. J. RIO PRETO,BULL24975242,fr,C,12.47,112.255319148936,24.4,23.77,24.4316595744681,59.12,26.59,30.86,27.5,139.114506056397,24.7439053731434,12.84
7616,ARACATUBA,BULL24975242,4d,C,48.38,56.262231995602,26.05,26.01,18.21884359538208,1622.26,29.19,31.64,24.4,152.103112336709,18.2012764615533,12.64
7617,ARACATUBA,BULL24975242,3d,B,55.11,113.06416144746,25.867317,23.415112,26.0148876413111,4368.876,28.37655,30.895288,25.950467,150.794727954937,26.027172794094,12.63681304
7618,MATO G. DO SUL,BULL24975242,4d,I,201.07298,68.3722114074682,28.16,25.55,21.10974936344686,10670.462,31.61,33.55,24.206348,171.566553952063,20.99511951294688,12.43
7619,ARACATUBA,BULL24975242,1/½,I,119.79,110.8075795528342,27.006207,24.163417,26.827269919388,10662.469,29.766571,32.255184,30.018616,161.420176752464,26.7638460012677,12.6327221
7620,ARACATUBA,BULL24975242,4d,C,49.81,64.2053689500132,27.81,25.08,20.25366883099709,1985.885,31.03,33.68,26.0,169.068045302428,20.19979525527065,12.63
7621,PIRACICABA,BULL24975242,2d,B,45.1,112.502960725076,26.2,25.52,26.2714204229607,3338.648,29.22,31.95,26.0,153.902401817155,26.2616115166234,12.68
7622,GOIAS,BULL24975242,1/½,C,242.61,114.30419322666,26.55,24.5,26.885260114479,23604.37,29.33,32.75,,158.103079397534,26.9469576656953,12.78
7623,ARACATUBA,BULL24975242,5d,C,37.42,71.8796223446106,26.4,25.92,20.62266561762392,1534.14,29.59,31.62,22.8,154.934914210812,20.55888868280271,12.57
7624,S. J. RIO PRETO,BULL24975242,1/½,I,68.16,138.553151709402,26.7,25.19,30.6033133012821,7119.225,29.72,32.59,29.0,158.814320434589,30.5798149670713,12.69
7625,RIB. PRETO,BULL24005014,2d,I,55.9,113.635307517084,27.82,24.51,28.0787056492027,4473.79,30.85,33.22,26.37,168.934532528857,27.9500894736203,12.5
7627,RIB. PRETO,BULL24005014,1,C,87.36,43.958466029724,24.65,24.67,16.04274595276009,2420.39,27.11,30.02,19.4,139.697859643232,16.0810277094767,12.76
7628,RIB. PRETO,BULL24975375,2d,D,35.19,88.9476067270375,27.89,24.85,24.2269747089263,1796.415,31.04,33.75,26.5,169.919838965954,24.1515536631493,12.64
7629,MINAS GERAIS,BULL24975375,2d,C,26.19,64.3706835799859,27.36,24.29,20.04413699788583,755.14,30.23,33.35,20.9,165.432451808931,20.03536238458696,12.72
7630,MINAS GERAIS,BULL24016916,2d,A,53.49,131.704989154013,25.9,23.84,28.6389934924078,4978.56,28.37,30.69,26.8,150.826893242954,28.6182717499331,12.64
7631,ARACATUBA,BULL24985517,1/½,C,32.3,129.781280788177,26.3,24.51,28.8427231527094,2402.96,29.04,31.44,,154.604545089783,28.7961459668901,12.64
7632,RIB. PRETO,AIC456PS321015503,1/½,I,71.41,125.602760478034,23.7,23.86,25.29152297593,6761.14,25.78,28.62,24.14,130.881103898431,25.5052215715377,12.68
7633,RIB. PRETO,AIC456PS321015503,1/½,C,25.1,129.451145038168,25.86,24.31,28.2787287022901,1550.61,28.46,31.3,26.2,151.00995836446,28.3268787816138,12.72
7634,GOIAS,AIC456PS321015503,fr,D,40.16,108.2404119318182,26.7,25.76,26.1473405539773,2722.13,29.9,33.26000000000001,,159.242935983686,26.1707208131203,12.76
7635,GOIAS,AIC456PS321015503,3d,D,30.89,108.3213340391742,26.42,25.02,25.8895363684489,1831.51,29.34,32.12,21.8,156.101298196102,25.8800292790254,12.68
7636,GOIAS,AIC456PS321015503,2d,D,56.33,112.616061357997,26.43,25.22,26.5188976539589,4472.31,29.41,32.14,21.1,156.11120990099,26.4999023377732,12.68
7637,MINAS GERAIS,AIC456PS321015503,1/½,I,206.15,109.4338913211435,27.51,24.37,27.1119965439094,18928.79,30.43,33.47,,166.749592246244,27.0778549529118,12.7
7639,S. J. RIO PRETO,BULL24005983,3d,I,12.14857,95.0584909470283,26.37,24.93,23.935505149088,24.34,29.25,31.51431,36.253647,155.049033553137,23.8814368583544,12.51
7640,RIB. PRETO,BULL24005983,1/½,I,29.62,98.3246311010216,27.41,24.05,25.3026256526674,1533.04,30.21,33.045837,31.630886,165.634513189057,25.2624426754304,12.57
7641,S. J. RIO PRETO,SCS120BT,4d,D,15.51,66.7464387464388,26.8,25.94,20.10247293447294,204.16,30.08,32.85,25.11,159.541029510667,20.07734593469223,12.55
7642,RIB. PRETO,BULL24015177,2d,A,26.82,108.7651821862348,27.541312,24.3576,27.0385788709312,1446.06,30.466812,33.17,24.78,166.685110457447,26.9681328949128,12.6489753
7643,RIB. PRETO,BULL24015177,2d,I,20.57,116.204200700117,27.24,24.49,27.8807201866978,905.03,30.15,32.72,25.73,163.675177438204,27.8051906309964,12.53
7645,S. J. RIO PRETO,BULL24015177,1/½,I,14.34,140.534188034188,26.48,24.15,30.6117504273504,312.77,29.14,31.97,26.13,156.852765170415,30.6185325556862,12.59
7646,RIB. PRETO,BULL24015177,1/½,I,24.03,136.55527847049,26.67,23.64,30.272259351621,1510.4,29.22,31.65,27.77,158.247896126871,30.2159474278058,12.54
7647,ARACATUBA,BULL24075322,1/½,E,60.51,117.92970521542,24.64,24.03,25.389514739229,5150.65,26.94,29.71,,139.532232422119,25.5094517859394,12.75
7648,ARACATUBA,BULL24075322,5d,C,30.18,70.1441144114412,26.07,26.46,20.18087689768977,1069.06,29.35,31.54,24.5,151.935348151606,20.13641689313183,12.6
7649,ARACATUBA,BULL24075322,2d,C,39.41,94.8828894564028,25.42,24.61,23.1228837650493,2283.82,28.02,30.56,25.6,146.472538751654,23.1454725642752,12.68
7650,MINAS GERAIS,AIC456SCS1058069,fr,D,12.62,98.4838709677419,26.03,24.69,24.1336870967742,65.62,28.77,33.3,,154.331643877794,24.3093915237537,12.95
7651,MINAS GERAIS,SCS19004,5d,I,43.29,60.1639821029083,26.2043,26.64,18.8413565098434,1519.051,29.568213,32.925259,22.0,154.441617167201,18.86055549995038,12.7613
7652,MATO G. DO SUL,SCS19004,5d,E,37.745646,46.6443045165773,26.8,26.26,17.12735706845344,903.94,30.18,31.97,28.23992,158.408806331163,17.0722312704454,12.42
7653,MINAS GERAIS,SCS19004,4d,I,52.04,78.3189310689311,29.53,28.77,23.6257086163836,2667.41,34.53,39.3,26.8,186.610985145292,23.5800138877288,12.81
7655,ASSIS,SCS19004,4d,I,37.31,51.6001580403003,27.14,24.82,17.99546392730146,1014.28,30.13,33.26000000000001,26.8,163.29153708301,17.99116877864714,12.6
7656,S. J. RIO PRETO,SCS19004,3d,C,15.17,47.8454258675079,26.99,25.25,17.37322933753943,125.63,30.09,33.0,24.68,161.580747249917,17.36178558675332,12.57
7657,MINAS GERAIS,SCS19004,3d,I,40.01000000000001,90.5280257051053,26.1104,24.04,23.0806185390932,2211.57,28.673656,31.518694,22.0,153.410705091715,23.1047034844193,12.711
7660,MINAS GERAIS,SCS19005,5d,I,31.38,80.8405572755418,26.72,25.81,22.1333300309598,1346.13,29.94,33.4,26.7,159.52427959752,22.1556536191661,12.77
7661,RIB. PRETO,SCS19005,5d,I,16.79,64.4613778705637,26.75,25.01,19.73805323590814,263.29,29.73,32.433395,23.27,159.12739967125,19.71850610926688,12.55
7662,GOIAS,SCS19005,4d,C,52.49,73.8545319832057,27.24,25.56,21.42663067424055,2516.49,30.49,33.98,24.1,164.483044355673,21.43176734399454,12.76
7663,MATO G. DO SUL,SCS19005,5d,B,55.76,96.842550274223,26.93,25.28,24.6669927559415,3724.71,30.03,32.57,22.69,160.607903154336,24.6082734945187,12.53
7664,RIB. PRETO,SCS19005,1/½,B,28.12,130.782258064516,28.0564,24.84,31.072154483871,1926.77,31.24,33.39,28.4,170.892611710848,30.8736232087829,
7665,MINAS GERAIS,SCS19005,2d,I,138.35,118.384329244163,27.77,25.42,28.7768087218045,13453.66,31.09,33.96,29.1,168.873603396269,28.6888930734269,12.66
